DateTime,temp,Humi,1-SetCurr,1-OutVolt,1-OutCurr,1-Res,2-SetCurr,2-OutVolt,2-OutCurr,2-Res,3-SetCurr,3-OutVolt,3-OutCurr,3-Res,4-SetCurr,4-OutVolt,4-OutCurr,4-Res,5-SetCurr,5-OutVolt,5-OutCurr,5-Res,6-SetCurr,6-OutVolt,6-OutCurr,6-Res,7-SetCurr,7-OutVolt,7-OutCurr,7-Res,8-SetCurr,8-OutVolt,8-OutCurr,8-Res,9-SetCurr,9-OutVolt,9-OutCurr,9-Res,10-SetCurr,10-OutVolt,10-OutCurr,10-Res,11-SetCurr,11-OutVolt,11-OutCurr,11-Res,12-SetCurr,12-OutVolt,12-OutCurr,12-Res,TB1-Volt,TB1-Min,TB1-Max,Rectifier_Voltage,Rectifier_Current,Prev_Time_Diff,Is_Continuous,Segment,TB_Lag1,TB_Lag2,TB_Lag3,TB_Lag4,TB_Lag5,TB_Lag6,Reset_Group
2026-08-18 05:40:50,25.96,87.86,0.75,43.5,0.77,191.57,0.84,43.9,0.81,193.34,0.08,42.24,0.08,327.66,0.31,43.96,0.32,208.04,0.79,43.79,0.8,132.23,0.46,43.33,0.47,85.22,0.32,43.61,0.31,147.12,0.41,43.56,0.41,186.64,0.54,43.37,0.52,90.5,0.91,43.96,0.93,272.96,0.18,43.33,0.18,274.76,0.35,43.79,0.35,165.5,-1578,-1500,-1800,43.528333333333336,5.949999999999999,0 days 00:10:00,True,39,-1568.0,-1559.0,-1565.0,-1558.0,-1560.0,-1558.0,ABOVE
2026-08-12 05:50:44,22.92,60.76,0.75,43.5,0.73,188.95,0.84,43.96,0.81,181.01,0.08,42.52,0.08,327.66,0.31,44.02,0.31,205.25,0.79,43.5,0.82,166.18,0.46,43.37,0.45,90.15,0.32,43.61,0.31,114.29,0.41,43.9,0.42,201.75,0.54,43.33,0.55,76.11,0.91,43.96,0.9,263.0,0.18,43.44,0.18,214.95,0.35,44.07,0.34,137.19,-1572,-1500,-1800,43.59833333333333,5.9,0 days 00:09:59,True,33,-1572.0,-1578.0,-1573.0,-1572.0,-1576.0,-1580.0,ABOVE
2026-08-18 05:10:49,25.8,87.25,0.75,43.56,0.74,194.53,0.84,43.67,0.84,219.81,0.08,42.52,0.08,327.66,0.31,43.67,0.3,195.3,0.79,43.67,0.78,138.48,0.46,42.98,0.47,100.35,0.32,43.67,0.31,144.25,0.41,43.5,0.41,212.2,0.54,43.33,0.53,71.93,0.91,44.3,0.94,250.86,0.18,43.67,0.18,307.72,0.35,44.02,0.34,146.92,-1565,-1500,-1800,43.546666666666674,5.92,0 days 00:10:00,True,39,-1558.0,-1560.0,-1558.0,-1569.0,-1564.0,-1567.0,ABOVE
2026-08-16 03:50:48,24.68,88.11,0.75,43.44,0.76,156.73,0.84,43.61,0.81,230.49,0.08,42.52,0.08,327.66,0.31,44.3,0.32,169.25,0.79,43.56,0.79,148.31,0.46,43.33,0.46,86.29,0.32,43.84,0.32,133.67,0.41,43.67,0.42,175.29,0.54,43.44,0.52,71.65,0.91,44.07,0.89,221.54,0.18,43.1,0.18,327.66,0.35,44.12,0.34,129.39,-1574,-1500,-1800,43.583333333333336,5.89,0 days 00:10:00,True,38,-1563.0,-1574.0,-1568.0,-1575.0,-1577.0,-1572.0,ABOVE
2026-08-18 02:00:49,25.75,88.99,0.75,43.44,0.78,163.99,0.84,43.56,0.87,230.19,0.08,42.64,0.08,327.66,0.31,43.84,0.32,224.23,0.79,43.73,0.77,144.44,0.46,42.87,0.47,105.37,0.32,43.56,0.33,140.73,0.41,43.67,0.4,177.3,0.54,43.21,0.53,81.07,0.91,43.61,0.93,271.16,0.18,42.98,0.18,290.37,0.35,44.19,0.36,133.27,-1569,-1500,-1800,43.44166666666666,6.0200000000000005,0 days 00:10:00,True,39,-1577.0,-1574.0,-1584.0,-1583.0,-1587.0,-1589.0,ABOVE
2026-08-20 07:30:52,26.71,81.94,0.75,43.21,0.78,195.74,0.84,43.5,0.85,234.09,0.08,42.58,0.08,327.66,0.31,43.96,0.32,196.07,0.79,43.37,0.76,161.84,0.46,42.98,0.46,101.57,0.32,43.96,0.33,120.16,0.41,43.9,0.4,151.5,0.54,43.33,0.52,75.79,0.91,43.9,0.91,272.96,0.18,43.27,0.18,274.41,0.35,44.12,0.35,142.59,-1589,-1500,-1800,43.50666666666666,5.9399999999999995,0 days 00:10:00,True,41,-1584.0,-1585.0,-1588.0,-1580.0,-1575.0,-1574.0,ABOVE
2026-08-18 03:20:50,25.64,89.02,0.75,43.33,0.75,181.01,0.84,43.96,0.86,162.08,0.08,42.41,0.08,327.66,0.31,44.42,0.31,192.94,0.79,43.44,0.81,158.53,0.46,43.5,0.47,83.09,0.32,43.84,0.31,128.89,0.41,44.02,0.41,153.37,0.54,42.98,0.55,83.1,0.91,44.12,0.92,225.4,0.18,43.56,0.18,199.9,0.35,43.73,0.34,159.59,-1558,-1500,-1800,43.60916666666666,5.989999999999999,0 days 00:10:01,True,39,-1561.0,-1568.0,-1571.0,-1571.0,-1569.0,-1571.0,ABOVE
2026-08-23 05:00:55,27.14,80.54,0.75,43.67,0.73,177.3,0.84,44.19,0.82,170.65,0.08,42.46,0.08,327.66,0.31,44.42,0.3,180.57,0.79,43.73,0.82,121.46,0.46,42.98,0.47,104.7,0.32,44.07,0.33,115.64,0.41,43.84,0.41,171.41,0.54,43.15,0.53,82.43,0.91,44.25,0.88,286.32,0.18,43.61,0.18,230.49,0.35,43.67,0.34,177.76,-1570,-1500,-1800,43.669999999999995,5.89,0 days 00:10:01,True,44,-1574.0,-1573.0,-1575.0,-1579.0,-1576.0,-1580.0,ABOVE
2026-08-20 02:10:51,26.34,83.28,0.75,43.5,0.72,215.51,0.84,43.96,0.82,185.85,0.08,42.24,0.08,327.66,0.31,44.36,0.3,165.49,0.79,43.61,0.81,135.75,0.46,43.15,0.47,93.21,0.32,43.37,0.33,149.73,0.41,43.79,0.4,154.26,0.54,43.61,0.52,76.72,0.91,44.19,0.94,250.21,0.18,43.15,0.18,297.47,0.35,43.9,0.34,145.0,-1576,-1500,-1800,43.56916666666667,5.91,0 days 00:10:00,True,41,-1572.0,-1576.0,-1572.0,-1570.0,-1581.0,-1586.0,ABOVE
2026-08-15 05:40:48,25.0,86.49,0.75,43.21,0.76,214.37,0.84,44.12,0.86,174.92,0.08,42.58,0.08,327.66,0.31,44.25,0.31,179.87,0.79,43.37,0.78,152.84,0.46,43.33,0.47,90.38,0.08,42.58,0.08,327.66,0.41,43.9,0.42,152.76,0.54,43.61,0.53,69.14,0.91,44.19,0.9,259.82,0.18,43.21,0.18,273.68,0.35,43.5,0.35,172.41,-1569,-1500,-1800,43.48749999999999,5.72,0 days 00:10:00,True,38,-1560.0,-1570.0,-1563.0,-1574.0,-1571.0,-1572.0,ABOVE
2026-08-17 01:40:49,26.82,81.7,0.75,43.79,0.72,156.0,0.84,43.61,0.82,203.64,0.08,42.64,0.08,327.66,0.31,44.25,0.32,189.59,0.79,43.96,0.78,122.27,0.46,43.5,0.47,82.59,0.32,43.73,0.32,132.06,0.41,44.07,0.41,142.59,0.54,43.56,0.52,70.72,0.91,43.79,0.93,262.31,0.18,43.27,0.18,269.03,0.35,43.73,0.36,161.01,-1570,-1500,-1800,43.65833333333333,5.91,0 days 00:10:00,True,39,-1569.0,-1580.0,-1587.0,-1583.0,-1592.0,-1585.0,ABOVE
2026-08-05 05:40:36,28.95,87.59,0.75,43.44,0.74,194.01,0.84,44.07,0.83,244.86,0.08,42.24,0.08,327.66,0.31,44.12,0.32,205.79,0.79,43.9,0.79,136.64,0.46,43.67,0.45,80.97,0.32,43.84,0.31,118.82,0.41,43.67,0.42,177.76,0.54,43.37,0.55,77.72,0.91,43.56,0.89,276.22,0.18,43.33,0.18,285.84,0.35,43.9,0.35,143.31,-1589,-1500,-1800,43.5925,5.909999999999999,0 days 00:10:01,True,10,-1603.0,-1597.0,-1593.0,-1601.0,-1604.0,-1603.0,ABOVE
2026-08-23 05:20:55,26.66,82.92,0.75,43.56,0.75,192.08,0.84,43.84,0.84,220.67,0.08,42.24,0.08,327.66,0.31,43.96,0.31,218.08,0.79,43.67,0.81,141.3,0.46,43.5,0.47,83.09,0.32,43.44,0.32,162.26,0.41,44.07,0.42,146.92,0.54,43.37,0.55,77.82,0.91,44.12,0.89,327.66,0.18,43.5,0.18,162.26,0.35,44.12,0.35,134.55,-1572,-1500,-1800,43.615833333333335,5.969999999999999,0 days 00:10:00,True,44,-1574.0,-1570.0,-1574.0,-1573.0,-1575.0,-1579.0,ABOVE
2026-08-15 03:50:47,25.27,88.41,0.75,43.27,0.77,232.54,0.84,43.9,0.86,193.6,0.08,42.41,0.08,327.66,0.31,43.9,0.32,208.04,0.79,43.67,0.82,128.05,0.46,43.33,0.46,84.8,0.32,43.84,0.33,126.38,0.41,43.84,0.4,149.48,0.54,43.04,0.52,84.24,0.91,44.19,0.9,229.7,0.18,43.21,0.18,291.53,0.35,43.61,0.34,166.4,-1569,-1500,-1800,43.51749999999999,5.98,0 days 00:10:00,True,38,-1571.0,-1569.0,-1569.0,-1589.0,-1587.0,-1589.0,ABOVE
2026-08-23 01:40:55,26.92,83.8,0.75,43.37,0.72,199.37,0.84,43.9,0.84,182.93,0.08,42.41,0.08,327.66,0.31,43.79,0.31,210.37,0.79,43.96,0.82,129.06,0.46,43.04,0.45,100.48,0.32,43.96,0.31,120.0,0.41,43.56,0.41,188.95,0.54,43.33,0.56,74.26,0.91,44.02,0.88,263.34,0.18,43.37,0.18,245.98,0.35,43.61,0.34,181.97,-1587,-1500,-1800,43.526666666666664,5.8999999999999995,0 days 00:10:01,True,44,-1591.0,-1594.0,-1602.0,-1598.0,-1600.0,-1607.0,ABOVE
2026-08-22 05:10:54,27.51,82.0,0.75,43.84,0.73,159.8,0.84,43.61,0.87,223.06,0.18,43.1,0.18,317.81,0.31,44.07,0.3,202.81,0.79,43.79,0.82,129.75,0.46,42.98,0.47,100.95,0.32,43.61,0.31,137.11,0.41,44.07,0.42,145.39,0.54,43.61,0.53,69.04,0.91,43.79,0.88,257.44,0.18,42.98,0.18,203.42,0.35,44.12,0.34,141.53,-1572,-1500,-1800,43.630833333333335,6.03,0 days 00:10:00,True,43,-1571.0,-1570.0,-1580.0,-1580.0,-1573.0,-1578.0,ABOVE
2026-08-20 07:00:52,25.91,85.79,0.75,43.27,0.72,207.87,0.84,43.5,0.87,212.2,0.08,42.24,0.08,327.66,0.31,44.02,0.32,214.73,0.79,43.37,0.82,159.95,0.46,43.21,0.46,84.17,0.32,43.37,0.31,158.33,0.41,44.02,0.42,155.28,0.54,43.15,0.53,81.93,0.91,44.07,0.89,218.08,0.18,43.5,0.18,197.04,0.35,43.96,0.34,162.08,-1588,-1500,-1800,43.47333333333333,5.9399999999999995,0 days 00:10:01,True,41,-1580.0,-1575.0,-1574.0,-1575.0,-1566.0,-1565.0,ABOVE
2026-08-17 04:10:49,24.84,88.59,0.75,43.73,0.75,155.8,0.84,44.02,0.84,172.31,0.08,42.58,0.08,327.66,0.31,43.79,0.32,227.61,0.79,43.56,0.78,138.11,0.46,42.81,0.47,103.62,0.32,43.96,0.32,86.57,0.41,44.02,0.41,140.98,0.54,43.04,0.55,86.92,0.91,43.9,0.9,217.23,0.18,43.37,0.18,214.95,0.35,43.73,0.36,130.64,-1569,-1500,-1800,43.5425,5.960000000000001,0 days 00:10:01,True,39,-1560.0,-1559.0,-1568.0,-1565.0,-1572.0,-1572.0,ABOVE
2026-08-17 04:50:49,24.89,88.44,0.75,43.67,0.74,189.7,0.84,43.84,0.81,198.87,0.08,42.64,0.08,327.66,0.31,44.25,0.3,179.87,0.79,43.33,0.82,154.36,0.46,43.04,0.47,96.66,0.32,43.84,0.33,115.85,0.41,43.79,0.42,190.44,0.54,43.33,0.56,71.83,0.91,43.73,0.92,239.07,0.18,42.93,0.18,197.0,0.35,43.79,0.36,141.48,-1565,-1500,-1800,43.51500000000001,5.989999999999999,0 days 00:10:00,True,39,-1569.0,-1572.0,-1566.0,-1569.0,-1560.0,-1559.0,ABOVE
2026-08-26 03:20:59,27.35,79.83,0.75,43.27,0.74,280.0,0.84,44.12,0.87,168.37,0.08,42.35,0.08,327.66,0.31,43.9,0.3,214.15,0.79,43.61,0.79,151.97,0.46,43.33,0.47,90.5,0.32,43.96,0.32,115.2,0.41,44.02,0.4,145.2,0.54,43.1,0.52,84.88,0.91,43.79,0.9,288.88,0.18,43.21,0.18,268.31,0.35,43.73,0.34,155.8,-1589,-1500,-1800,43.5325,5.91,0 days 00:10:01,True,49,-1592.0,-1599.0,-1600.0,-1604.0,-1601.0,-1601.0,ABOVE
2026-08-29 06:21:02,26.82,89.63,0.75,43.5,0.77,188.95,0.84,43.84,0.85,198.09,0.08,42.29,0.08,327.66,0.31,43.9,0.31,224.53,0.79,43.33,0.8,165.51,0.46,42.81,0.45,102.82,0.32,44.02,0.33,122.27,0.41,43.5,0.4,174.6,0.54,43.44,0.54,73.17,0.91,43.73,0.89,315.13,0.18,43.04,0.18,296.68,0.35,43.67,0.35,177.76,-1589,-1500,-1800,43.42250000000001,5.95,0 days 00:10:00,True,52,-1588.0,-1590.0,-1593.0,-1593.0,-1594.0,-1592.0,ABOVE
2026-08-18 07:20:49,26.71,85.85,0.75,43.37,0.72,264.19,0.84,43.56,0.85,215.79,0.08,42.75,0.08,327.66,0.31,44.42,0.32,167.67,0.79,43.96,0.78,124.29,0.46,43.37,0.45,88.18,0.32,43.67,0.33,142.75,0.41,44.12,0.41,142.78,0.54,43.27,0.54,78.4,0.91,43.84,0.94,248.58,0.18,43.27,0.18,263.85,0.35,44.12,0.34,147.3,-1584,-1500,-1800,43.64333333333334,5.9399999999999995,0 days 00:10:00,True,39,-1588.0,-1586.0,-1594.0,-1584.0,-1578.0,-1574.0,ABOVE
2026-08-20 03:40:52,25.69,86.7,0.75,43.5,0.76,194.26,0.84,43.96,0.83,183.4,0.08,42.35,0.08,327.66,0.31,44.36,0.31,182.68,0.79,43.44,0.77,164.2,0.46,42.98,0.47,92.09,0.32,43.84,0.31,110.32,0.41,43.73,0.4,173.55,0.54,43.21,0.54,81.07,0.91,44.02,0.93,244.54,0.18,43.33,0.18,228.67,0.35,43.9,0.34,149.48,-1567,-1500,-1800,43.55166666666667,5.919999999999999,0 days 00:10:01,True,41,-1561.0,-1569.0,-1561.0,-1564.0,-1567.0,-1569.0,ABOVE
2026-08-15 05:10:47,25.21,86.15,0.75,43.21,0.77,244.68,0.84,44.07,0.81,170.43,0.08,42.58,0.08,327.66,0.31,43.96,0.3,221.25,0.79,43.5,0.77,166.18,0.46,43.37,0.45,81.76,0.32,43.79,0.31,122.71,0.41,43.56,0.4,206.14,0.54,43.44,0.52,72.97,0.91,44.19,0.9,241.58,0.18,43.15,0.18,284.69,0.35,43.61,0.34,172.87,-1563,-1500,-1800,43.53583333333333,5.83,0 days 00:10:00,True,38,-1574.0,-1571.0,-1572.0,-1566.0,-1577.0,-1566.0,ABOVE
2026-08-22 06:20:54,26.92,84.41,0.75,43.73,0.75,173.32,0.84,44.12,0.85,170.65,0.18,43.37,0.18,250.45,0.31,44.07,0.32,218.08,0.79,43.96,0.76,122.27,0.46,43.44,0.46,83.48,0.32,43.73,0.31,133.33,0.41,43.67,0.42,170.96,0.54,43.04,0.55,81.72,0.91,43.73,0.91,283.35,0.18,43.15,0.18,291.53,0.35,44.12,0.36,142.78,-1573,-1500,-1800,43.6775,6.050000000000001,0 days 00:10:00,True,43,-1579.0,-1569.0,-1575.0,-1569.0,-1572.0,-1568.0,ABOVE
2026-08-15 03:20:48,25.21,88.75,0.75,43.56,0.74,194.78,0.84,43.73,0.87,220.1,0.08,42.64,0.08,327.66,0.31,44.12,0.32,191.44,0.79,43.9,0.81,127.54,0.46,42.7,0.46,103.34,0.32,44.02,0.32,120.32,0.41,43.79,0.42,165.29,0.54,43.1,0.53,88.04,0.91,43.67,0.93,276.96,0.18,43.15,0.18,297.07,0.35,44.25,0.35,137.55,-1569,-1500,-1800,43.55250000000001,6.009999999999999,0 days 00:10:00,True,38,-1589.0,-1587.0,-1589.0,-1592.0,-1587.0,-1593.0,ABOVE
2026-08-21 03:00:53,25.27,87.34,0.75,43.84,0.73,161.66,0.84,43.5,0.87,241.99,0.08,42.64,0.08,327.66,0.31,43.96,0.31,211.2,0.79,43.33,0.79,161.62,0.46,42.81,0.47,103.62,0.32,43.96,0.32,116.31,0.41,43.73,0.4,135.94,0.54,43.44,0.53,74.46,0.91,43.73,0.88,327.66,0.18,43.15,0.18,220.71,0.35,43.79,0.36,134.8,-1558,-1500,-1800,43.49,5.92,0 days 00:10:00,True,41,-1564.0,-1557.0,-1571.0,-1562.0,-1571.0,-1562.0,ABOVE
2026-08-30 02:41:03,27.62,85.66,0.75,43.5,0.72,197.04,0.84,44.07,0.87,166.37,0.08,42.41,0.08,327.66,0.31,44.25,0.3,187.07,0.79,43.5,0.78,158.53,0.46,43.5,0.46,84.21,0.32,43.44,0.31,154.76,0.41,43.96,0.4,145.0,0.54,43.04,0.53,85.83,0.91,44.07,0.89,318.03,0.18,43.15,0.18,311.0,0.35,43.9,0.34,158.19,-1587,-1500,-1800,43.56583333333333,5.859999999999999,0 days 00:10:00,True,52,-1589.0,-1598.0,-1596.0,-1596.0,-1596.0,-1591.0,ABOVE
2026-08-18 03:00:49,25.75,88.84,0.75,43.73,0.73,157.56,0.84,43.61,0.87,230.79,0.08,42.52,0.08,327.66,0.31,43.9,0.32,207.76,0.79,43.33,0.79,163.55,0.46,42.81,0.46,99.93,0.32,43.33,0.32,156.12,0.41,43.73,0.41,170.96,0.54,43.56,0.52,70.72,0.91,44.07,0.91,225.4,0.18,43.5,0.18,212.48,0.35,44.19,0.36,134.73,-1568,-1500,-1800,43.52333333333333,5.95,0 days 00:10:00,True,39,-1571.0,-1571.0,-1569.0,-1571.0,-1573.0,-1569.0,ABOVE
2026-08-17 04:20:49,24.95,88.32,0.75,43.21,0.77,201.5,0.84,43.73,0.84,203.9,0.08,42.24,0.08,327.66,0.31,44.25,0.32,168.82,0.79,43.84,0.76,120.89,0.46,43.27,0.47,84.68,0.32,43.56,0.31,139.69,0.41,44.02,0.41,145.39,0.54,43.44,0.55,78.82,0.91,44.07,0.91,218.65,0.18,43.56,0.18,212.76,0.35,43.73,0.35,159.17,-1566,-1500,-1800,43.57666666666666,5.949999999999999,0 days 00:10:00,True,39,-1569.0,-1560.0,-1559.0,-1568.0,-1565.0,-1572.0,ABOVE
2026-08-17 06:20:49,25.05,88.99,0.75,43.15,0.72,228.06,0.84,44.07,0.86,172.31,0.08,42.35,0.08,327.66,0.31,44.3,0.3,165.26,0.79,43.33,0.82,165.51,0.46,43.04,0.47,92.71,0.32,43.5,0.33,142.0,0.41,43.79,0.41,169.32,0.54,42.93,0.56,84.54,0.91,43.96,0.91,220.96,0.18,43.37,0.18,211.36,0.35,44.07,0.34,139.75,-1566,-1500,-1800,43.48833333333334,5.98,0 days 00:10:00,True,39,-1566.0,-1558.0,-1559.0,-1565.0,-1559.0,-1562.0,ABOVE
2026-08-16 07:50:48,24.04,90.06,0.75,43.56,0.72,186.64,0.84,43.73,0.86,220.37,0.08,42.06,0.08,327.66,0.31,44.48,0.3,163.99,0.79,43.33,0.79,161.62,0.46,42.98,0.45,98.05,0.32,43.37,0.32,149.73,0.41,43.96,0.41,155.08,0.54,43.21,0.56,82.15,0.91,44.07,0.94,249.56,0.18,43.5,0.18,218.65,0.35,43.61,0.34,177.07,-1587,-1500,-1800,43.48833333333332,5.949999999999999,0 days 00:10:00,True,38,-1573.0,-1576.0,-1581.0,-1574.0,-1572.0,-1575.0,ABOVE
2026-08-16 04:10:49,24.57,88.84,0.75,43.44,0.74,202.57,0.84,44.19,0.82,186.82,0.08,42.46,0.08,327.66,0.31,44.19,0.3,173.21,0.79,43.44,0.8,142.0,0.46,43.15,0.45,91.84,0.32,43.79,0.33,120.73,0.41,43.61,0.41,172.87,0.54,42.87,0.54,82.49,0.91,44.12,0.93,327.66,0.18,43.37,0.18,218.36,0.35,43.56,0.35,177.3,-1562,-1500,-1800,43.51583333333334,5.93,0 days 00:10:00,True,38,-1563.0,-1574.0,-1563.0,-1574.0,-1568.0,-1575.0,ABOVE
2026-08-16 05:10:49,24.15,88.96,0.75,43.44,0.77,196.78,0.84,43.56,0.86,242.31,0.08,42.58,0.08,327.66,0.31,44.36,0.32,143.34,0.79,43.79,0.8,123.96,0.46,42.98,0.46,100.21,0.32,43.61,0.31,134.09,0.41,43.73,0.4,152.37,0.54,43.61,0.52,71.65,0.91,43.84,0.91,235.33,0.18,42.98,0.18,316.96,0.35,43.56,0.34,179.12,-1571,-1500,-1800,43.50333333333333,5.949999999999999,0 days 00:10:01,True,38,-1565.0,-1565.0,-1565.0,-1570.0,-1571.0,-1562.0,ABOVE
2026-08-15 02:30:47,25.16,88.53,0.75,43.21,0.76,195.74,0.84,43.5,0.87,222.76,0.08,42.58,0.08,327.66,0.31,44.42,0.3,160.05,0.79,43.79,0.82,128.56,0.46,42.98,0.46,98.63,0.32,43.56,0.32,200.43,0.41,43.96,0.42,154.87,0.54,43.27,0.52,73.86,0.91,44.19,0.91,237.49,0.18,43.5,0.18,218.65,0.35,43.73,0.35,166.84,-1587,-1500,-1800,43.5575,5.989999999999998,0 days 00:10:00,True,38,-1593.0,-1595.0,-1587.0,-1596.0,-1607.0,-1609.0,ABOVE
2026-08-20 05:10:52,25.8,86.21,0.75,43.5,0.72,189.2,0.84,43.79,0.84,201.48,0.08,42.7,0.08,327.66,0.31,44.42,0.32,161.89,0.79,43.27,0.8,150.76,0.46,43.04,0.46,100.21,0.32,43.79,0.33,128.72,0.41,43.5,0.4,183.9,0.54,43.15,0.55,79.19,0.91,43.9,0.9,257.79,0.18,43.37,0.18,245.98,0.35,43.9,0.35,147.89,-1567,-1500,-1800,43.5275,5.93,0 days 00:10:00,True,41,-1567.0,-1560.0,-1565.0,-1561.0,-1570.0,-1565.0,ABOVE
2026-08-16 05:00:48,24.25,86.95,0.75,43.27,0.73,196.0,0.84,44.12,0.84,166.37,0.08,42.52,0.08,327.66,0.31,44.12,0.31,197.09,0.79,43.67,0.8,155.59,0.46,43.04,0.47,94.77,0.32,43.73,0.32,132.06,0.41,43.84,0.42,154.47,0.54,43.33,0.55,74.15,0.91,43.56,0.93,255.76,0.18,43.04,0.18,303.68,0.35,43.56,0.34,177.07,-1565,-1500,-1800,43.48333333333334,5.969999999999999,0 days 00:10:00,True,38,-1565.0,-1565.0,-1570.0,-1571.0,-1562.0,-1563.0,ABOVE
2026-08-18 06:00:50,25.91,87.77,0.75,43.37,0.72,202.04,0.84,43.79,0.85,201.22,0.08,42.29,0.08,327.66,0.31,44.42,0.32,180.57,0.79,43.56,0.78,153.45,0.46,43.15,0.46,95.15,0.32,43.73,0.32,135.75,0.41,44.02,0.4,148.28,0.54,43.44,0.53,78.82,0.91,43.79,0.9,267.0,0.18,43.15,0.18,279.63,0.35,44.02,0.34,134.2,-1574,-1500,-1800,43.560833333333335,5.88,0 days 00:10:00,True,39,-1573.0,-1578.0,-1568.0,-1559.0,-1565.0,-1558.0,ABOVE
2026-08-22 06:30:54,27.03,82.34,0.75,43.5,0.75,202.84,0.84,44.02,0.83,186.09,0.08,42.52,0.08,327.66,0.31,44.42,0.32,182.92,0.79,43.5,0.79,191.57,0.46,43.21,0.47,83.04,0.32,43.9,0.31,125.41,0.41,43.5,0.4,188.95,0.54,43.5,0.54,72.87,0.91,43.84,0.88,302.22,0.18,43.21,0.18,291.53,0.35,44.36,0.35,124.48,-1571,-1500,-1800,43.62333333333333,5.8999999999999995,0 days 00:10:00,True,43,-1573.0,-1579.0,-1569.0,-1575.0,-1569.0,-1572.0,ABOVE
2026-08-12 07:50:45,24.36,59.53,0.75,43.61,0.73,177.3,0.84,43.61,0.83,216.37,0.08,42.52,0.08,327.66,0.31,44.07,0.3,208.59,0.79,43.9,0.78,136.64,0.46,43.1,0.46,97.61,0.32,43.73,0.32,135.94,0.41,43.5,0.41,194.01,0.54,43.27,0.53,77.18,0.46,43.44,0.45,84.62,0.18,43.21,0.18,171.05,0.35,43.61,0.34,164.64,-1585,-1500,-1800,43.464166666666664,5.41,0 days 00:10:00,True,34,-1591.0,-1595.0,-1589.0,-1583.0,-1582.0,-1581.0,ABOVE
2026-08-23 02:50:55,27.03,81.08,0.75,43.37,0.78,208.71,0.84,43.96,0.85,193.6,0.08,42.52,0.08,327.66,0.31,44.12,0.32,197.35,0.79,43.84,0.79,130.09,0.46,43.21,0.45,106.89,0.32,43.84,0.32,133.67,0.41,44.02,0.42,151.7,0.54,43.67,0.54,68.89,0.91,44.07,0.93,244.86,0.18,43.5,0.18,225.82,0.35,43.79,0.36,180.31,-1577,-1500,-1800,43.659166666666664,6.02,0 days 00:10:01,True,44,-1577.0,-1582.0,-1585.0,-1585.0,-1591.0,-1593.0,ABOVE
2026-08-21 02:10:52,25.43,87.25,0.75,43.73,0.76,165.29,0.84,44.19,0.82,170.87,0.08,42.46,0.08,327.66,0.31,43.79,0.32,243.9,0.79,43.33,0.81,169.61,0.46,43.1,0.46,99.02,0.32,43.56,0.33,149.92,0.41,43.84,0.41,151.31,0.54,43.61,0.54,72.03,0.91,44.19,0.94,229.7,0.18,43.61,0.18,184.39,0.35,44.12,0.36,139.92,-1571,-1500,-1800,43.6275,6.010000000000001,0 days 00:09:59,True,41,-1562.0,-1567.0,-1572.0,-1576.0,-1570.0,-1580.0,ABOVE
2026-08-24 06:00:56,26.23,83.77,0.75,43.33,0.72,280.38,0.84,43.5,0.81,219.23,0.08,42.35,0.08,327.66,0.31,43.96,0.32,232.32,0.79,43.61,0.78,147.12,0.46,43.33,0.45,92.82,0.08,42.29,0.08,327.66,0.41,43.67,0.42,173.32,0.54,43.1,0.56,82.82,0.91,43.73,0.93,327.66,0.18,43.1,0.18,327.66,0.35,43.79,0.35,167.28,-1582,-1500,-1800,43.31333333333334,5.68,0 days 00:10:00,True,46,-1590.0,-1579.0,-1584.0,-1585.0,-1576.0,-1579.0,ABOVE
2026-08-16 06:30:49,23.66,90.82,0.75,43.67,0.75,173.32,0.84,43.84,0.83,193.09,0.08,42.58,0.08,327.66,0.31,43.79,0.3,216.94,0.79,43.33,0.77,154.36,0.46,43.44,0.46,82.48,0.32,43.61,0.33,128.05,0.41,43.9,0.42,149.87,0.54,43.44,0.55,73.65,0.91,44.07,0.94,233.23,0.18,43.56,0.18,194.53,0.35,43.5,0.34,176.83,-1572,-1500,-1800,43.560833333333335,5.949999999999999,0 days 00:10:00,True,38,-1574.0,-1568.0,-1575.0,-1571.0,-1572.0,-1565.0,ABOVE
2026-08-22 05:20:54,27.3,81.08,0.75,43.27,0.78,211.08,0.84,44.12,0.85,170.65,0.08,42.58,0.08,327.66,0.31,44.19,0.32,168.82,0.79,43.84,0.76,125.07,0.46,42.93,0.47,100.95,0.32,43.96,0.33,142.05,0.41,44.12,0.4,181.26,0.54,43.56,0.52,74.25,0.91,44.25,0.92,226.29,0.18,43.44,0.18,212.2,0.35,43.73,0.36,175.29,-1568,-1500,-1800,43.66583333333333,5.97,0 days 00:10:00,True,43,-1572.0,-1571.0,-1570.0,-1580.0,-1580.0,-1573.0,ABOVE
2026-08-12 04:00:45,23.61,61.37,0.75,43.73,0.76,182.69,0.84,43.9,0.86,183.4,0.08,42.41,0.08,327.66,0.35,43.79,0.35,167.28,0.79,43.79,0.8,141.48,0.46,43.37,0.47,81.99,0.32,43.84,0.32,125.41,0.41,43.73,0.4,161.01,0.54,43.04,0.52,86.92,0.91,43.61,0.93,288.12,0.18,43.61,0.18,209.26,0.35,43.9,0.35,135.33,-1568,-1500,-1800,43.56,6.02,0 days 00:10:01,True,33,-1580.0,-1583.0,-1587.0,-1581.0,-1591.0,-1589.0,ABOVE
2026-08-20 05:20:51,25.69,86.52,0.75,43.79,0.73,157.98,0.84,43.84,0.85,201.48,0.08,42.24,0.08,327.66,0.31,43.96,0.31,201.75,0.79,43.67,0.82,137.11,0.46,43.37,0.47,82.37,0.32,43.61,0.32,144.25,0.41,43.44,0.4,191.32,0.54,43.61,0.56,71.28,0.91,43.56,0.91,234.09,0.18,43.56,0.18,241.67,0.35,43.61,0.34,177.3,-1558,-1500,-1800,43.52166666666667,5.969999999999999,0 days 00:09:59,True,41,-1567.0,-1567.0,-1560.0,-1565.0,-1561.0,-1570.0,ABOVE
2026-08-13 06:00:45,25.05,69.36,0.75,43.5,0.78,191.82,0.84,43.61,0.81,230.49,0.08,42.46,0.08,327.66,0.31,43.9,0.32,221.25,0.79,43.44,0.81,158.33,0.46,43.15,0.45,95.68,0.32,43.56,0.32,147.12,0.41,43.61,0.4,186.89,0.54,43.61,0.55,70.56,0.91,44.07,0.9,274.03,0.18,43.5,0.18,215.51,0.35,44.19,0.35,142.98,-1579,-1500,-1800,43.550000000000004,5.95,0 days 00:09:59,True,35,-1578.0,-1581.0,-1586.0,-1582.0,-1574.0,-1585.0,ABOVE
2026-08-21 04:30:52,25.32,87.34,0.75,43.73,0.74,167.06,0.84,43.56,0.86,230.19,0.08,42.24,0.08,327.66,0.31,43.9,0.31,220.67,0.79,43.56,0.81,151.76,0.46,43.27,0.47,94.62,0.32,43.84,0.31,125.41,0.41,43.84,0.4,163.56,0.54,43.61,0.56,72.03,0.91,44.12,0.94,259.13,0.18,43.56,0.18,212.48,0.35,43.61,0.36,172.87,-1566,-1500,-1800,43.57,6.0200000000000005,0 days 00:10:00,True,41,-1557.0,-1563.0,-1564.0,-1565.0,-1562.0,-1563.0,ABOVE
2026-08-20 06:40:51,25.64,85.51,0.75,43.1,0.74,177.47,0.84,44.07,0.82,183.89,0.08,42.29,0.08,327.66,0.31,44.07,0.31,176.44,0.79,43.96,0.82,127.88,0.46,43.15,0.47,92.96,0.32,43.73,0.31,126.21,0.41,44.07,0.4,134.37,0.54,43.27,0.54,77.4,0.91,44.12,0.91,241.26,0.18,43.73,0.18,200.96,0.35,43.56,0.34,166.4,-1575,-1500,-1800,43.593333333333334,5.92,0 days 00:10:00,True,41,-1574.0,-1575.0,-1566.0,-1565.0,-1570.0,-1560.0,ABOVE
2026-08-30 02:31:03,27.46,85.76,0.75,43.84,0.76,185.37,0.84,43.73,0.84,210.09,0.08,42.58,0.08,327.66,0.31,44.42,0.31,148.06,0.79,43.84,0.76,129.92,0.46,42.98,0.47,99.48,0.32,43.73,0.32,137.47,0.41,43.84,0.4,163.56,0.54,43.37,0.56,76.85,0.91,44.42,0.91,239.03,0.18,42.98,0.18,327.66,0.35,43.9,0.36,143.31,-1589,-1500,-1800,43.635833333333345,5.95,0 days 00:10:00,True,52,-1598.0,-1596.0,-1596.0,-1596.0,-1591.0,-1592.0,ABOVE
2026-08-19 05:00:51,26.98,83.01,0.75,43.37,0.75,185.9,0.84,43.04,0.85,224.03,0.08,42.29,0.08,327.66,0.31,43.79,0.32,327.66,0.79,43.79,0.81,125.07,0.46,43.44,0.47,82.59,0.32,44.02,0.31,113.47,0.41,43.61,0.41,189.7,0.54,42.93,0.52,82.49,0.91,43.79,0.93,224.23,0.18,43.96,0.18,190.69,0.35,43.96,0.35,172.08,-1572,-1500,-1800,43.49916666666667,5.979999999999999,0 days 00:10:01,True,40,-1563.0,-1568.0,-1578.0,-1572.0,-1573.0,-1572.0,ABOVE
2026-08-17 05:30:49,24.95,88.96,0.75,43.37,0.74,194.01,0.84,43.9,0.85,196.07,0.08,42.29,0.08,327.66,0.31,44.48,0.32,160.25,0.79,43.56,0.8,137.92,0.46,43.33,0.47,86.4,0.32,43.84,0.33,140.42,0.41,44.12,0.41,159.01,0.54,43.04,0.56,80.64,0.91,44.12,0.92,222.12,0.18,43.56,0.18,191.82,0.35,43.67,0.34,151.97,-1559,-1500,-1800,43.60666666666666,6.0,0 days 00:10:00,True,39,-1562.0,-1560.0,-1563.0,-1565.0,-1569.0,-1572.0,ABOVE
2026-08-20 06:10:52,25.75,82.24,0.75,43.5,0.75,183.67,0.84,44.07,0.84,166.37,0.08,42.41,0.08,327.66,0.31,44.25,0.3,189.59,0.79,43.37,0.81,152.84,0.46,43.21,0.47,90.14,0.32,43.56,0.31,150.31,0.41,43.96,0.41,140.8,0.54,43.79,0.56,78.43,0.91,43.67,0.91,251.78,0.18,43.1,0.18,262.79,0.35,44.07,0.35,135.67,-1566,-1500,-1800,43.580000000000005,5.97,0 days 00:10:00,True,41,-1565.0,-1570.0,-1560.0,-1566.0,-1558.0,-1567.0,ABOVE
2026-08-15 07:00:47,25.11,88.17,0.75,43.27,0.72,205.04,0.84,43.67,0.84,219.51,0.08,42.46,0.08,327.66,0.31,44.3,0.31,173.43,0.79,43.56,0.78,146.92,0.46,43.15,0.45,91.22,0.32,43.84,0.31,124.13,0.41,43.61,0.4,192.33,0.54,43.56,0.54,73.17,0.91,43.84,0.94,239.37,0.18,43.15,0.18,291.15,0.35,43.96,0.35,143.7,-1584,-1500,-1800,43.530833333333334,5.9,0 days 00:09:59,True,38,-1573.0,-1577.0,-1568.0,-1569.0,-1572.0,-1572.0,ABOVE
2026-08-26 05:50:59,26.98,79.16,0.75,43.61,0.78,189.45,0.84,43.84,0.82,327.66,0.08,42.35,0.08,327.66,0.31,44.42,0.3,171.76,0.79,43.33,0.77,163.76,0.46,43.37,0.47,88.75,0.32,43.96,0.33,142.42,0.41,43.61,0.41,179.37,0.54,43.15,0.55,80.86,0.91,43.56,0.88,255.76,0.18,43.5,0.18,215.51,0.35,44.12,0.35,150.47,-1589,-1500,-1800,43.56833333333333,5.919999999999999,0 days 00:10:00,True,49,-1592.0,-1592.0,-1599.0,-1592.0,-1599.0,-1600.0,ABOVE
2026-08-16 06:00:48,24.15,87.25,0.75,43.37,0.76,178.65,0.84,43.79,0.85,173.32,0.08,42.41,0.08,327.66,0.31,44.12,0.3,191.44,0.79,43.56,0.8,139.5,0.46,43.15,0.45,107.74,0.32,43.79,0.32,130.81,0.41,43.9,0.42,149.48,0.54,42.98,0.52,80.75,0.91,43.56,0.92,276.22,0.18,43.04,0.18,309.75,0.35,44.07,0.34,126.07,-1575,-1500,-1800,43.47833333333333,5.9399999999999995,0 days 00:10:00,True,38,-1571.0,-1572.0,-1565.0,-1568.0,-1571.0,-1565.0,ABOVE
2026-08-20 05:40:51,25.8,83.74,0.75,43.84,0.74,190.69,0.84,43.79,0.81,195.81,0.08,42.64,0.08,327.66,0.31,43.9,0.32,211.2,0.79,43.37,0.76,163.99,0.46,42.98,0.47,100.95,0.32,43.5,0.33,148.31,0.41,43.9,0.41,161.87,0.54,43.1,0.52,79.44,0.91,43.9,0.93,267.71,0.18,43.56,0.18,194.26,0.35,43.9,0.34,151.31,-1560,-1500,-1800,43.531666666666666,5.889999999999999,0 days 00:10:00,True,41,-1566.0,-1558.0,-1567.0,-1567.0,-1560.0,-1565.0,ABOVE
2026-08-12 04:30:45,22.92,61.43,0.75,43.27,0.74,211.36,0.84,43.84,0.86,187.62,0.08,42.41,0.08,327.66,0.31,44.36,0.32,167.46,0.79,43.79,0.78,121.79,0.46,42.93,0.45,102.34,0.32,43.5,0.32,143.48,0.41,44.02,0.4,138.19,0.54,43.61,0.55,73.17,0.91,44.19,0.94,218.93,0.18,43.21,0.18,244.68,0.35,44.02,0.36,142.23,-1579,-1500,-1800,43.59583333333333,5.9799999999999995,0 days 00:10:00,True,33,-1573.0,-1576.0,-1568.0,-1580.0,-1583.0,-1587.0,ABOVE
2026-08-20 06:00:52,25.75,85.08,0.75,43.84,0.74,156.0,0.84,43.96,0.84,169.99,0.08,42.35,0.08,327.66,0.31,44.65,0.31,162.73,0.79,43.33,0.82,159.75,0.46,42.93,0.47,100.68,0.32,43.61,0.31,145.75,0.41,43.9,0.4,149.67,0.54,43.37,0.52,80.44,0.91,44.12,0.89,237.18,0.18,43.61,0.18,203.64,0.35,43.61,0.36,168.65,-1565,-1500,-1800,43.60666666666666,5.92,0 days 00:10:00,True,41,-1570.0,-1560.0,-1566.0,-1558.0,-1567.0,-1567.0,ABOVE
2026-08-13 04:20:45,24.89,69.55,0.75,43.79,0.78,157.76,0.84,43.84,0.82,201.48,0.08,42.41,0.08,327.66,0.31,44.3,0.32,179.87,0.79,43.5,0.81,146.53,0.46,43.1,0.47,92.96,0.32,43.96,0.33,120.16,0.41,43.67,0.4,182.21,0.54,43.15,0.53,81.33,0.91,44.02,0.88,253.76,0.18,43.21,0.18,304.9,0.35,43.73,0.35,175.51,-1589,-1500,-1800,43.556666666666665,5.95,0 days 00:10:00,True,35,-1585.0,-1586.0,-1580.0,-1580.0,-1580.0,-1581.0,ABOVE
2026-08-17 03:30:49,25.91,85.36,0.75,43.33,0.77,183.18,0.84,43.96,0.85,183.4,0.08,42.41,0.08,327.66,0.31,44.25,0.3,209.4,0.79,43.79,0.81,127.54,0.46,43.27,0.45,87.95,0.32,43.44,0.33,125.21,0.41,43.67,0.42,175.51,0.54,42.93,0.53,86.14,0.91,43.79,0.93,283.72,0.18,43.15,0.18,297.47,0.35,44.12,0.34,138.55,-1565,-1500,-1800,43.509166666666665,5.99,0 days 00:10:00,True,39,-1572.0,-1572.0,-1561.0,-1564.0,-1568.0,-1562.0,ABOVE
2026-08-19 06:40:51,26.12,89.11,0.75,43.61,0.76,166.62,0.84,43.56,0.86,226.42,0.08,42.18,0.08,327.66,0.31,44.19,0.31,175.15,0.79,43.61,0.79,137.11,0.46,43.44,0.47,79.06,0.32,43.5,0.33,156.73,0.41,44.07,0.4,128.2,0.54,43.5,0.54,74.15,0.91,43.79,0.9,252.11,0.18,43.15,0.18,253.4,0.35,43.84,0.35,156.0,-1584,-1500,-1800,43.53666666666666,5.970000000000001,0 days 00:10:00,True,40,-1579.0,-1588.0,-1578.0,-1574.0,-1579.0,-1577.0,ABOVE
2026-08-17 04:40:49,24.84,88.81,0.75,43.5,0.78,162.06,0.84,43.5,0.86,226.12,0.08,42.35,0.08,327.66,0.31,44.02,0.3,196.32,0.79,43.79,0.78,122.87,0.46,42.98,0.46,98.75,0.32,43.37,0.31,152.84,0.41,43.5,0.41,183.9,0.54,43.56,0.55,72.68,0.91,44.12,0.94,245.5,0.18,43.56,0.18,212.76,0.35,43.9,0.36,152.56,-1569,-1500,-1800,43.512499999999996,6.010000000000001,0 days 00:10:00,True,39,-1572.0,-1566.0,-1569.0,-1560.0,-1559.0,-1568.0,ABOVE
2026-08-12 04:50:44,23.08,60.48,0.75,43.67,0.78,166.84,0.84,43.56,0.83,234.09,0.08,42.24,0.08,327.66,0.31,43.84,0.32,227.61,0.79,43.61,0.79,139.69,0.46,43.33,0.47,84.92,0.32,43.5,0.31,148.5,0.41,43.96,0.42,146.72,0.54,43.27,0.53,76.65,0.91,43.84,0.94,248.26,0.18,43.61,0.18,209.54,0.35,43.9,0.34,151.11,-1580,-1500,-1800,43.527499999999996,5.989999999999998,0 days 00:09:59,True,33,-1579.0,-1579.0,-1573.0,-1576.0,-1568.0,-1580.0,ABOVE
2026-08-25 19:40:58,32.91,64.57,0.75,43.73,0.73,182.21,0.84,43.67,0.81,213.04,0.08,42.7,0.08,327.66,0.31,43.96,0.31,228.51,0.79,43.9,0.81,132.58,0.84,44.02,0.87,193.85,0.32,43.96,0.33,126.71,0.41,44.12,0.42,138.55,0.54,43.73,0.54,75.67,0.91,43.9,0.91,316.38,0.18,43.27,0.18,280.0,0.41,44.12,0.4,148.87,-1654,-1500,-1800,43.75666666666666,6.390000000000001,0 days 00:10:00,True,49,-1663.0,-1666.0,-1661.0,-1663.0,-1659.0,-1658.0,BELOW
2026-08-08 16:10:40,38.09,49.34,0.75,43.84,0.75,174.01,0.84,44.25,0.85,179.87,0.08,42.41,0.08,327.66,0.31,43.96,0.3,214.44,0.79,43.67,0.8,145.56,0.46,43.21,0.46,97.87,0.32,43.61,0.32,145.37,0.41,44.25,0.42,147.67,0.54,43.56,0.55,77.58,0.91,43.5,0.94,255.09,0.18,43.67,0.18,227.01,0.35,44.02,0.34,139.75,-1647,-1500,-1800,43.6625,5.99,0 days 00:09:59,True,27,-1647.0,-1642.0,-1636.0,-1644.0,-1642.0,-1649.0,BELOW
2026-08-29 15:01:02,31.2,79.1,0.75,43.27,0.78,204.78,0.84,43.84,0.84,207.76,0.08,42.12,0.08,327.66,0.31,44.07,0.32,193.85,0.79,43.56,0.76,155.17,0.46,42.98,0.46,100.35,0.32,43.79,0.31,133.33,0.41,43.96,0.41,132.0,0.54,43.15,0.53,80.86,0.91,43.73,0.91,308.13,0.18,43.15,0.18,291.15,0.35,44.12,0.35,148.87,-1644,-1500,-1800,43.47833333333333,5.93,0 days 00:10:00,True,52,-1647.0,-1645.0,-1647.0,-1653.0,-1648.0,-1645.0,BELOW
2026-08-22 16:40:54,36.16,54.68,0.75,44.02,0.76,183.65,0.84,44.07,0.84,186.09,0.08,42.7,0.08,327.66,0.31,44.3,0.32,189.84,0.79,43.56,0.76,162.48,0.46,42.98,0.47,102.34,0.32,43.67,0.31,206.4,0.41,43.84,0.42,180.31,0.54,43.15,0.52,83.55,0.91,43.9,0.9,284.1,0.18,43.33,0.18,286.22,0.35,43.84,0.34,185.12,-1645,-1500,-1800,43.61333333333334,5.8999999999999995,0 days 00:09:59,True,44,-1640.0,-1639.0,-1636.0,-1638.0,-1635.0,-1634.0,BELOW
2026-08-25 00:20:57,29.38,73.3,0.75,43.79,0.77,165.5,0.84,44.12,0.82,164.62,0.08,42.58,0.08,327.66,0.31,43.96,0.32,188.12,0.79,43.61,0.8,150.31,0.46,43.27,0.46,94.75,0.32,43.67,0.31,152.17,0.41,43.61,0.4,181.97,0.54,43.27,0.54,78.29,0.91,44.25,0.94,241.9,0.18,43.61,0.18,219.81,0.35,43.67,0.36,184.64,-1614,-1500,-1800,43.6175,5.9799999999999995,0 days 00:10:00,True,47,-1617.0,-1619.0,-1623.0,-1625.0,-1622.0,-1628.0,BELOW
2026-08-08 11:30:40,34.83,52.18,0.75,43.84,0.72,156.2,0.84,43.56,0.83,234.09,0.08,42.87,0.08,327.66,0.31,43.96,0.32,228.81,0.79,44.12,0.77,130.78,0.46,43.27,0.45,93.21,0.32,43.61,0.31,164.64,0.41,43.5,0.42,186.39,0.54,43.21,0.52,72.49,0.91,44.19,0.92,250.21,0.18,43.73,0.18,203.9,0.35,43.9,0.36,159.8,-1645,-1500,-1800,43.64666666666667,5.88,0 days 00:10:00,True,27,-1642.0,-1644.0,-1641.0,-1643.0,-1641.0,-1639.0,BELOW
2026-08-14 21:30:48,26.07,89.94,0.75,42.98,0.75,209.68,0.84,43.73,0.81,327.66,0.08,42.46,0.08,327.66,0.31,43.9,0.31,211.2,0.79,43.44,0.78,153.05,0.46,42.98,0.46,99.48,0.32,43.61,0.33,139.69,0.41,43.61,0.42,184.39,0.54,43.21,0.52,79.65,0.91,44.25,0.91,222.7,0.18,43.61,0.18,251.12,0.35,43.96,0.36,144.81,-1643,-1500,-1800,43.47833333333333,5.910000000000001,0 days 00:10:00,True,38,-1636.0,-1645.0,-1649.0,-1644.0,-1648.0,-1652.0,BELOW
2026-08-22 17:50:54,39.37,50.99,0.75,43.5,0.75,196.78,0.84,43.96,0.87,178.7,0.08,42.41,0.08,327.66,0.31,43.96,0.32,211.2,0.79,43.5,0.77,151.56,0.46,42.98,0.47,98.05,0.32,43.84,0.32,140.06,0.41,44.19,0.41,141.34,0.54,43.27,0.55,81.18,0.91,44.36,0.94,242.53,0.18,43.73,0.18,197.83,0.35,44.3,0.34,131.45,-1639,-1500,-1800,43.666666666666664,6.0,0 days 00:09:59,True,44,-1642.0,-1645.0,-1645.0,-1645.0,-1641.0,-1640.0,BELOW
2026-08-16 20:30:48,27.62,80.02,0.75,43.27,0.76,214.37,0.84,44.12,0.81,177.12,0.08,42.46,0.08,327.66,0.31,44.3,0.32,177.83,0.79,43.96,0.77,118.98,0.46,42.98,0.47,93.99,0.32,44.07,0.32,115.5,0.41,43.73,0.4,177.76,0.54,43.61,0.52,68.79,0.91,44.19,0.89,218.36,0.18,43.61,0.18,189.2,0.35,43.61,0.34,189.45,-1638,-1500,-1800,43.659166666666664,5.8599999999999985,0 days 00:10:00,True,39,-1635.0,-1634.0,-1642.0,-1638.0,-1641.0,-1645.0,BELOW
2026-08-08 11:50:40,34.99,52.42,0.75,43.37,0.78,221.87,0.84,44.07,0.81,181.73,0.08,41.78,0.08,327.66,0.31,44.07,0.31,205.79,0.79,43.44,0.76,156.53,0.46,43.04,0.45,92.21,0.32,44.07,0.32,117.43,0.41,43.9,0.4,167.72,0.54,43.04,0.56,82.99,0.91,43.84,0.93,283.72,0.18,43.37,0.18,264.54,0.35,44.12,0.36,148.87,-1642,-1500,-1800,43.509166666666665,5.94,0 days 00:10:00,True,27,-1642.0,-1645.0,-1642.0,-1644.0,-1641.0,-1643.0,BELOW
2026-08-02 17:00:32,43.38,39.63,0.75,43.5,0.74,191.82,0.84,43.67,0.86,209.82,0.08,42.41,0.08,327.66,0.31,44.3,0.32,198.12,0.79,43.9,0.77,136.3,0.46,43.56,0.47,90.74,0.32,43.73,0.32,142.95,0.41,43.79,0.42,165.07,0.54,43.84,0.54,71.29,0.91,44.07,0.93,285.21,0.18,43.9,0.18,193.34,0.35,44.36,0.36,135.42,-1638,-1500,-1800,43.7525,5.989999999999999,0 days 00:10:01,True,3,-1633.0,-1641.0,-1644.0,-1644.0,-1638.0,-1648.0,BELOW
2026-08-29 21:21:03,28.1,85.51,0.75,43.9,0.75,163.76,0.84,43.61,0.81,226.71,0.08,42.41,0.08,327.66,0.31,44.25,0.3,194.86,0.79,43.61,0.82,145.37,0.46,43.21,0.47,95.15,0.32,44.07,0.32,119.29,0.41,43.61,0.41,203.64,0.54,43.56,0.56,70.56,0.91,44.02,0.89,263.0,0.18,43.1,0.18,290.75,0.35,44.07,0.35,151.89,-1650,-1500,-1800,43.61833333333333,5.9399999999999995,0 days 00:10:00,True,52,-1654.0,-1648.0,-1663.0,-1656.0,-1661.0,-1664.0,BELOW
2026-08-26 07:40:59,28.58,75.68,0.75,43.37,0.74,176.12,0.84,43.67,0.83,212.76,0.08,42.7,0.08,327.66,0.31,44.53,0.32,217.25,0.79,43.96,0.76,125.57,0.46,43.44,0.45,79.61,0.32,43.56,0.32,139.5,0.41,43.56,0.4,281.49,0.54,43.73,0.53,77.36,0.91,43.9,0.93,290.01,0.18,43.33,0.18,280.75,0.35,43.79,0.34,163.34,-1612,-1500,-1800,43.62833333333333,5.879999999999999,0 days 00:10:01,True,51,-1610.0,-1602.0,-1605.0,-1606.0,-1609.0,-1606.0,BELOW
2026-08-24 22:30:58,31.41,66.28,0.75,43.84,0.75,163.56,0.84,43.79,0.82,207.23,0.08,42.58,0.08,327.66,0.31,44.48,0.3,174.11,0.79,43.73,0.8,161.23,0.46,43.5,0.46,79.72,0.32,43.61,0.31,158.95,0.41,43.84,0.41,175.98,0.54,43.56,0.53,75.47,0.91,44.3,0.88,238.4,0.18,43.67,0.18,209.82,0.35,44.02,0.36,151.7,-1640,-1500,-1800,43.74333333333334,5.88,0 days 00:10:01,True,47,-1642.0,-1645.0,-1644.0,-1648.0,-1652.0,-1653.0,BELOW
2026-08-15 20:00:49,27.46,77.18,0.75,43.56,0.75,183.9,0.84,44.07,0.83,172.31,0.08,42.18,0.08,327.66,0.31,44.36,0.3,182.44,0.79,43.84,0.81,119.85,0.46,42.87,0.46,101.43,0.32,44.02,0.33,125.74,0.41,44.02,0.42,148.48,0.54,43.67,0.56,73.65,0.91,44.12,0.9,221.83,0.18,43.21,0.18,297.87,0.35,44.02,0.34,134.37,-1649,-1500,-1800,43.66166666666666,5.960000000000001,0 days 00:10:01,True,38,-1656.0,-1647.0,-1653.0,-1651.0,-1649.0,-1655.0,BELOW
2026-08-07 10:20:38,34.67,57.64,0.75,43.5,0.72,197.04,0.84,44.07,0.83,183.89,0.08,42.7,0.08,250.37,0.31,44.3,0.31,195.11,0.79,43.56,0.76,327.66,0.46,43.5,0.47,84.62,0.32,43.67,0.33,140.06,0.41,44.25,0.42,157.42,0.54,43.15,0.55,80.01,0.91,44.59,0.88,248.37,0.18,43.27,0.18,274.41,0.35,43.96,0.36,134.03,-1639,-1500,-1800,43.71,5.89,0 days 00:10:00,True,26,-1634.0,-1635.0,-1630.0,-1632.0,-1631.0,-1629.0,BELOW
2026-08-02 19:40:32,36.22,58.1,0.75,43.84,0.75,161.66,0.84,44.19,0.83,175.15,0.08,42.81,0.08,327.66,0.31,44.07,0.31,218.36,0.79,43.21,0.76,152.45,0.46,43.27,0.47,90.38,0.32,43.67,0.32,134.44,0.41,44.12,0.42,137.19,0.54,43.84,0.56,73.54,0.91,44.25,0.89,264.37,0.18,43.79,0.18,204.45,0.35,44.36,0.35,135.25,-1650,-1500,-1800,43.785,5.919999999999999,0 days 00:10:00,True,3,-1654.0,-1646.0,-1650.0,-1641.0,-1643.0,-1641.0,BELOW
2026-08-09 23:20:42,31.62,60.63,0.75,43.44,0.77,197.04,0.84,43.33,0.85,214.65,0.08,42.58,0.08,327.66,0.31,44.02,0.31,168.37,0.79,43.96,0.76,125.57,0.46,43.1,0.45,102.12,0.32,44.12,0.31,115.64,0.41,44.36,0.41,145.0,0.54,43.21,0.54,84.17,0.91,44.02,0.94,291.15,0.18,43.33,0.18,292.31,0.35,43.79,0.36,171.41,-1632,-1500,-1800,43.605,5.96,0 days 00:10:00,True,29,-1635.0,-1634.0,-1641.0,-1642.0,-1642.0,-1643.0,BELOW
2026-08-20 23:20:52,25.91,86.21,0.75,43.37,0.72,208.43,0.84,44.12,0.83,170.87,0.08,42.52,0.08,327.66,0.31,43.84,0.32,220.67,0.79,43.61,0.82,142.56,0.46,43.15,0.45,89.43,0.32,43.61,0.33,147.12,0.41,44.02,0.42,138.0,0.54,43.56,0.55,75.87,0.91,44.07,0.88,258.79,0.18,43.04,0.18,327.66,0.35,43.73,0.34,163.34,-1614,-1500,-1800,43.553333333333335,5.92,0 days 00:10:00,True,41,-1604.0,-1619.0,-1619.0,-1618.0,-1615.0,-1627.0,BELOW
2026-08-13 00:10:46,27.3,60.21,0.75,43.73,0.78,180.08,0.84,43.9,0.85,196.07,0.08,42.64,0.08,327.66,0.31,43.96,0.3,196.32,0.79,43.9,0.77,127.71,0.46,43.1,0.46,96.36,0.32,43.56,0.33,186.39,0.41,43.9,0.4,169.76,0.54,43.04,0.56,83.84,0.91,43.79,0.9,295.79,0.18,43.1,0.18,195.22,0.35,43.79,0.35,163.56,-1620,-1500,-1800,43.53416666666667,5.959999999999999,0 days 00:10:01,True,35,-1616.0,-1620.0,-1626.0,-1622.0,-1628.0,-1625.0,BELOW
2026-08-13 20:00:46,30.34,59.6,0.75,43.5,0.76,202.84,0.84,43.79,0.86,213.04,0.08,42.29,0.08,327.66,0.31,44.19,0.31,186.82,0.79,43.96,0.82,130.44,0.46,43.15,0.46,91.34,0.32,43.67,0.31,144.06,0.41,44.07,0.41,142.78,0.54,43.61,0.53,71.01,0.91,44.25,0.91,222.4,0.18,43.1,0.18,325.37,0.35,43.73,0.35,165.29,-1658,-1500,-1800,43.609166666666674,5.9799999999999995,0 days 00:10:00,True,36,-1650.0,-1663.0,-1660.0,-1659.0,-1665.0,-1662.0,BELOW
2026-08-08 14:00:40,36.11,51.99,0.75,43.67,0.76,179.6,0.84,43.79,0.84,210.37,0.08,42.24,0.08,327.66,0.31,44.19,0.3,194.35,0.79,43.5,0.8,154.98,0.46,43.5,0.47,80.18,0.32,43.56,0.32,143.87,0.41,43.61,0.42,181.97,0.54,43.67,0.53,75.15,0.91,43.9,0.93,290.01,0.18,43.61,0.18,260.59,0.35,44.3,0.34,135.08,-1649,-1500,-1800,43.62833333333333,5.969999999999999,0 days 00:10:00,True,27,-1642.0,-1649.0,-1643.0,-1649.0,-1640.0,-1646.0,BELOW
2026-08-12 11:20:45,30.02,47.05,0.75,43.84,0.73,169.54,0.84,43.96,0.84,199.12,0.08,42.52,0.08,327.66,0.31,44.42,0.32,190.58,0.79,43.67,0.8,135.75,0.46,43.27,0.46,90.62,0.32,43.84,0.33,130.98,0.41,43.84,0.4,187.87,0.54,43.5,0.52,74.54,0.91,44.25,0.9,246.46,0.18,43.21,0.18,274.04,0.35,43.73,0.36,138.48,-1637,-1500,-1800,43.67083333333333,5.920000000000001,0 days 00:10:01,True,34,-1634.0,-1631.0,-1635.0,-1629.0,-1632.0,-1639.0,BELOW
2026-08-17 23:10:50,26.02,88.69,0.75,43.67,0.72,173.32,0.84,44.07,0.82,170.43,0.08,42.52,0.08,327.66,0.31,44.07,0.31,186.34,0.79,43.84,0.8,127.54,0.46,42.87,0.47,103.75,0.32,43.27,0.32,122.5,0.41,44.07,0.4,147.11,0.54,43.61,0.53,69.4,0.91,44.07,0.89,236.56,0.18,43.44,0.18,202.57,0.35,43.73,0.34,168.87,-1613,-1500,-1800,43.6025,5.859999999999999,0 days 00:10:01,True,39,-1613.0,-1610.0,-1619.0,-1616.0,-1620.0,-1626.0,BELOW
2026-08-09 12:30:41,34.35,55.47,0.75,43.44,0.73,194.01,0.84,44.19,0.81,179.87,0.08,42.35,0.08,327.66,0.31,44.25,0.3,189.84,0.79,43.44,0.79,156.73,0.46,43.44,0.45,83.99,0.32,44.07,0.33,122.43,0.41,43.79,0.42,178.0,0.54,43.79,0.54,73.75,0.91,43.96,0.89,272.96,0.18,43.67,0.18,216.09,0.35,44.07,0.35,156.81,-1645,-1500,-1800,43.705000000000005,5.869999999999999,0 days 00:10:00,True,28,-1643.0,-1646.0,-1648.0,-1648.0,-1649.0,-1647.0,BELOW
2026-08-17 17:20:49,35.31,61.37,0.75,43.37,0.77,202.57,0.84,43.73,0.84,200.69,0.08,42.58,0.08,327.66,0.31,44.3,0.3,180.1,0.79,43.61,0.76,138.11,0.46,42.98,0.45,126.36,0.32,43.96,0.33,125.41,0.41,43.56,0.41,174.6,0.54,42.75,0.56,82.77,0.91,44.07,0.93,317.21,0.18,43.56,0.18,327.66,0.35,43.84,0.34,160.0,-1636,-1500,-1800,43.52583333333334,5.949999999999999,0 days 00:10:00,True,39,-1635.0,-1636.0,-1631.0,-1630.0,-1628.0,-1625.0,BELOW
2026-08-18 21:10:51,31.04,65.88,0.75,43.27,0.73,207.87,0.84,43.96,0.87,211.2,0.08,42.64,0.08,327.66,0.31,44.36,0.3,195.37,0.79,43.79,0.76,133.33,0.46,43.56,0.47,86.86,0.32,43.67,0.31,130.64,0.41,44.12,0.41,189.1,0.54,43.67,0.54,68.89,0.91,43.79,0.91,267.0,0.18,43.15,0.18,278.88,0.35,44.3,0.34,126.56,-1656,-1500,-1800,43.690000000000005,5.9,0 days 00:10:00,True,40,-1647.0,-1652.0,-1649.0,-1649.0,-1661.0,-1656.0,BELOW
2026-08-22 14:10:54,33.92,62.37,0.75,43.84,0.74,171.62,0.84,44.02,0.87,183.4,0.08,42.7,0.08,327.66,0.31,44.25,0.3,189.84,0.79,44.02,0.76,120.32,0.46,42.93,0.47,103.11,0.32,43.67,0.31,150.51,0.41,44.02,0.41,166.16,0.54,43.21,0.54,83.15,0.91,44.25,0.89,241.58,0.18,43.67,0.18,209.54,0.35,43.9,0.35,172.08,-1647,-1500,-1800,43.70666666666667,5.8999999999999995,0 days 00:10:00,True,44,-1645.0,-1644.0,-1644.0,-1650.0,-1642.0,-1635.0,BELOW
2026-08-14 21:50:47,26.02,89.54,0.75,43.37,0.72,327.66,0.84,43.56,0.83,212.48,0.08,42.58,0.08,327.66,0.31,44.36,0.31,173.43,0.79,43.5,0.77,148.31,0.46,43.21,0.45,92.57,0.32,43.56,0.33,168.43,0.41,43.73,0.41,171.18,0.54,43.1,0.55,83.32,0.91,44.12,0.93,237.49,0.18,43.37,0.18,250.12,0.35,43.84,0.36,140.42,-1631,-1500,-1800,43.525000000000006,5.92,0 days 00:09:59,True,38,-1642.0,-1643.0,-1636.0,-1645.0,-1649.0,-1644.0,BELOW
2026-08-07 02:50:38,29.38,77.42,0.75,43.44,0.72,202.84,0.84,43.9,0.86,193.34,0.08,41.78,0.08,327.66,0.31,44.12,0.31,208.86,0.79,43.84,0.77,129.92,0.46,43.27,0.46,89.79,0.32,43.5,0.32,181.49,0.41,44.12,0.4,133.09,0.54,43.21,0.52,80.97,0.91,44.12,0.92,245.5,0.18,43.15,0.18,297.07,0.35,44.12,0.34,145.75,-1617,-1500,-1800,43.54749999999999,5.879999999999999,0 days 00:10:00,True,25,-1616.0,-1615.0,-1616.0,-1616.0,-1613.0,-1620.0,BELOW
2026-08-12 16:10:45,33.81,43.11,0.75,43.61,0.75,186.89,0.84,43.9,0.81,195.81,0.08,42.35,0.08,327.66,0.31,44.02,0.32,214.73,0.79,43.5,0.81,162.26,0.46,43.04,0.46,132.5,0.32,44.12,0.32,113.77,0.41,43.79,0.4,157.76,0.54,43.79,0.54,73.94,0.91,44.36,0.92,247.1,0.18,43.73,0.18,227.31,0.35,44.3,0.35,177.83,-1647,-1500,-1800,43.709166666666675,5.9399999999999995,0 days 00:10:00,True,35,-1644.0,-1651.0,-1651.0,-1645.0,-1648.0,-1646.0,BELOW
2026-08-25 11:00:57,35.74,55.02,0.75,43.84,0.75,185.37,0.84,44.12,0.81,177.36,0.08,42.87,0.08,327.66,0.31,44.42,0.31,190.58,0.79,43.56,0.8,158.75,0.46,43.21,0.47,97.74,0.32,43.96,0.33,129.23,0.41,44.02,0.42,164.2,0.54,43.61,0.52,77.68,0.91,44.25,0.89,259.82,0.18,43.67,0.18,230.79,0.35,43.84,0.36,156.0,-1644,-1500,-1800,43.780833333333334,5.92,0 days 00:10:00,True,48,-1647.0,-1641.0,-1642.0,-1639.0,-1634.0,-1640.0,BELOW
2026-08-25 17:30:59,44.12,41.01,0.75,44.07,0.72,160.42,0.84,44.36,0.86,167.46,0.08,42.46,0.08,327.66,0.31,44.53,0.3,183.62,0.79,44.07,0.81,126.88,0.46,43.21,0.46,89.55,0.32,43.67,0.31,155.8,0.41,44.02,0.42,155.28,0.54,43.61,0.52,76.29,0.91,44.25,0.91,259.82,0.18,43.61,0.18,226.71,0.35,43.9,0.35,173.78,-1650,-1500,-1800,43.81333333333333,5.92,0 days 00:10:01,True,49,-1646.0,-1653.0,-1653.0,-1653.0,-1655.0,-1650.0,BELOW
2026-08-05 08:10:36,30.56,83.16,0.54,43.61,0.56,73.17,0.84,43.79,0.87,204.18,0.08,42.46,0.08,327.66,0.31,44.42,0.3,161.67,0.79,43.44,0.81,156.53,0.46,42.98,0.47,104.04,0.32,43.73,0.31,129.42,0.41,44.07,0.42,162.7,0.54,43.79,0.52,75.04,0.91,44.19,0.93,233.83,0.18,43.67,0.18,187.12,0.35,43.79,0.35,128.39,-1611,-1500,-1800,43.66166666666667,5.799999999999999,0 days 00:10:00,True,10,-1603.0,-1605.0,-1598.0,-1603.0,-1594.0,-1595.0,BELOW
2026-08-02 10:50:31,34.62,53.64,0.75,43.5,0.77,215.51,0.84,43.79,0.81,213.6,0.08,42.52,0.08,327.66,0.31,44.02,0.31,218.36,0.79,43.96,0.81,120.16,0.46,43.04,0.45,104.04,0.32,44.02,0.33,114.39,0.41,43.61,0.4,194.78,0.54,43.27,0.55,82.75,0.91,43.96,0.89,279.13,0.18,43.37,0.18,275.13,0.35,43.9,0.35,169.99,-1632,-1500,-1800,43.580000000000005,5.93,0 days 00:10:00,True,3,-1630.0,-1634.0,-1629.0,-1625.0,-1623.0,-1627.0,BELOW
2026-08-03 23:10:33,31.68,68.97,0.75,43.15,0.75,192.73,0.84,43.84,0.83,201.22,0.08,42.35,0.08,327.66,0.31,44.3,0.3,184.6,0.79,43.73,0.8,129.75,0.46,43.33,0.45,88.52,0.32,43.5,0.33,162.48,0.41,43.61,0.42,189.45,0.54,43.33,0.53,81.29,0.91,43.9,0.91,278.78,0.18,43.33,0.18,280.38,0.35,44.02,0.34,162.28,-1639,-1500,-1800,43.5325,5.92,0 days 00:10:00,True,5,-1647.0,-1647.0,-1647.0,-1653.0,-1656.0,-1650.0,BELOW
2026-08-20 15:50:52,34.13,68.6,0.75,43.67,0.75,166.62,0.84,44.02,0.85,202.28,0.08,42.58,0.08,327.66,0.31,44.19,0.31,172.76,0.79,43.84,0.82,130.09,0.46,42.98,0.46,108.31,0.32,43.84,0.33,132.23,0.41,43.96,0.41,154.87,0.54,43.21,0.52,78.64,0.91,43.67,0.94,295.01,0.18,43.37,0.18,255.09,0.35,44.25,0.36,136.2,-1640,-1500,-1800,43.63166666666666,6.009999999999999,0 days 00:10:00,True,41,-1637.0,-1642.0,-1642.0,-1638.0,-1636.0,-1634.0,BELOW
2026-08-08 23:40:41,31.2,62.86,0.75,43.61,0.78,182.21,0.84,43.79,0.84,180.31,0.08,42.7,0.08,327.66,0.35,43.96,0.36,160.0,0.79,43.44,0.81,153.25,0.46,42.98,0.45,104.04,0.32,43.44,0.32,154.36,0.41,44.12,0.41,150.47,0.54,43.15,0.55,80.12,0.91,44.36,0.9,238.4,0.18,43.27,0.18,327.66,0.35,43.73,0.34,180.31,-1642,-1500,-1800,43.54583333333333,6.02,0 days 00:10:00,True,27,-1645.0,-1642.0,-1641.0,-1638.0,-1644.0,-1647.0,BELOW
2026-08-16 19:50:49,27.78,80.26,0.75,43.33,0.73,327.1,0.84,43.56,0.82,223.06,0.08,42.24,0.08,327.66,0.31,43.84,0.32,198.61,0.79,43.84,0.77,125.41,0.46,43.61,0.47,108.04,0.32,43.44,0.31,149.73,0.41,43.61,0.42,203.37,0.54,43.56,0.56,74.25,0.91,44.25,0.94,212.58,0.18,43.73,0.18,195.3,0.35,43.84,0.36,158.19,-1638,-1500,-1800,43.57083333333333,5.96,0 days 00:10:00,True,39,-1641.0,-1645.0,-1647.0,-1646.0,-1643.0,-1641.0,BELOW
2026-08-05 15:40:36,37.39,57.06,0.54,43.84,0.56,73.46,0.91,44.42,0.92,238.4,0.08,42.7,0.08,327.66,0.31,44.53,0.31,176.51,0.79,43.9,0.76,139.02,0.46,43.1,0.46,102.88,0.32,44.19,0.31,119.6,0.41,43.96,0.41,156.41,0.54,43.15,0.52,82.43,0.91,43.9,0.88,278.04,0.18,43.21,0.18,280.0,0.35,43.96,0.36,153.17,-1643,-1500,-1800,43.73833333333332,5.75,0 days 00:10:00,True,13,-1645.0,-1647.0,-1654.0,-1646.0,-1650.0,-1648.0,BELOW
2026-08-12 18:50:46,32.21,47.84,0.75,43.44,0.77,199.64,0.84,43.73,0.87,213.32,0.08,42.41,0.08,327.66,0.31,44.02,0.32,224.82,0.79,43.44,0.82,165.96,0.46,43.15,0.47,99.02,0.32,43.5,0.32,222.76,0.41,44.02,0.42,160.42,0.54,43.04,0.52,83.72,0.91,43.9,0.9,327.66,0.18,43.67,0.18,197.57,0.35,43.9,0.34,161.87,-1666,-1500,-1800,43.51833333333334,6.01,0 days 00:10:00,True,35,-1666.0,-1652.0,-1656.0,-1659.0,-1655.0,-1657.0,BELOW
2026-08-29 08:01:02,26.76,90.67,0.75,43.67,0.72,187.12,0.84,43.67,0.86,213.32,0.08,42.58,0.08,327.66,0.31,44.07,0.31,218.36,0.79,43.44,0.81,167.99,0.46,43.27,0.46,87.5,0.32,43.44,0.32,152.84,0.41,44.07,0.4,153.56,0.54,43.04,0.53,81.72,0.91,43.67,0.9,294.63,0.18,43.1,0.18,317.81,0.35,44.02,0.35,153.17,-1611,-1500,-1800,43.50333333333334,5.92,0 days 00:10:00,True,52,-1610.0,-1607.0,-1603.0,-1600.0,-1606.0,-1604.0,BELOW
2026-08-09 00:00:41,31.25,62.43,0.75,43.73,0.73,163.12,0.84,44.19,0.86,170.87,0.08,42.52,0.08,327.66,0.31,43.96,0.32,196.32,0.79,44.02,0.81,124.62,0.46,42.93,0.47,103.89,0.32,43.44,0.33,153.25,0.41,43.61,0.42,179.6,0.54,43.79,0.55,74.24,0.91,44.02,0.92,258.47,0.18,43.67,0.18,203.64,0.35,44.02,0.36,158.39,-1637,-1500,-1800,43.65833333333334,6.029999999999999,0 days 00:10:00,True,27,-1642.0,-1642.0,-1645.0,-1642.0,-1641.0,-1638.0,BELOW
2026-08-17 18:10:49,31.46,70.74,0.75,43.5,0.74,168.21,0.84,43.61,0.87,234.71,0.08,41.83,0.08,327.66,0.31,44.25,0.31,177.36,0.79,43.37,0.81,154.56,0.46,43.15,0.46,92.96,0.32,43.56,0.32,162.48,0.41,44.02,0.42,145.2,0.54,43.5,0.53,76.0,0.91,44.19,0.92,237.49,0.18,43.56,0.18,203.37,0.35,43.33,0.36,183.18,-1644,-1500,-1800,43.48916666666667,6.0,0 days 00:10:00,True,39,-1640.0,-1637.0,-1640.0,-1640.0,-1636.0,-1635.0,BELOW
2026-08-30 16:31:03,27.67,86.12,0.75,43.67,0.72,184.64,0.84,43.79,0.83,180.08,0.08,42.41,0.08,327.66,0.31,43.9,0.32,217.79,0.79,43.79,0.76,149.28,0.46,43.04,0.46,95.56,0.32,43.9,0.31,121.36,0.41,43.67,0.42,175.51,0.54,43.1,0.54,80.37,0.91,43.79,0.92,308.94,0.18,43.21,0.18,274.04,0.35,43.79,0.34,175.75,-1643,-1500,-1800,43.505,5.879999999999999,0 days 00:10:00,True,52,-1650.0,-1641.0,-1644.0,-1649.0,-1641.0,-1638.0,BELOW
2026-08-14 08:00:47,27.4,69.67,0.75,43.21,0.74,224.62,0.84,43.79,0.85,210.37,0.08,42.58,0.08,327.66,0.31,44.53,0.32,162.09,0.79,43.56,0.79,177.07,0.46,43.37,0.45,92.32,0.32,43.84,0.33,129.92,0.41,43.61,0.4,197.57,0.54,43.33,0.52,82.25,0.91,44.25,0.92,237.79,0.18,43.37,0.18,264.54,0.35,43.79,0.36,163.12,-1612,-1500,-1800,43.6025,5.94,0 days 00:10:00,True,37,-1603.0,-1595.0,-1599.0,-1600.0,-1607.0,-1596.0,BELOW
2026-08-25 16:50:58,41.29,43.94,0.75,43.56,0.73,203.37,0.84,43.9,0.86,284.1,0.08,42.7,0.08,327.66,0.31,44.48,0.32,171.99,0.79,44.07,0.77,123.67,0.46,43.67,0.45,85.06,0.32,44.19,0.33,120.79,0.41,43.56,0.42,162.7,0.54,43.56,0.54,89.68,0.91,43.9,0.91,309.35,0.18,43.21,0.18,291.91,0.35,44.36,0.34,131.45,-1653,-1500,-1800,43.76333333333333,5.93,0 days 00:09:59,True,49,-1655.0,-1650.0,-1654.0,-1645.0,-1651.0,-1643.0,BELOW
2026-08-05 12:10:35,34.51,66.55,0.75,43.73,0.76,184.87,0.91,43.9,0.92,308.94,0.08,42.64,0.08,327.66,0.31,44.36,0.31,180.34,0.79,43.73,0.79,138.66,0.46,43.21,0.47,91.34,0.32,43.56,0.31,153.45,0.41,43.61,0.4,184.39,0.54,43.84,0.56,73.54,0.91,43.73,0.9,295.01,0.18,43.67,0.18,206.4,0.35,43.73,0.35,175.51,-1648,-1500,-1800,43.642500000000005,6.029999999999999,0 days 00:10:00,True,11,-1639.0,-1642.0,-1634.0,-1635.0,-1638.0,-1631.0,BELOW
2026-08-24 11:50:56,35.68,55.17,0.75,43.9,0.75,193.34,0.84,44.02,0.86,199.12,0.08,42.58,0.08,327.66,0.31,44.59,0.31,168.32,0.79,43.67,0.81,148.89,0.46,43.5,0.46,85.03,0.32,43.61,0.31,153.66,0.41,43.96,0.4,158.39,0.54,43.33,0.53,95.28,0.91,44.07,0.92,284.84,0.18,43.5,0.18,259.9,0.35,43.79,0.36,180.55,-1643,-1500,-1800,43.71,5.97,0 days 00:10:00,True,46,-1643.0,-1645.0,-1642.0,-1643.0,-1634.0,-1637.0,BELOW
2026-08-27 00:01:00,29.86,74.52,0.75,43.9,0.74,165.94,0.84,44.12,0.86,168.6,0.08,42.46,0.08,327.66,0.31,44.36,0.31,175.83,0.79,43.73,0.81,138.84,0.46,43.37,0.46,89.79,0.32,43.9,0.32,134.97,0.41,44.07,0.4,144.06,0.54,43.33,0.54,80.81,0.91,43.84,0.88,309.35,0.18,43.27,0.18,304.9,0.35,43.9,0.35,156.41,-1621,-1500,-1800,43.68749999999999,5.929999999999999,0 days 00:09:59,True,52,-1620.0,-1629.0,-1625.0,-1625.0,-1627.0,-1634.0,BELOW
2026-08-16 09:50:49,24.2,90.12,0.75,43.21,0.76,232.24,0.84,43.79,0.83,189.95,0.08,42.46,0.08,327.66,0.31,43.96,0.31,198.87,0.79,43.33,0.78,152.64,0.46,42.93,0.46,109.62,0.32,43.9,0.31,116.98,0.41,43.96,0.41,142.23,0.54,43.56,0.56,68.36,0.91,44.12,0.94,218.93,0.18,43.56,0.18,206.4,0.35,43.67,0.36,160.81,-1611,-1500,-1800,43.537499999999994,5.9799999999999995,0 days 00:10:00,True,38,-1614.0,-1604.0,-1604.0,-1604.0,-1599.0,-1597.0,BELOW
2026-08-10 19:10:44,33.12,59.02,0.75,43.79,0.73,165.29,0.84,44.02,0.82,191.44,0.08,42.64,0.08,327.66,0.31,44.19,0.32,186.58,0.79,43.37,0.79,156.31,0.46,43.21,0.46,91.96,0.32,43.84,0.33,119.85,0.41,43.84,0.41,175.98,0.54,43.04,0.56,87.6,0.91,44.59,0.91,207.93,0.18,43.37,0.18,264.54,0.35,44.02,0.35,156.81,-1670,-1500,-1800,43.66,5.9399999999999995,0 days 00:10:00,True,32,-1666.0,-1663.0,-1668.0,-1663.0,-1665.0,-1658.0,BELOW
2026-08-06 22:20:38,30.72,75.38,0.75,43.27,0.76,211.08,0.84,44.07,0.84,176.9,0.08,42.52,0.08,327.66,0.31,44.12,0.3,194.61,0.79,43.5,0.81,162.26,0.46,43.5,0.46,80.18,0.32,44.02,0.33,113.32,0.41,43.56,0.42,186.64,0.54,43.21,0.54,81.44,0.91,43.96,0.92,253.43,0.18,43.1,0.18,284.69,0.35,43.9,0.34,150.91,-1646,-1500,-1800,43.560833333333335,5.9799999999999995,0 days 00:10:00,True,25,-1655.0,-1656.0,-1661.0,-1661.0,-1660.0,-1659.0,BELOW
2026-08-06 08:40:36,31.68,72.2,0.75,43.33,0.76,208.43,0.84,44.07,0.85,177.12,0.08,42.46,0.08,327.66,0.31,44.42,0.3,171.54,0.79,43.61,0.8,151.97,0.46,42.87,0.46,100.68,0.32,43.96,0.33,121.21,0.41,43.67,0.4,182.45,0.54,43.44,0.54,79.61,0.91,44.07,0.93,258.47,0.18,43.5,0.18,186.15,0.35,44.19,0.36,130.95,-1616,-1500,-1800,43.6325,5.989999999999999,0 days 00:10:00,True,22,-1616.0,-1611.0,-1616.0,-1612.0,-1607.0,-1610.0,BELOW
2026-08-18 22:00:50,30.24,72.81,0.75,43.5,0.72,188.95,0.84,43.61,0.85,200.69,0.08,42.46,0.08,327.66,0.31,44.42,0.3,160.05,0.79,43.37,0.76,158.12,0.46,43.33,0.46,85.43,0.32,43.37,0.33,154.76,0.41,43.67,0.41,177.54,0.54,43.61,0.54,76.5,0.91,44.02,0.9,224.82,0.18,43.67,0.18,218.94,0.35,43.9,0.35,163.56,-1633,-1500,-1800,43.57750000000001,5.88,0 days 00:10:00,True,40,-1638.0,-1638.0,-1651.0,-1648.0,-1656.0,-1647.0,BELOW
2026-08-21 17:50:53,30.82,74.8,0.75,43.61,0.78,179.37,0.84,43.67,0.81,234.71,0.08,42.7,0.08,327.66,0.31,44.42,0.3,160.05,0.79,43.73,0.79,133.14,0.46,42.98,0.46,98.75,0.32,44.07,0.33,120.48,0.41,43.56,0.4,189.45,0.54,43.04,0.54,83.21,0.91,44.3,0.9,238.11,0.18,43.73,0.18,200.96,0.35,43.67,0.35,173.32,-1648,-1500,-1800,43.623333333333335,5.92,0 days 00:10:00,True,43,-1649.0,-1659.0,-1653.0,-1649.0,-1644.0,-1648.0,BELOW
2026-08-27 22:11:02,27.03,89.11,0.75,43.84,0.75,165.29,0.84,44.19,0.85,157.42,0.08,42.35,0.08,327.66,0.31,44.07,0.31,202.54,0.79,43.37,0.8,161.84,0.46,43.44,0.45,88.87,0.32,43.9,0.31,116.98,0.41,43.79,0.42,171.41,0.54,43.15,0.54,81.56,0.91,43.73,0.9,288.88,0.18,43.1,0.18,267.6,0.35,44.02,0.34,148.67,-1640,-1500,-1800,43.57916666666667,5.93,0 days 00:10:01,True,52,-1647.0,-1643.0,-1646.0,-1658.0,-1658.0,-1662.0,BELOW
2026-08-20 13:30:52,34.88,61.55,0.75,43.37,0.72,214.95,0.84,43.9,0.81,190.44,0.08,42.81,0.08,327.66,0.31,44.36,0.3,178.29,0.79,43.84,0.81,133.84,0.46,43.37,0.46,92.07,0.32,44.12,0.32,120.63,0.41,44.19,0.41,140.12,0.54,43.84,0.55,73.94,0.91,44.25,0.91,226.0,0.18,43.73,0.18,203.9,0.35,44.36,0.34,135.25,-1638,-1500,-1800,43.845,5.89,0 days 00:10:00,True,41,-1639.0,-1638.0,-1634.0,-1641.0,-1637.0,-1638.0,BELOW
2026-08-26 22:51:00,30.77,72.6,0.75,43.79,0.72,169.32,0.84,43.73,0.83,203.9,0.08,42.7,0.08,327.66,0.31,44.25,0.32,195.11,0.79,43.9,0.76,124.29,0.46,43.21,0.47,97.18,0.32,43.96,0.33,116.98,0.41,43.96,0.41,156.41,0.54,43.33,0.53,76.65,0.91,44.07,0.9,253.76,0.18,43.44,0.18,229.58,0.35,44.3,0.36,147.87,-1630,-1500,-1800,43.71999999999999,5.890000000000001,0 days 00:10:00,True,52,-1644.0,-1640.0,-1642.0,-1643.0,-1643.0,-1650.0,BELOW
2026-08-29 14:41:03,32.43,73.42,0.75,43.73,0.72,169.32,0.84,43.61,0.87,234.4,0.08,42.46,0.08,327.66,0.31,44.48,0.3,163.99,0.79,43.9,0.77,127.88,0.46,43.33,0.47,86.52,0.32,43.5,0.31,140.73,0.41,43.61,0.42,219.23,0.54,43.21,0.52,79.65,0.91,44.02,0.93,296.96,0.18,43.37,0.18,254.75,0.35,44.3,0.34,136.39,-1645,-1500,-1800,43.626666666666665,5.909999999999999,0 days 00:10:00,True,52,-1647.0,-1653.0,-1648.0,-1645.0,-1645.0,-1644.0,BELOW
2026-08-01 09:50:29,33.23,62.89,0.75,43.73,0.78,173.55,0.84,44.02,0.87,174.69,0.08,42.52,0.08,327.66,0.31,44.19,0.31,191.94,0.79,43.61,0.8,142.56,0.46,43.15,0.46,94.49,0.32,43.73,0.31,137.28,0.41,43.79,0.42,171.41,0.54,43.33,0.54,79.4,0.91,44.02,0.94,268.41,0.18,43.67,0.18,206.68,0.35,44.25,0.34,138.91,-1633,-1500,-1800,43.6675,6.029999999999999,0 days 00:10:00,True,1,-1631.0,-1625.0,-1629.0,-1624.0,-1625.0,-1623.0,BELOW
2026-08-01 16:50:30,40.76,44.79,0.75,43.9,0.78,160.0,0.84,43.79,0.82,213.6,0.08,42.52,0.08,327.66,0.31,44.53,0.32,174.11,0.79,43.56,0.76,155.17,0.46,43.61,0.45,86.43,0.32,43.61,0.33,151.97,0.41,44.25,0.41,152.3,0.54,43.37,0.53,75.47,0.91,44.53,0.91,239.65,0.18,44.07,0.18,208.04,0.35,44.3,0.34,141.72,-1640,-1500,-1800,43.83666666666667,5.91,0 days 00:10:00,True,2,-1638.0,-1644.0,-1642.0,-1637.0,-1646.0,-1639.0,BELOW
2026-08-24 00:10:55,28.21,80.9,0.75,43.84,0.76,158.19,0.84,43.61,0.85,216.37,0.08,42.58,0.08,327.66,0.31,44.48,0.32,174.11,0.79,43.84,0.79,126.21,0.46,43.27,0.47,94.49,0.32,43.56,0.33,147.12,0.41,43.96,0.4,146.53,0.54,43.33,0.53,81.4,0.91,44.42,0.89,216.69,0.18,43.79,0.18,203.9,0.35,44.25,0.36,146.14,-1614,-1500,-1800,43.74416666666667,5.959999999999999,0 days 00:10:00,True,46,-1612.0,-1613.0,-1614.0,-1616.0,-1626.0,-1622.0,BELOW
2026-08-27 22:01:01,27.08,88.65,0.75,43.73,0.74,232.01,0.84,43.61,0.82,219.81,0.08,42.52,0.08,327.66,0.31,44.36,0.31,178.06,0.79,43.61,0.8,138.11,0.46,43.44,0.46,79.06,0.32,43.56,0.32,203.11,0.41,43.73,0.42,177.76,0.54,43.27,0.56,78.29,0.91,44.25,0.9,241.9,0.18,43.61,0.18,181.97,0.35,44.25,0.34,136.2,-1647,-1500,-1800,43.66166666666667,5.93,0 days 00:10:00,True,52,-1643.0,-1646.0,-1658.0,-1658.0,-1662.0,-1656.0,BELOW
2026-08-23 18:10:55,33.55,63.01,0.75,43.56,0.72,181.49,0.84,43.84,0.85,198.61,0.08,42.29,0.08,327.66,0.31,43.96,0.31,199.39,0.79,43.44,0.77,168.21,0.46,43.61,0.46,81.83,0.32,43.96,0.32,121.05,0.41,43.61,0.4,175.06,0.54,43.27,0.53,83.04,0.91,44.07,0.88,274.38,0.18,43.56,0.18,251.12,0.35,44.19,0.35,152.3,-1644,-1500,-1800,43.61333333333332,5.849999999999999,0 days 00:10:00,True,46,-1649.0,-1644.0,-1648.0,-1640.0,-1649.0,-1650.0,BELOW
2026-08-20 17:10:52,30.72,74.67,0.75,43.37,0.78,188.45,0.84,44.12,0.81,179.17,0.08,42.46,0.08,327.66,0.31,43.79,0.32,207.23,0.79,43.84,0.81,127.54,0.46,43.37,0.46,81.5,0.32,43.96,0.31,129.06,0.41,44.02,0.42,146.72,0.54,43.04,0.53,82.6,0.91,44.07,0.91,233.23,0.18,43.33,0.18,264.19,0.35,43.84,0.34,161.87,-1649,-1500,-1800,43.60083333333333,5.95,0 days 00:09:59,True,41,-1651.0,-1650.0,-1649.0,-1653.0,-1650.0,-1647.0,BELOW
2026-08-06 22:30:38,30.93,74.67,0.75,43.79,0.74,171.62,0.84,43.56,0.81,238.12,0.08,42.7,0.08,327.66,0.31,44.19,0.3,200.17,0.79,43.44,0.78,149.73,0.46,43.04,0.46,101.09,0.32,43.96,0.33,116.16,0.41,43.56,0.4,179.37,0.54,43.5,0.53,76.85,0.91,44.19,0.91,233.23,0.18,43.44,0.18,237.18,0.35,43.9,0.36,169.76,-1649,-1500,-1800,43.60583333333333,5.88,0 days 00:10:00,True,25,-1646.0,-1655.0,-1656.0,-1661.0,-1661.0,-1660.0,BELOW
2026-08-11 08:50:44,27.67,60.97,0.75,43.5,0.73,188.95,0.84,43.96,0.83,181.26,0.08,42.24,0.08,327.66,0.31,44.19,0.3,202.81,0.79,43.9,0.82,126.55,0.46,43.15,0.45,97.05,0.32,44.02,0.33,116.31,0.41,43.79,0.41,175.98,0.54,43.15,0.55,84.99,0.91,43.73,0.9,271.88,0.18,43.44,0.18,237.5,0.35,43.67,0.34,182.21,-1618,-1500,-1800,43.56166666666667,5.920000000000001,0 days 00:10:00,True,33,-1613.0,-1607.0,-1607.0,-1603.0,-1606.0,-1610.0,BELOW
2026-08-10 10:50:43,33.12,57.0,0.75,43.73,0.74,165.29,0.84,44.19,0.87,172.98,0.08,42.52,0.08,327.66,0.31,44.02,0.32,221.83,0.79,43.96,0.77,125.57,0.46,43.44,0.47,81.99,0.32,43.9,0.31,121.79,0.41,43.56,0.41,270.81,0.54,43.79,0.53,75.04,0.91,43.84,0.92,295.79,0.18,43.67,0.18,184.64,0.35,43.96,0.35,146.72,-1641,-1500,-1800,43.715,5.949999999999999,0 days 00:10:00,True,31,-1641.0,-1641.0,-1636.0,-1636.0,-1631.0,-1633.0,BELOW
2026-08-07 22:50:40,33.92,55.05,0.75,43.9,0.72,163.76,0.84,44.12,0.87,186.34,0.08,42.7,0.08,327.66,0.31,44.42,0.31,165.49,0.79,43.5,0.82,162.26,0.46,43.61,0.47,85.78,0.32,44.07,0.31,120.63,0.41,43.9,0.42,176.21,0.54,43.37,0.53,69.37,0.91,44.36,0.89,234.43,0.18,43.79,0.18,193.6,0.35,44.3,0.35,139.09,-1652,-1500,-1800,43.836666666666666,5.949999999999998,0 days 00:10:00,True,26,-1653.0,-1644.0,-1643.0,-1653.0,-1659.0,-1653.0,BELOW
2026-08-03 17:50:33,44.34,42.53,0.75,43.37,0.73,181.01,0.84,43.84,0.82,207.76,0.08,42.46,0.08,327.66,0.31,44.12,0.31,208.59,0.79,44.02,0.77,128.2,0.46,43.44,0.47,91.82,0.32,43.96,0.31,125.57,0.41,43.84,0.4,175.75,0.54,43.96,0.53,70.04,0.91,44.02,0.91,273.66,0.18,43.9,0.18,210.64,0.35,44.07,0.35,148.67,-1649,-1500,-1800,43.74999999999999,5.859999999999999,0 days 00:10:00,True,4,-1648.0,-1643.0,-1640.0,-1639.0,-1635.0,-1641.0,BELOW
2026-08-06 23:10:38,30.4,76.26,0.75,43.84,0.73,169.54,0.84,43.73,0.84,204.18,0.08,42.35,0.08,327.66,0.31,44.42,0.31,169.47,0.79,43.44,0.77,156.53,0.46,42.87,0.47,99.93,0.32,43.61,0.33,155.17,0.41,43.5,0.4,197.04,0.54,43.15,0.56,81.33,0.91,43.73,0.92,282.97,0.18,42.87,0.18,290.37,0.35,43.61,0.36,177.3,-1638,-1500,-1800,43.42666666666667,5.95,0 days 00:10:00,True,25,-1637.0,-1637.0,-1638.0,-1649.0,-1646.0,-1655.0,BELOW
2026-08-22 10:00:54,31.62,69.06,0.75,43.44,0.72,188.45,0.84,44.19,0.85,177.36,0.08,42.41,0.08,327.66,0.31,44.36,0.31,151.45,0.79,43.44,0.79,156.53,0.46,43.15,0.47,95.82,0.32,43.5,0.32,194.01,0.41,43.67,0.42,187.37,0.54,43.73,0.54,70.03,0.91,43.5,0.89,265.25,0.18,43.84,0.18,247.28,0.35,44.02,0.35,149.87,-1628,-1500,-1800,43.604166666666664,5.919999999999999,0 days 00:10:00,True,43,-1630.0,-1620.0,-1622.0,-1618.0,-1612.0,-1617.0,BELOW
2026-08-30 06:01:03,26.12,88.96,0.75,43.27,0.78,205.04,0.84,43.67,0.84,260.94,0.08,42.41,0.08,327.66,0.35,43.67,0.36,182.21,0.79,43.56,0.78,150.31,0.46,42.81,0.47,103.48,0.32,43.5,0.32,143.87,0.41,44.07,0.42,183.89,0.54,42.93,0.55,81.11,0.91,44.07,0.94,284.47,0.18,43.04,0.18,317.81,0.35,43.56,0.35,174.83,-1592,-1500,-1800,43.379999999999995,6.0699999999999985,0 days 00:10:00,True,52,-1582.0,-1583.0,-1586.0,-1579.0,-1584.0,-1582.0,TARGET
2026-08-19 07:10:51,25.91,89.14,0.75,43.37,0.75,199.64,0.84,43.73,0.81,213.87,0.08,42.29,0.08,327.66,0.31,43.96,0.32,207.76,0.79,43.5,0.77,143.48,0.46,43.5,0.45,85.56,0.32,43.79,0.33,118.67,0.41,44.3,0.42,144.64,0.54,42.98,0.52,85.29,0.91,44.12,0.9,233.23,0.18,43.44,0.18,208.99,0.35,43.73,0.34,155.59,-1591,-1500,-1800,43.55916666666667,5.870000000000001,0 days 00:10:01,True,40,-1586.0,-1586.0,-1584.0,-1579.0,-1588.0,-1578.0,TARGET
2026-08-17 22:50:49,26.12,88.69,0.75,43.79,0.74,165.29,0.84,43.9,0.87,187.87,0.08,42.58,0.08,327.66,0.31,43.96,0.3,217.79,0.79,43.37,0.78,152.64,0.46,43.5,0.45,79.61,0.32,43.5,0.33,146.92,0.41,44.07,0.41,142.78,0.54,43.56,0.55,73.36,0.91,44.07,0.92,218.08,0.18,43.44,0.18,202.57,0.35,44.07,0.34,148.67,-1610,-1500,-1800,43.65083333333334,5.95,0 days 00:10:00,True,39,-1619.0,-1616.0,-1620.0,-1626.0,-1626.0,-1625.0,TARGET
2026-08-15 02:10:48,25.37,85.6,0.75,43.21,0.72,201.5,0.84,44.02,0.84,158.39,0.08,42.58,0.08,327.66,0.31,43.96,0.32,217.51,0.79,43.67,0.81,131.87,0.46,42.93,0.45,119.55,0.32,43.56,0.32,147.12,0.41,44.07,0.4,144.06,0.54,43.27,0.53,81.76,0.91,43.96,0.93,244.22,0.18,43.33,0.18,236.56,0.35,43.67,0.35,162.91,-1595,-1500,-1800,43.519166666666656,5.93,0 days 00:10:00,True,38,-1587.0,-1596.0,-1607.0,-1609.0,-1609.0,-1610.0,TARGET
2026-08-04 03:20:33,30.34,72.78,0.75,43.79,0.77,167.28,0.84,44.36,0.87,158.05,0.08,42.46,0.08,327.66,0.31,44.42,0.3,178.51,0.79,43.73,0.77,145.95,0.46,43.37,0.47,92.32,0.32,43.84,0.31,128.89,0.41,43.96,0.41,253.43,0.54,43.61,0.56,78.12,0.91,44.19,0.94,245.82,0.18,43.61,0.18,219.51,0.35,43.67,0.36,165.07,-1608,-1500,-1800,43.75083333333333,6.0200000000000005,0 days 00:09:59,True,5,-1613.0,-1615.0,-1613.0,-1615.0,-1622.0,-1621.0,TARGET
2026-08-23 02:00:55,26.76,83.83,0.75,43.44,0.74,194.01,0.84,43.67,0.84,213.04,0.08,42.46,0.08,327.66,0.31,44.48,0.32,174.11,0.79,43.27,0.76,161.41,0.46,43.27,0.45,91.47,0.32,43.9,0.32,119.13,0.41,43.79,0.41,165.07,0.54,43.27,0.55,79.86,0.91,44.3,0.94,234.14,0.18,43.73,0.18,206.96,0.35,44.07,0.36,137.19,-1591,-1500,-1800,43.637499999999996,5.95,0 days 00:10:00,True,44,-1593.0,-1587.0,-1591.0,-1594.0,-1602.0,-1598.0,TARGET
2026-08-29 03:21:03,26.5,89.94,0.75,43.5,0.72,197.04,0.84,43.61,0.87,216.09,0.08,42.29,0.08,327.66,0.31,44.07,0.3,199.39,0.79,43.61,0.81,136.73,0.46,42.98,0.45,98.18,0.32,43.44,0.33,153.25,0.41,44.02,0.4,145.2,0.54,43.67,0.56,73.56,0.91,43.9,0.89,290.4,0.18,43.27,0.18,263.85,0.35,43.9,0.35,158.39,-1596,-1500,-1800,43.52166666666667,5.9399999999999995,0 days 00:10:01,True,52,-1592.0,-1587.0,-1588.0,-1596.0,-1599.0,-1603.0,TARGET
2026-08-30 00:51:03,27.46,87.46,0.75,43.79,0.78,171.41,0.84,44.07,0.86,199.65,0.08,42.41,0.08,327.66,0.31,44.07,0.31,205.25,0.79,43.37,0.82,161.62,0.46,42.98,0.45,102.47,0.32,44.48,0.32,117.52,0.41,43.84,0.41,165.5,0.54,43.37,0.56,76.42,0.91,44.3,0.88,234.14,0.18,43.04,0.18,325.37,0.35,44.02,0.35,214.73,-1601,-1500,-1800,43.645,5.999999999999999,0 days 00:10:00,True,52,-1613.0,-1612.0,-1617.0,-1618.0,-1620.0,-1626.0,TARGET
2026-08-26 04:50:59,27.4,78.92,0.75,43.73,0.73,170.96,0.84,43.84,0.81,204.45,0.08,42.24,0.08,327.66,0.31,44.25,0.3,180.1,0.79,43.5,0.81,154.98,0.46,43.44,0.45,87.3,0.32,43.5,0.31,153.25,0.41,43.79,0.42,167.28,0.54,43.33,0.53,75.07,0.91,43.84,0.88,296.19,0.18,43.21,0.18,280.0,0.35,44.12,0.36,153.97,-1600,-1500,-1800,43.56583333333333,5.86,0 days 00:10:00,True,49,-1599.0,-1599.0,-1589.0,-1591.0,-1588.0,-1592.0,TARGET
2026-08-10 03:00:43,29.81,64.94,0.75,43.44,0.78,218.65,0.84,44.07,0.81,178.7,0.08,42.58,0.08,327.66,0.31,44.02,0.31,208.59,0.79,43.44,0.79,188.95,0.46,42.93,0.45,101.57,0.32,43.9,0.32,120.16,0.41,44.07,0.42,147.11,0.54,43.33,0.53,78.61,0.91,44.02,0.88,285.21,0.18,43.44,0.18,255.09,0.35,44.07,0.36,141.16,-1592,-1500,-1800,43.60916666666666,5.91,0 days 00:10:00,True,29,-1601.0,-1596.0,-1602.0,-1601.0,-1608.0,-1606.0,TARGET
2026-08-19 01:00:51,26.6,81.73,0.75,43.33,0.74,211.36,0.84,44.12,0.82,170.43,0.08,42.52,0.08,327.66,0.31,43.9,0.32,210.92,0.79,43.96,0.81,122.27,0.46,43.5,0.45,83.7,0.32,43.9,0.32,94.06,0.41,43.56,0.4,186.64,0.54,43.21,0.52,81.07,0.91,43.96,0.93,263.34,0.18,43.37,0.18,281.12,0.35,44.12,0.35,145.75,-1594,-1500,-1800,43.62083333333333,5.92,0 days 00:10:00,True,40,-1602.0,-1605.0,-1611.0,-1610.0,-1610.0,-1604.0,TARGET
2026-08-10 03:30:42,29.22,66.92,0.75,43.79,0.73,163.34,0.84,43.56,0.83,321.19,0.08,42.29,0.08,327.66,0.31,44.07,0.31,191.44,0.79,43.96,0.78,126.71,0.46,43.21,0.47,86.29,0.32,43.5,0.31,148.31,0.41,43.96,0.42,153.17,0.54,43.67,0.54,70.65,0.91,43.84,0.91,267.71,0.18,43.73,0.18,195.3,0.35,43.96,0.35,162.08,-1602,-1500,-1800,43.62833333333334,5.91,0 days 00:09:59,True,29,-1601.0,-1604.0,-1592.0,-1601.0,-1596.0,-1602.0,TARGET
2026-08-10 04:10:43,29.22,67.13,0.75,43.27,0.72,211.08,0.84,44.12,0.85,166.59,0.08,42.24,0.08,327.66,0.31,44.48,0.32,171.99,0.79,43.44,0.77,160.37,0.46,43.37,0.46,88.75,0.32,43.96,0.32,113.17,0.41,43.73,0.42,171.41,0.54,43.67,0.53,71.01,0.91,43.84,0.93,308.94,0.18,43.67,0.18,195.04,0.35,43.73,0.36,169.32,-1592,-1500,-1800,43.626666666666665,5.9399999999999995,0 days 00:10:00,True,29,-1597.0,-1601.0,-1602.0,-1602.0,-1601.0,-1604.0,TARGET
2026-08-04 07:40:34,30.56,73.21,0.75,43.5,0.77,225.82,0.84,43.84,0.83,201.75,0.08,42.87,0.08,327.66,0.31,44.48,0.31,171.99,0.79,43.44,0.77,152.84,0.46,43.5,0.46,84.62,0.32,43.84,0.31,159.8,0.41,43.79,0.42,165.07,0.54,43.73,0.54,71.47,0.91,44.02,0.94,249.24,0.18,43.44,0.18,241.99,0.35,43.84,0.35,167.72,-1608,-1500,-1800,43.69083333333334,5.959999999999999,0 days 00:10:01,True,6,-1613.0,-1606.0,-1610.0,-1609.0,-1610.0,-1600.0,TARGET
2026-08-07 03:10:38,28.85,78.37,0.75,43.5,0.73,194.53,0.84,43.61,0.87,226.71,0.08,42.52,0.08,327.66,0.31,44.36,0.3,173.66,0.79,43.37,0.79,154.56,0.46,43.04,0.45,100.21,0.32,43.33,0.31,138.77,0.41,43.56,0.4,179.37,0.54,43.73,0.54,70.65,0.91,44.25,0.93,269.81,0.18,43.67,0.18,197.57,0.35,44.25,0.34,149.06,-1603,-1500,-1800,43.59916666666667,5.92,0 days 00:10:00,True,25,-1607.0,-1617.0,-1616.0,-1615.0,-1616.0,-1616.0,TARGET
2026-08-16 23:00:49,27.03,81.82,0.75,43.21,0.75,190.31,0.84,43.9,0.85,204.72,0.08,42.35,0.08,327.66,0.31,44.12,0.3,181.5,0.79,43.5,0.76,154.98,0.46,43.27,0.45,83.15,0.32,43.84,0.32,140.42,0.41,43.73,0.4,175.51,0.54,43.73,0.54,68.21,0.91,43.96,0.88,249.24,0.18,43.56,0.18,251.12,0.35,44.02,0.34,131.84,-1609,-1500,-1800,43.59916666666667,5.85,0 days 00:10:01,True,39,-1614.0,-1618.0,-1615.0,-1617.0,-1620.0,-1626.0,TARGET
2026-08-19 00:40:51,26.76,80.44,0.75,43.79,0.75,157.76,0.84,43.61,0.85,287.74,0.08,42.7,0.08,327.66,0.31,44.48,0.3,178.29,0.79,43.73,0.82,140.06,0.46,43.44,0.45,85.03,0.32,43.56,0.32,151.76,0.41,44.12,0.41,147.3,0.54,43.33,0.54,80.92,0.91,43.73,0.91,266.29,0.18,43.27,0.18,258.87,0.35,44.02,0.36,146.92,-1605,-1500,-1800,43.64833333333333,5.970000000000001,0 days 00:10:00,True,40,-1611.0,-1610.0,-1610.0,-1604.0,-1608.0,-1608.0,TARGET
2026-08-09 04:30:41,30.24,64.6,0.75,43.9,0.77,167.72,0.84,43.96,0.83,176.44,0.08,42.7,0.08,327.66,0.31,44.25,0.3,186.82,0.79,43.44,0.76,149.73,0.46,43.5,0.46,83.31,0.32,43.84,0.31,126.21,0.41,44.07,0.4,145.58,0.54,43.56,0.55,71.56,0.91,43.73,0.92,223.65,0.18,43.73,0.18,213.6,0.35,44.19,0.35,142.98,-1604,-1500,-1800,43.73916666666668,5.909999999999999,0 days 00:09:59,True,27,-1607.0,-1602.0,-1606.0,-1609.0,-1611.0,-1611.0,TARGET
2026-08-03 07:30:32,29.27,74.98,0.75,43.73,0.75,184.87,0.84,43.9,0.82,183.4,0.08,42.24,0.08,327.66,0.31,43.96,0.31,220.96,0.79,43.96,0.8,149.87,0.46,43.1,0.45,95.43,0.32,43.61,0.31,139.69,0.41,44.07,0.42,145.58,0.54,43.44,0.56,81.5,0.91,44.07,0.92,258.79,0.18,43.27,0.18,269.74,0.35,43.84,0.35,261.97,-1607,-1500,-1800,43.59916666666667,5.949999999999999,0 days 00:10:00,True,4,-1602.0,-1604.0,-1606.0,-1606.0,-1607.0,-1602.0,TARGET
2026-08-01 05:20:29,27.78,77.88,0.75,43.44,0.75,215.51,0.84,43.73,0.83,206.96,0.08,42.58,0.08,327.66,0.31,44.02,0.31,208.32,0.79,43.67,0.8,157.14,0.46,43.27,0.46,91.34,0.32,43.73,0.33,131.87,0.41,43.84,0.42,175.98,0.54,43.67,0.54,76.5,0.91,44.19,0.94,327.66,0.18,43.5,0.18,199.37,0.35,44.02,0.35,221.54,-1601,-1500,-1800,43.63833333333333,5.99,0 days 00:09:59,True,1,-1603.0,-1597.0,-1603.0,-1606.0,-1595.0,-1611.0,TARGET
2026-08-23 08:20:55,30.18,73.58,0.75,43.37,0.75,215.23,0.84,44.02,0.82,186.09,0.08,42.64,0.08,327.66,0.31,44.48,0.31,165.92,0.79,43.96,0.81,120.16,0.46,42.93,0.46,103.89,0.32,43.5,0.31,153.25,0.41,44.12,0.41,144.25,0.54,43.79,0.52,73.36,0.91,44.42,0.89,223.57,0.18,43.73,0.18,189.95,0.35,43.79,0.36,144.44,-1604,-1500,-1800,43.729166666666664,5.9,0 days 00:10:01,True,45,-1603.0,-1601.0,-1597.0,-1597.0,-1593.0,-1591.0,TARGET
2026-08-03 06:30:33,28.58,76.48,0.75,43.44,0.73,202.3,0.84,44.07,0.83,179.17,0.08,42.46,0.08,327.66,0.31,44.12,0.32,208.86,0.79,43.44,0.8,158.53,0.46,42.98,0.46,104.04,0.32,43.56,0.33,155.17,0.41,43.56,0.42,189.2,0.54,43.04,0.54,82.32,0.91,44.07,0.92,258.47,0.18,43.44,0.18,222.18,0.35,43.56,0.35,177.07,-1602,-1500,-1800,43.47833333333333,5.959999999999999,0 days 00:10:01,True,4,-1603.0,-1600.0,-1600.0,-1610.0,-1600.0,-1599.0,TARGET
2026-08-17 23:30:50,25.91,88.84,0.75,43.27,0.72,204.78,0.84,43.96,0.85,180.79,0.08,42.58,0.08,327.66,0.31,44.19,0.32,184.6,0.79,43.56,0.79,147.12,0.46,42.87,0.46,100.82,0.32,43.56,0.31,151.97,0.41,43.44,0.41,181.25,0.54,43.04,0.56,85.18,0.91,44.25,0.9,229.7,0.18,43.61,0.18,242.62,0.35,43.67,0.36,162.7,-1609,-1500,-1800,43.5,5.94,0 days 00:10:00,True,39,-1606.0,-1613.0,-1613.0,-1610.0,-1619.0,-1616.0,TARGET
2026-08-03 05:00:32,28.15,77.64,0.75,43.44,0.72,211.92,0.84,44.3,0.84,175.6,0.08,42.58,0.08,327.66,0.31,44.42,0.32,176.06,0.79,43.56,0.78,153.45,0.46,42.98,0.45,104.04,0.32,43.5,0.31,151.37,0.41,43.96,0.41,174.24,0.54,43.15,0.53,85.63,0.91,44.02,0.88,258.79,0.18,43.15,0.18,311.0,0.35,43.67,0.35,177.54,-1606,-1500,-1800,43.56083333333333,5.85,0 days 00:10:00,True,4,-1599.0,-1609.0,-1613.0,-1607.0,-1610.0,-1607.0,TARGET
2026-08-27 03:31:00,28.74,78.46,0.75,43.56,0.77,186.64,0.84,44.07,0.84,183.89,0.08,42.7,0.08,327.66,0.31,44.48,0.31,227.17,0.79,43.37,0.79,163.76,0.46,43.04,0.47,100.95,0.32,44.02,0.33,115.2,0.41,44.12,0.42,144.25,0.54,43.37,0.52,78.61,0.91,44.12,0.89,218.36,0.18,43.56,0.18,212.2,0.35,43.61,0.34,172.87,-1602,-1500,-1800,43.66833333333333,5.939999999999999,0 days 00:10:00,True,52,-1596.0,-1601.0,-1597.0,-1605.0,-1609.0,-1608.0,TARGET
2026-08-14 07:30:46,26.6,72.17,0.75,43.79,0.73,171.41,0.84,44.02,0.83,178.94,0.08,42.81,0.08,327.66,0.35,43.9,0.36,154.47,0.79,43.79,0.79,127.21,0.46,43.33,0.46,96.88,0.32,43.84,0.33,156.2,0.41,44.07,0.41,139.75,0.54,43.73,0.56,74.04,0.91,43.84,0.94,267.71,0.18,43.27,0.18,258.87,0.35,43.96,0.34,150.08,-1599,-1500,-1800,43.69583333333333,6.01,0 days 00:10:00,True,37,-1600.0,-1607.0,-1596.0,-1587.0,-1592.0,-1592.0,TARGET
2026-08-28 01:21:02,26.82,88.93,0.75,43.73,0.75,162.91,0.84,43.73,0.87,200.96,0.08,42.58,0.08,327.66,0.31,44.25,0.31,189.84,0.79,43.9,0.76,121.05,0.46,43.1,0.45,95.43,0.32,43.5,0.33,149.92,0.41,43.79,0.4,178.0,0.54,43.27,0.52,79.65,0.91,43.79,0.9,315.97,0.18,43.21,0.18,298.26,0.35,44.12,0.35,155.48,-1610,-1500,-1800,43.58083333333334,5.9,0 days 00:10:01,True,52,-1604.0,-1608.0,-1612.0,-1616.0,-1623.0,-1622.0,TARGET
2026-08-14 01:40:47,26.23,70.98,0.75,43.44,0.76,202.3,0.84,43.67,0.82,230.79,0.08,42.7,0.08,327.66,0.31,44.36,0.32,185.32,0.79,43.33,0.82,154.36,0.46,43.61,0.47,84.21,0.32,44.02,0.32,118.28,0.41,43.73,0.42,178.0,0.54,43.27,0.52,83.15,0.91,43.79,0.93,271.88,0.18,43.61,0.18,206.4,0.35,43.79,0.36,173.55,-1601,-1500,-1800,43.61000000000001,6.000000000000001,0 days 00:10:00,True,36,-1600.0,-1606.0,-1606.0,-1600.0,-1609.0,-1612.0,TARGET
2026-08-25 02:00:57,27.88,76.6,0.75,43.44,0.75,202.3,0.84,43.56,0.87,246.62,0.08,42.35,0.08,327.66,0.31,44.42,0.31,176.29,0.79,43.5,0.81,166.18,0.46,43.15,0.46,97.18,0.32,43.5,0.32,155.17,0.41,44.02,0.4,166.16,0.54,43.73,0.54,72.97,0.91,44.02,0.88,273.66,0.18,43.37,0.18,237.18,0.35,43.96,0.34,164.2,-1594,-1500,-1800,43.585,5.9399999999999995,0 days 00:09:59,True,47,-1593.0,-1599.0,-1603.0,-1605.0,-1600.0,-1605.0,TARGET
2026-08-02 04:20:31,27.99,76.69,0.75,43.67,0.78,173.1,0.84,43.9,0.87,190.69,0.08,42.64,0.08,327.66,0.31,43.84,0.32,204.45,0.79,43.79,0.77,133.33,0.46,42.98,0.47,104.84,0.32,43.9,0.33,126.38,0.41,43.61,0.4,194.78,0.54,43.5,0.53,75.26,0.91,44.02,0.9,244.54,0.18,43.5,0.18,222.18,0.35,43.9,0.34,156.62,-1604,-1500,-1800,43.604166666666664,5.970000000000001,0 days 00:10:00,True,2,-1603.0,-1609.0,-1601.0,-1606.0,-1612.0,-1607.0,TARGET
2026-08-11 02:40:44,27.14,64.39,0.75,43.84,0.76,156.2,0.84,43.84,0.85,210.64,0.08,42.41,0.08,327.66,0.31,44.42,0.31,156.5,0.79,43.96,0.79,129.06,0.46,43.5,0.47,83.09,0.32,43.44,0.33,151.56,0.41,43.9,0.41,175.98,0.54,43.37,0.53,79.15,0.91,44.12,0.9,264.03,0.18,43.15,0.18,290.75,0.35,43.73,0.35,164.85,-1602,-1500,-1800,43.63999999999999,5.96,0 days 00:10:00,True,32,-1597.0,-1600.0,-1609.0,-1608.0,-1608.0,-1611.0,TARGET
2026-08-03 05:10:32,27.99,77.97,0.75,43.27,0.77,319.07,0.84,44.02,0.86,183.4,0.08,42.41,0.08,327.66,0.31,44.48,0.32,163.99,0.79,43.44,0.79,156.31,0.46,43.27,0.46,92.2,0.32,43.73,0.33,101.95,0.41,44.02,0.42,156.81,0.54,43.67,0.53,84.84,0.91,44.02,0.92,268.75,0.18,43.27,0.18,258.53,0.35,43.67,0.35,192.33,-1602,-1500,-1800,43.60583333333333,6.01,0 days 00:10:00,True,4,-1606.0,-1599.0,-1609.0,-1613.0,-1607.0,-1610.0,TARGET
2026-08-16 00:10:48,26.39,77.79,0.75,43.79,0.77,161.44,0.84,43.84,0.85,198.61,0.08,42.64,0.08,327.66,0.31,44.42,0.31,165.7,0.79,43.33,0.79,149.53,0.46,43.15,0.47,95.68,0.32,43.67,0.31,135.75,0.41,43.61,0.4,181.73,0.54,43.33,0.53,75.07,0.91,43.73,0.89,271.53,0.18,43.44,0.18,255.09,0.35,43.79,0.34,159.37,-1605,-1500,-1800,43.56166666666667,5.92,0 days 00:10:00,True,38,-1602.0,-1606.0,-1611.0,-1607.0,-1611.0,-1612.0,TARGET
2026-08-22 01:50:54,27.14,82.24,0.75,43.33,0.74,208.15,0.84,43.73,0.86,200.96,0.08,42.52,0.08,327.66,0.31,44.42,0.3,161.89,0.79,43.67,0.8,147.31,0.46,42.98,0.45,108.17,0.32,43.9,0.33,121.21,0.41,43.79,0.41,180.31,0.54,43.56,0.55,72.68,0.91,43.9,0.94,262.66,0.18,43.27,0.18,263.85,0.35,44.3,0.36,151.05,-1595,-1500,-1800,43.61416666666667,6.000000000000001,0 days 00:10:01,True,43,-1594.0,-1600.0,-1607.0,-1603.0,-1601.0,-1609.0,TARGET
2026-08-27 06:11:01,29.06,77.45,0.75,43.67,0.78,179.6,0.84,43.79,0.83,189.95,0.08,42.35,0.08,327.66,0.31,44.07,0.31,208.59,0.79,43.96,0.81,126.71,0.46,43.15,0.46,95.68,0.32,43.56,0.33,162.48,0.41,43.67,0.41,177.76,0.54,43.73,0.54,75.86,0.91,44.19,0.94,326.28,0.18,43.5,0.18,260.59,0.35,44.02,0.36,147.11,-1603,-1500,-1800,43.63833333333334,6.03,0 days 00:10:01,True,52,-1604.0,-1601.0,-1599.0,-1599.0,-1598.0,-1601.0,TARGET
2026-08-11 03:20:43,26.87,64.14,0.75,43.37,0.75,208.15,0.84,44.02,0.87,186.09,0.08,42.18,0.08,327.66,0.31,43.9,0.31,232.01,0.79,43.9,0.81,125.41,0.46,43.5,0.45,91.95,0.32,43.61,0.31,136.73,0.41,43.73,0.4,220.1,0.54,43.73,0.56,68.64,0.91,44.25,0.91,233.83,0.18,43.5,0.18,222.47,0.35,44.02,0.36,162.28,-1597,-1500,-1800,43.642500000000005,5.990000000000001,0 days 00:10:00,True,32,-1599.0,-1594.0,-1598.0,-1602.0,-1597.0,-1600.0,TARGET
2026-08-06 03:10:37,29.54,77.97,0.75,43.79,0.74,157.98,0.84,43.61,0.86,213.04,0.08,42.7,0.08,327.66,0.31,44.25,0.3,187.31,0.79,43.84,0.77,128.56,0.46,43.33,0.47,89.91,0.32,43.73,0.31,140.06,0.41,43.56,0.42,184.15,0.54,43.04,0.52,81.72,0.91,44.25,0.89,237.79,0.18,43.33,0.18,199.11,0.35,43.61,0.36,265.94,-1607,-1500,-1800,43.58666666666667,5.8999999999999995,0 days 00:10:01,True,18,-1610.0,-1611.0,-1618.0,-1615.0,-1610.0,-1621.0,TARGET
2026-08-25 02:10:57,27.56,78.09,0.75,43.37,0.76,211.64,0.84,43.73,0.87,219.81,0.08,42.58,0.08,327.66,0.31,44.42,0.31,227.17,0.79,43.9,0.81,156.0,0.46,43.44,0.46,83.48,0.32,43.79,0.31,133.67,0.41,43.56,0.41,189.45,0.54,43.67,0.53,71.47,0.91,43.73,0.94,308.53,0.18,43.33,0.18,286.22,0.35,43.96,0.35,160.22,-1597,-1500,-1800,43.62333333333334,6.01,0 days 00:10:00,True,47,-1594.0,-1593.0,-1599.0,-1603.0,-1605.0,-1600.0,TARGET
2026-08-11 03:30:44,26.92,63.59,0.75,43.73,0.73,182.45,0.84,43.67,0.85,322.03,0.08,42.35,0.08,327.66,0.31,43.9,0.32,217.51,0.79,43.44,0.77,171.96,0.46,43.1,0.46,99.02,0.32,43.79,0.32,128.56,0.41,44.12,0.42,152.09,0.54,43.67,0.56,74.44,0.91,44.25,0.92,233.83,0.18,43.61,0.18,189.45,0.35,43.96,0.35,164.2,-1594,-1500,-1800,43.6325,5.959999999999999,0 days 00:10:01,True,32,-1597.0,-1599.0,-1594.0,-1598.0,-1602.0,-1597.0,TARGET
2026-08-23 08:50:55,31.68,70.49,0.75,43.67,0.74,189.7,0.84,44.12,0.84,177.12,0.08,42.7,0.08,327.66,0.31,44.48,0.32,169.69,0.79,43.73,0.76,131.87,0.46,43.37,0.46,83.37,0.32,43.5,0.32,153.25,0.41,43.9,0.4,190.69,0.54,43.5,0.56,73.76,0.91,44.19,0.88,327.66,0.18,43.56,0.18,270.44,0.35,44.3,0.34,139.09,-1609,-1500,-1800,43.751666666666665,5.88,0 days 00:10:00,True,45,-1613.0,-1610.0,-1604.0,-1603.0,-1601.0,-1597.0,TARGET
2026-08-26 01:10:59,28.31,76.96,0.75,43.33,0.78,205.04,0.84,43.67,0.81,219.81,0.08,42.87,0.08,327.66,0.31,43.84,0.32,217.23,0.79,43.37,0.76,156.31,0.46,43.04,0.45,96.11,0.32,43.79,0.33,134.97,0.41,43.67,0.4,177.76,0.54,43.04,0.54,84.24,0.91,43.96,0.91,290.76,0.18,43.56,0.18,256.1,0.35,43.9,0.36,161.66,-1609,-1500,-1800,43.50333333333334,5.920000000000001,0 days 00:10:01,True,49,-1615.0,-1612.0,-1609.0,-1610.0,-1613.0,-1621.0,TARGET
2026-08-15 23:30:49,26.34,77.42,0.75,43.84,0.72,161.66,0.84,43.73,0.86,220.37,0.08,42.41,0.08,327.66,0.31,44.3,0.32,192.44,0.79,43.44,0.82,148.12,0.46,43.44,0.47,84.5,0.32,43.5,0.32,155.17,0.41,43.67,0.42,164.64,0.54,43.37,0.56,76.94,0.91,43.73,0.88,256.78,0.18,43.27,0.18,254.42,0.35,43.96,0.36,148.48,-1607,-1500,-1800,43.555,5.99,0 days 00:10:01,True,38,-1611.0,-1612.0,-1623.0,-1625.0,-1622.0,-1630.0,TARGET
2026-08-06 03:20:36,29.17,80.08,0.75,43.33,0.73,221.87,0.84,44.02,0.85,178.94,0.08,42.64,0.08,327.66,0.31,44.19,0.31,203.33,0.79,43.5,0.76,149.73,0.46,43.27,0.45,89.67,0.32,43.96,0.32,127.54,0.41,43.67,0.4,177.3,0.54,43.33,0.54,78.4,0.91,44.25,0.89,238.11,0.18,43.61,0.18,219.51,0.35,44.12,0.35,157.23,-1603,-1500,-1800,43.6575,5.859999999999999,0 days 00:09:59,True,18,-1607.0,-1610.0,-1611.0,-1618.0,-1615.0,-1610.0,TARGET
2026-08-04 05:20:34,29.65,74.13,0.75,43.5,0.75,199.9,0.84,44.12,0.84,177.12,0.08,42.29,0.08,327.66,0.31,44.02,0.3,211.2,0.79,43.73,0.8,134.8,0.46,43.27,0.47,93.85,0.32,44.07,0.31,118.43,0.41,43.9,0.41,190.69,0.54,43.37,0.52,78.15,0.91,44.19,0.91,249.89,0.18,43.61,0.18,212.76,0.35,43.61,0.36,173.1,-1609,-1500,-1800,43.63999999999999,5.930000000000001,0 days 00:10:00,True,5,-1611.0,-1613.0,-1605.0,-1606.0,-1611.0,-1610.0,TARGET
2026-08-12 07:30:45,23.34,62.43,0.75,43.37,0.77,205.32,0.84,43.9,0.87,190.94,0.08,42.41,0.08,327.66,0.31,44.3,0.3,182.44,0.79,43.5,0.82,156.53,0.46,42.87,0.45,114.22,0.32,43.96,0.32,115.2,0.41,43.61,0.42,195.04,0.54,43.1,0.55,82.82,0.91,43.79,0.92,248.26,0.18,43.15,0.18,304.09,0.35,43.96,0.34,148.28,-1595,-1500,-1800,43.49333333333334,6.02,0 days 00:10:00,True,34,-1589.0,-1583.0,-1582.0,-1581.0,-1588.0,-1577.0,TARGET
2026-08-01 03:50:29,27.72,77.79,0.75,43.44,0.75,188.45,0.84,43.79,0.86,195.3,0.08,42.35,0.08,327.66,0.31,44.42,0.31,165.7,0.79,43.9,0.77,130.27,0.46,43.5,0.45,84.1,0.32,44.02,0.33,120.32,0.41,44.12,0.41,141.34,0.54,43.73,0.52,74.15,0.91,44.3,0.94,305.4,0.18,43.67,0.18,238.76,0.35,44.02,0.35,155.08,-1610,-1500,-1800,43.77166666666667,5.949999999999999,0 days 00:10:00,True,1,-1607.0,-1607.0,-1620.0,-1623.0,-1623.0,-1624.0,TARGET
2026-08-25 05:40:57,27.46,78.0,0.75,43.33,0.76,211.36,0.84,44.07,0.81,172.53,0.08,42.7,0.08,327.66,0.31,44.07,0.3,215.01,0.79,43.79,0.76,129.75,0.46,43.15,0.46,99.16,0.32,44.02,0.33,113.47,0.41,43.33,0.4,275.13,0.54,43.61,0.53,74.25,0.91,43.96,0.9,268.06,0.18,43.33,0.18,269.74,0.35,44.02,0.34,168.37,-1593,-1500,-1800,43.615,5.85,0 days 00:10:00,True,47,-1589.0,-1583.0,-1584.0,-1584.0,-1586.0,-1580.0,TARGET
2026-08-14 02:10:46,25.8,72.11,0.75,43.33,0.75,241.03,0.84,44.12,0.81,181.73,0.08,42.46,0.08,327.66,0.31,44.02,0.3,225.12,0.79,43.61,0.78,135.39,0.46,42.93,0.47,102.34,0.32,43.84,0.31,125.25,0.41,43.61,0.4,179.37,0.54,43.15,0.56,81.93,0.91,44.07,0.88,245.18,0.18,43.56,0.18,191.82,0.35,44.12,0.34,155.48,-1592,-1500,-1800,43.568333333333335,5.86,0 days 00:10:00,True,36,-1601.0,-1602.0,-1601.0,-1600.0,-1606.0,-1606.0,TARGET
2026-08-15 01:50:47,25.05,89.51,0.75,43.9,0.73,207.23,0.84,43.79,0.85,182.93,0.08,42.41,0.08,327.66,0.31,44.25,0.31,189.59,0.79,43.9,0.81,115.04,0.46,42.98,0.46,98.75,0.32,43.84,0.31,121.95,0.31,43.79,0.3,204.45,0.54,43.1,0.55,78.87,0.91,43.79,0.94,252.11,0.18,43.21,0.18,280.0,0.35,43.9,0.36,156.62,-1596,-1500,-1800,43.57166666666668,5.88,0 days 00:10:00,True,38,-1607.0,-1609.0,-1609.0,-1610.0,-1608.0,-1607.0,TARGET
2026-08-27 03:41:00,28.85,77.88,0.75,43.84,0.74,167.28,0.84,43.9,0.81,244.22,0.08,42.12,0.08,327.66,0.31,43.96,0.31,236.25,0.79,43.84,0.78,143.31,0.46,42.98,0.45,96.79,0.32,44.07,0.33,122.59,0.41,44.02,0.4,208.32,0.54,43.73,0.53,75.76,0.91,44.25,0.91,255.09,0.18,43.67,0.18,209.82,0.35,43.79,0.36,161.44,-1603,-1500,-1800,43.68083333333334,5.880000000000001,0 days 00:10:00,True,52,-1602.0,-1596.0,-1601.0,-1597.0,-1605.0,-1609.0,TARGET
2026-08-30 07:21:03,26.76,90.03,0.75,43.79,0.73,157.76,0.84,44.02,0.87,174.46,0.08,42.58,0.08,327.66,0.31,44.07,0.32,212.01,0.79,43.5,0.78,145.19,0.46,43.27,0.47,90.86,0.32,44.07,0.33,116.46,0.41,43.79,0.4,206.96,0.54,43.73,0.53,73.75,0.91,44.19,0.89,250.21,0.18,43.67,0.18,189.7,0.35,43.96,0.36,151.5,-1604,-1500,-1800,43.72,5.9399999999999995,0 days 00:10:00,True,52,-1603.0,-1599.0,-1601.0,-1596.0,-1594.0,-1594.0,TARGET
2026-08-05 05:30:35,28.85,85.72,0.75,43.27,0.77,192.99,0.84,43.37,0.85,193.76,0.08,42.46,0.08,327.66,0.31,43.84,0.31,201.48,0.79,43.9,0.77,119.13,0.46,43.44,0.46,80.18,0.32,44.02,0.31,111.64,0.41,43.56,0.41,181.73,0.54,43.44,0.56,70.9,0.91,44.07,0.9,249.56,0.18,43.44,0.18,250.12,0.35,44.12,0.36,170.43,-1603,-1500,-1800,43.57749999999999,5.960000000000001,0 days 00:10:00,True,10,-1597.0,-1593.0,-1601.0,-1604.0,-1603.0,-1599.0,TARGET
2026-08-09 05:50:41,30.29,64.11,0.75,43.79,0.77,165.29,0.91,43.73,0.94,261.28,0.08,42.58,0.08,327.66,0.31,44.02,0.31,211.75,0.79,43.37,0.77,161.84,0.46,43.56,0.47,86.32,0.32,43.61,0.31,157.76,0.41,43.56,0.42,203.11,0.54,43.21,0.56,93.21,0.91,44.07,0.91,253.76,0.18,43.67,0.18,197.83,0.35,44.19,0.35,131.84,-1593,-1500,-1800,43.61333333333334,6.07,0 days 00:10:00,True,27,-1599.0,-1608.0,-1608.0,-1609.0,-1599.0,-1609.0,TARGET
2026-08-16 23:10:49,26.76,81.82,0.75,43.9,0.75,156.41,0.84,43.56,0.82,213.04,0.08,42.46,0.08,327.66,0.31,44.36,0.32,190.09,0.79,43.56,0.81,143.87,0.46,43.5,0.47,82.1,0.32,43.37,0.31,151.17,0.41,43.9,0.41,167.72,0.54,43.1,0.53,80.28,0.91,43.84,0.94,327.66,0.18,43.21,0.18,327.66,0.35,44.19,0.34,152.5,-1604,-1500,-1800,43.57916666666667,5.959999999999999,0 days 00:10:00,True,39,-1609.0,-1614.0,-1618.0,-1615.0,-1617.0,-1620.0,TARGET
2026-08-02 04:10:31,28.26,76.05,0.75,43.61,0.77,179.6,0.84,44.02,0.81,204.98,0.08,42.58,0.08,327.66,0.31,44.02,0.31,202.01,0.79,43.21,0.8,148.92,0.46,43.37,0.46,89.32,0.32,43.84,0.32,140.61,0.41,43.9,0.42,161.66,0.54,43.67,0.56,69.83,0.91,44.19,0.89,249.89,0.18,43.56,0.18,215.51,0.35,44.25,0.35,150.86,-1603,-1500,-1800,43.685,5.949999999999999,0 days 00:10:01,True,2,-1609.0,-1601.0,-1606.0,-1612.0,-1607.0,-1609.0,TARGET
2026-08-17 00:10:49,26.92,81.63,0.75,43.33,0.76,201.76,0.84,43.73,0.81,220.1,0.08,42.64,0.08,327.66,0.31,44.02,0.32,188.61,0.79,43.67,0.8,126.88,0.46,43.21,0.47,93.21,0.32,43.61,0.31,139.69,0.41,43.84,0.42,163.56,0.54,43.04,0.55,80.64,0.91,43.84,0.88,267.35,0.18,43.33,0.18,237.18,0.35,44.02,0.36,164.2,-1595,-1500,-1800,43.52333333333333,5.94,0 days 00:10:00,True,39,-1598.0,-1589.0,-1604.0,-1608.0,-1607.0,-1604.0,TARGET
2026-08-10 03:20:43,29.27,66.43,0.75,43.5,0.75,260.25,0.84,44.19,0.85,166.59,0.08,42.24,0.08,327.66,0.31,44.07,0.32,191.69,0.79,43.56,0.77,145.19,0.46,43.37,0.45,88.18,0.32,43.61,0.32,150.51,0.41,43.56,0.41,251.45,0.54,43.21,0.55,82.05,0.91,44.25,0.93,241.9,0.18,43.84,0.18,216.37,0.35,43.61,0.36,184.87,-1601,-1500,-1800,43.58416666666667,5.97,0 days 00:10:00,True,29,-1604.0,-1592.0,-1601.0,-1596.0,-1602.0,-1601.0,TARGET
2026-08-19 01:10:51,26.66,81.88,0.75,43.84,0.73,159.59,0.84,43.61,0.84,223.06,0.08,42.24,0.08,327.66,0.31,43.9,0.31,195.81,0.79,43.96,0.78,125.41,0.46,43.15,0.45,94.24,0.32,44.02,0.32,114.39,0.41,43.56,0.41,181.73,0.54,43.37,0.56,76.42,0.91,43.96,0.94,253.43,0.18,43.37,0.18,225.82,0.35,43.79,0.36,187.37,-1593,-1500,-1800,43.564166666666665,5.96,0 days 00:10:00,True,40,-1594.0,-1602.0,-1605.0,-1611.0,-1610.0,-1610.0,TARGET
2026-08-02 06:30:31,27.67,78.22,0.75,43.27,0.75,228.67,0.84,43.9,0.83,201.75,0.08,42.58,0.08,327.66,0.31,44.53,0.32,168.11,0.79,43.9,0.78,123.18,0.46,42.98,0.45,81.61,0.32,44.02,0.33,112.41,0.41,44.3,0.42,152.7,0.54,43.56,0.54,75.57,0.91,44.25,0.91,250.54,0.18,43.61,0.18,219.81,0.35,43.73,0.35,178.0,-1596,-1500,-1800,43.719166666666666,5.9399999999999995,0 days 00:10:00,True,2,-1603.0,-1601.0,-1601.0,-1604.0,-1597.0,-1592.0,TARGET
2026-08-05 07:40:35,29.49,85.85,0.75,43.96,0.74,160.22,0.84,43.73,0.85,203.64,0.08,42.7,0.08,327.66,0.31,44.48,0.32,174.11,0.79,43.9,0.8,125.25,0.46,43.5,0.45,85.03,0.32,43.9,0.32,126.55,0.41,43.84,0.42,163.34,0.54,43.21,0.56,82.05,0.91,44.25,0.93,233.53,0.18,43.56,0.18,219.23,0.35,43.84,0.34,169.54,-1598,-1500,-1800,43.73916666666667,5.989999999999999,0 days 00:10:00,True,10,-1603.0,-1594.0,-1595.0,-1594.0,-1600.0,-1602.0,TARGET
2026-08-04 05:40:33,29.59,74.64,0.75,43.96,0.76,190.94,0.84,43.67,0.81,213.04,0.08,42.7,0.08,327.66,0.31,44.42,0.32,182.92,0.79,43.67,0.79,147.31,0.46,43.21,0.47,105.54,0.32,43.56,0.32,153.45,0.41,44.02,0.42,156.81,0.54,43.1,0.56,81.44,0.91,43.79,0.88,278.04,0.18,43.15,0.18,297.47,0.35,44.12,0.36,134.37,-1603,-1500,-1800,43.61416666666667,5.95,0 days 00:10:00,True,5,-1602.0,-1609.0,-1611.0,-1613.0,-1605.0,-1606.0,TARGET
2026-08-13 01:20:46,26.55,64.94,0.75,43.73,0.72,163.12,0.84,43.67,0.86,213.32,0.08,42.52,0.08,327.66,0.31,44.42,0.3,165.7,0.79,43.5,0.81,153.25,0.46,43.1,0.47,97.61,0.32,43.5,0.32,145.56,0.41,44.02,0.4,143.89,0.54,43.73,0.55,73.36,0.91,44.3,0.9,222.99,0.18,43.04,0.18,290.75,0.35,43.9,0.36,158.19,-1601,-1500,-1800,43.61916666666667,5.95,0 days 00:10:00,True,35,-1602.0,-1607.0,-1597.0,-1604.0,-1613.0,-1606.0,TARGET
2026-08-17 23:40:49,25.91,89.11,0.75,43.33,0.78,233.15,0.84,43.73,0.81,200.96,0.08,42.41,0.08,327.66,0.31,44.53,0.31,164.2,0.79,43.27,0.76,156.31,0.46,42.93,0.46,99.21,0.32,43.33,0.31,150.97,0.41,44.02,0.42,146.92,0.54,43.67,0.54,87.53,0.91,43.73,0.93,271.88,0.18,43.04,0.18,303.28,0.35,43.61,0.34,175.29,-1597,-1500,-1800,43.46666666666667,5.92,0 days 00:09:59,True,39,-1609.0,-1606.0,-1613.0,-1613.0,-1610.0,-1619.0,TARGET
2026-08-11 07:30:44,26.28,64.72,0.75,43.73,0.74,171.18,0.84,43.96,0.85,174.01,0.08,42.52,0.08,327.66,0.31,44.3,0.32,185.08,0.79,43.84,0.76,128.89,0.46,43.1,0.45,95.68,0.32,44.02,0.31,113.32,0.41,43.67,0.41,187.12,0.54,43.33,0.52,82.75,0.91,43.96,0.88,273.31,0.18,43.44,0.18,237.81,0.35,44.02,0.36,151.7,-1609,-1500,-1800,43.6575,5.86,0 days 00:10:00,True,33,-1603.0,-1604.0,-1598.0,-1603.0,-1599.0,-1588.0,TARGET
2026-08-10 01:40:43,30.34,62.53,0.75,43.37,0.72,222.18,0.84,43.96,0.82,172.08,0.08,42.7,0.08,327.66,0.31,44.12,0.32,212.29,0.79,43.61,0.78,148.89,0.46,42.81,0.45,109.47,0.32,43.73,0.33,136.12,0.41,44.12,0.4,147.3,0.54,43.44,0.55,79.26,0.91,44.3,0.91,242.21,0.18,43.5,0.18,230.19,0.35,44.12,0.36,149.06,-1606,-1500,-1800,43.64833333333333,5.9,0 days 00:10:01,True,29,-1615.0,-1618.0,-1615.0,-1618.0,-1615.0,-1626.0,TARGET
2026-08-15 08:00:48,25.8,87.5,0.75,43.37,0.77,205.32,0.84,43.73,0.87,220.1,0.08,42.75,0.08,327.66,0.31,43.84,0.31,204.72,0.79,43.9,0.8,125.41,0.46,42.93,0.45,103.89,0.32,43.67,0.33,125.89,0.31,44.48,0.31,162.09,0.54,43.61,0.52,73.26,0.91,43.73,0.91,261.62,0.18,43.33,0.18,264.19,0.35,44.19,0.34,120.79,-1590,-1500,-1800,43.6275,5.87,0 days 00:10:00,True,38,-1583.0,-1577.0,-1581.0,-1590.0,-1583.0,-1584.0,TARGET
2026-08-18 07:40:50,27.51,83.5,0.75,43.84,0.72,159.8,0.84,43.44,0.81,225.51,0.08,42.81,0.08,327.66,0.31,44.07,0.31,205.51,0.79,43.96,0.78,123.18,0.46,43.27,0.47,91.34,0.32,43.96,0.33,119.13,0.41,43.9,0.4,159.8,0.54,43.73,0.54,68.97,0.91,44.12,0.88,222.12,0.18,43.33,0.18,183.42,0.35,44.12,0.35,133.27,-1592,-1500,-1800,43.7125,5.849999999999999,0 days 00:10:00,True,39,-1590.0,-1584.0,-1588.0,-1586.0,-1594.0,-1584.0,TARGET
2026-08-15 00:40:47,25.27,89.2,0.75,43.79,0.73,165.07,0.84,43.61,0.83,219.51,0.08,42.06,0.08,327.66,0.31,44.25,0.32,189.84,0.79,43.61,0.81,155.59,0.46,42.93,0.47,105.5,0.32,43.73,0.32,138.66,0.31,44.19,0.3,187.07,0.54,43.5,0.52,74.15,0.91,43.61,0.89,322.03,0.18,43.5,0.18,208.71,0.35,43.73,0.34,159.17,-1608,-1500,-1800,43.5425,5.789999999999999,0 days 00:10:00,True,38,-1617.0,-1614.0,-1611.0,-1614.0,-1620.0,-1618.0,TARGET
2026-08-11 03:50:44,26.5,63.81,0.75,43.33,0.73,214.65,0.84,44.02,0.87,164.2,0.08,42.64,0.08,327.66,0.31,43.96,0.32,214.44,0.79,43.33,0.8,158.12,0.46,42.93,0.46,103.75,0.32,43.84,0.32,132.23,0.41,43.61,0.42,203.37,0.54,43.9,0.55,70.65,0.91,44.12,0.88,237.18,0.18,43.44,0.18,241.67,0.35,44.07,0.35,147.11,-1599,-1500,-1800,43.59916666666667,5.959999999999999,0 days 00:10:00,True,32,-1594.0,-1594.0,-1597.0,-1599.0,-1594.0,-1598.0,TARGET
2026-08-27 04:41:00,28.69,78.55,0.75,43.37,0.75,269.74,0.84,43.56,0.81,230.19,0.08,42.46,0.08,327.66,0.31,44.19,0.32,184.12,0.79,43.5,0.82,151.56,0.46,43.56,0.47,83.2,0.32,43.79,0.32,132.23,0.41,43.79,0.4,182.69,0.54,43.56,0.55,74.96,0.91,43.96,0.9,258.13,0.18,43.5,0.18,218.65,0.35,43.84,0.35,163.56,-1593,-1500,-1800,43.59,5.949999999999999,0 days 00:10:00,True,52,-1595.0,-1591.0,-1592.0,-1599.0,-1602.0,-1603.0,TARGET
2026-08-03 06:50:32,28.69,76.48,0.75,43.73,0.72,198.09,0.84,43.73,0.84,301.03,0.08,42.52,0.08,327.66,0.31,44.36,0.32,226.58,0.79,43.44,0.77,170.06,0.46,43.44,0.47,81.03,0.32,44.02,0.33,109.89,0.41,44.02,0.4,160.42,0.54,43.56,0.53,73.36,0.91,43.5,0.89,276.96,0.18,43.67,0.18,189.7,0.35,43.67,0.36,173.1,-1606,-1500,-1800,43.63833333333333,5.89,0 days 00:10:00,True,4,-1607.0,-1602.0,-1603.0,-1600.0,-1600.0,-1610.0,TARGET
2026-08-18 00:10:50,26.34,88.14,0.75,43.67,0.76,159.17,0.84,43.5,0.83,222.47,0.08,42.18,0.08,327.66,0.31,44.3,0.31,156.28,0.79,43.84,0.76,130.09,0.46,43.04,0.46,94.24,0.32,43.5,0.32,153.05,0.41,43.5,0.4,183.9,0.54,43.27,0.52,77.61,0.91,44.12,0.93,226.0,0.18,43.56,0.18,219.23,0.35,44.07,0.34,142.59,-1592,-1500,-1800,43.54583333333333,5.889999999999999,0 days 00:10:01,True,39,-1598.0,-1605.0,-1597.0,-1609.0,-1606.0,-1613.0,TARGET
2026-08-03 04:00:32,28.53,76.69,0.75,43.33,0.78,202.04,0.84,43.73,0.86,223.65,0.08,42.29,0.08,327.66,0.31,44.48,0.31,182.92,0.79,43.61,0.8,164.64,0.46,43.1,0.45,98.31,0.32,43.67,0.32,133.14,0.41,44.12,0.41,153.76,0.54,43.37,0.53,79.97,0.91,44.07,0.94,268.75,0.18,43.56,0.18,226.42,0.35,43.84,0.35,171.41,-1607,-1500,-1800,43.597500000000004,6.01,0 days 00:10:00,True,4,-1609.0,-1615.0,-1614.0,-1618.0,-1617.0,-1613.0,TARGET
2026-08-30 07:31:03,26.92,90.03,0.75,43.37,0.76,229.58,0.84,44.07,0.87,174.69,0.08,42.35,0.08,327.66,0.31,43.9,0.3,214.15,0.79,43.9,0.8,127.71,0.46,43.61,0.47,83.81,0.32,44.07,0.32,115.5,0.41,43.73,0.42,172.87,0.79,43.67,0.76,327.66,0.91,43.73,0.94,327.66,0.18,43.5,0.18,215.51,0.35,44.19,0.36,141.53,-1601,-1500,-1800,43.67416666666667,6.259999999999999,0 days 00:10:00,True,52,-1604.0,-1603.0,-1599.0,-1601.0,-1596.0,-1594.0,TARGET
2026-08-29 02:11:02,27.08,88.65,0.75,43.61,0.72,186.89,0.84,43.67,0.85,203.64,0.08,42.35,0.08,327.66,0.31,44.07,0.31,218.65,0.75,43.84,0.73,161.44,0.46,43.5,0.46,86.75,0.32,43.56,0.33,143.67,0.41,43.67,0.41,173.1,0.54,43.21,0.52,79.29,0.91,43.96,0.9,263.0,0.18,43.37,0.18,241.35,0.35,43.67,0.36,171.18,-1602,-1500,-1800,43.53999999999999,5.8500000000000005,0 days 00:10:00,True,52,-1601.0,-1607.0,-1603.0,-1604.0,-1610.0,-1618.0,TARGET
2026-08-02 05:40:31,27.67,77.88,0.75,43.73,0.76,173.55,0.84,43.61,0.81,206.68,0.08,42.35,0.08,327.66,0.31,43.79,0.32,235.33,0.79,43.84,0.76,132.39,0.46,43.21,0.45,100.0,0.32,43.9,0.33,125.25,0.41,43.5,0.42,197.04,0.54,43.21,0.53,80.01,0.91,43.79,0.93,271.88,0.18,43.15,0.18,268.31,0.35,44.3,0.34,141.72,-1597,-1500,-1800,43.53166666666666,5.91,0 days 00:10:00,True,2,-1592.0,-1599.0,-1606.0,-1602.0,-1596.0,-1606.0,TARGET
2026-08-23 08:10:54,29.59,75.1,0.75,43.73,0.75,175.51,0.84,44.07,0.82,186.58,0.08,42.58,0.08,327.66,0.31,44.02,0.3,208.32,0.79,43.56,0.8,148.5,0.46,43.21,0.46,95.15,0.32,43.61,0.31,139.5,0.41,43.73,0.42,167.06,0.54,43.56,0.52,77.25,0.91,44.02,0.88,279.13,0.18,43.37,0.18,269.74,0.35,44.12,0.34,145.75,-1603,-1500,-1800,43.63166666666667,5.859999999999999,0 days 00:09:59,True,45,-1601.0,-1597.0,-1597.0,-1593.0,-1591.0,-1590.0,TARGET
2026-08-09 05:00:41,30.13,64.2,0.75,43.61,0.72,181.97,0.84,44.12,0.84,166.59,0.08,42.64,0.08,327.66,0.31,44.02,0.31,208.04,0.79,43.84,0.76,125.41,0.46,43.5,0.47,79.72,0.32,44.12,0.31,119.6,0.41,43.96,0.42,161.87,0.54,43.15,0.54,83.43,0.91,44.25,0.92,230.29,0.18,43.33,0.18,299.06,0.35,44.12,0.35,144.45,-1599,-1500,-1800,43.721666666666664,5.899999999999999,0 days 00:10:00,True,27,-1609.0,-1607.0,-1604.0,-1607.0,-1602.0,-1606.0,TARGET
2026-08-01 04:40:29,27.51,78.8,0.75,43.44,0.73,194.01,0.84,43.73,0.82,210.37,0.08,42.52,0.08,327.66,0.31,43.9,0.31,211.2,0.79,43.44,0.78,167.99,0.46,43.1,0.46,101.22,0.32,43.44,0.31,146.73,0.41,43.67,0.42,184.64,0.54,43.15,0.56,84.47,0.91,43.79,0.93,289.63,0.18,43.21,0.18,279.63,0.35,43.73,0.36,169.1,-1606,-1500,-1800,43.42666666666667,5.9399999999999995,0 days 00:10:00,True,1,-1595.0,-1611.0,-1607.0,-1608.0,-1610.0,-1607.0,TARGET
2026-08-13 06:50:46,24.84,71.04,0.75,43.27,0.76,204.78,0.84,43.79,0.84,210.37,0.08,42.64,0.08,327.66,0.31,44.3,0.31,187.31,0.79,43.56,0.78,153.45,0.46,43.04,0.47,99.75,0.32,43.44,0.32,151.37,0.41,43.67,0.41,171.18,0.54,43.44,0.54,76.19,0.91,43.5,0.88,276.22,0.18,43.61,0.18,199.9,0.35,44.12,0.35,135.67,-1596,-1500,-1800,43.531666666666666,5.919999999999999,0 days 00:10:00,True,35,-1598.0,-1592.0,-1578.0,-1578.0,-1579.0,-1578.0,TARGET
2026-08-13 01:40:46,26.44,65.39,0.75,43.15,0.73,200.7,0.84,44.02,0.83,178.94,0.08,42.58,0.08,327.66,0.31,43.9,0.31,220.96,0.79,43.79,0.81,129.92,0.46,42.98,0.45,103.25,0.32,43.67,0.32,137.11,0.41,43.96,0.4,160.22,0.54,43.67,0.52,70.65,0.91,43.79,0.93,278.04,0.18,43.67,0.18,197.83,0.35,43.67,0.34,177.76,-1590,-1500,-1800,43.57083333333333,5.8999999999999995,0 days 00:10:00,True,35,-1603.0,-1601.0,-1602.0,-1607.0,-1597.0,-1604.0,TARGET
2026-08-09 07:30:42,30.08,64.23,0.75,43.33,0.78,205.04,0.84,44.07,0.87,181.73,0.08,42.7,0.08,327.66,0.31,44.3,0.3,173.21,0.79,43.56,0.8,153.45,0.46,43.67,0.47,83.31,0.32,43.84,0.32,125.07,0.41,44.12,0.41,145.75,0.54,43.04,0.54,78.87,0.91,44.12,0.92,264.03,0.18,43.21,0.18,326.24,0.35,44.25,0.34,134.89,-1610,-1500,-1800,43.68416666666667,6.009999999999999,0 days 00:10:01,True,28,-1609.0,-1613.0,-1610.0,-1605.0,-1602.0,-1602.0,TARGET
2026-08-11 08:30:44,27.3,63.04,0.75,43.67,0.76,180.08,0.84,43.79,0.85,200.96,0.08,42.58,0.08,327.66,0.31,44.48,0.31,165.92,0.79,43.33,0.8,161.84,0.46,43.44,0.45,84.5,0.32,43.44,0.33,151.17,0.41,43.73,0.41,175.75,0.54,43.33,0.56,80.12,0.91,43.84,0.94,272.24,0.18,43.27,0.18,269.38,0.35,43.33,0.36,185.65,-1607,-1500,-1800,43.51916666666667,6.03,0 days 00:10:00,True,33,-1607.0,-1603.0,-1606.0,-1610.0,-1609.0,-1609.0,TARGET
2026-08-26 02:40:59,27.46,79.68,0.75,43.67,0.74,175.29,0.84,43.61,0.81,206.4,0.08,42.58,0.08,327.66,0.31,44.3,0.3,182.21,0.79,43.79,0.81,129.75,0.46,43.56,0.47,86.86,0.32,43.56,0.31,146.92,0.41,44.02,0.41,139.56,0.54,43.27,0.53,78.06,0.91,43.96,0.92,290.76,0.18,43.37,0.18,245.65,0.35,44.02,0.34,168.16,-1604,-1500,-1800,43.64249999999999,5.8999999999999995,0 days 00:10:00,True,49,-1601.0,-1601.0,-1597.0,-1597.0,-1596.0,-1605.0,TARGET
2026-08-16 08:10:48,24.04,90.06,0.75,43.21,0.73,195.74,0.84,43.79,0.84,204.18,0.08,42.52,0.08,327.66,0.31,44.42,0.32,165.92,0.79,43.37,0.78,152.84,0.46,42.75,0.46,100.41,0.32,43.73,0.31,123.96,0.41,43.96,0.4,149.87,0.54,43.5,0.54,72.68,0.91,43.96,0.91,224.82,0.18,43.21,0.18,204.51,0.35,43.56,0.36,215.79,-1596,-1500,-1800,43.498333333333335,5.91,0 days 00:10:00,True,38,-1575.0,-1587.0,-1573.0,-1576.0,-1581.0,-1574.0,TARGET
2026-08-08 05:30:40,30.18,64.33,0.75,43.61,0.74,175.29,0.84,43.79,0.86,216.65,0.08,42.7,0.08,327.66,0.31,44.48,0.32,168.11,0.79,43.37,0.82,160.17,0.46,43.5,0.46,97.13,0.32,43.61,0.33,122.38,0.41,44.12,0.4,142.78,0.54,43.33,0.54,81.76,0.91,44.3,0.88,234.14,0.18,43.33,0.18,259.22,0.35,43.73,0.35,165.29,-1610,-1500,-1800,43.655833333333334,5.959999999999999,0 days 00:10:00,True,26,-1612.0,-1602.0,-1612.0,-1613.0,-1609.0,-1609.0,TARGET
2026-08-05 04:50:36,28.85,87.04,0.75,43.44,0.78,194.26,0.84,43.67,0.86,198.09,0.08,42.35,0.08,327.66,0.31,44.12,0.3,197.35,0.79,43.44,0.78,154.76,0.46,42.98,0.47,102.47,0.32,43.56,0.31,150.12,0.41,43.84,0.41,175.98,0.54,43.1,0.55,81.83,0.91,43.73,0.88,301.44,0.18,43.73,0.18,198.09,0.35,44.25,0.36,124.16,-1604,-1500,-1800,43.517500000000005,5.96,0 days 00:10:01,True,10,-1603.0,-1599.0,-1601.0,-1604.0,-1600.0,-1609.0,TARGET
2026-08-29 07:11:02,26.44,90.21,0.75,43.5,0.74,181.25,0.84,43.79,0.85,169.32,0.08,42.35,0.08,327.66,0.31,43.9,0.3,327.66,0.79,43.73,0.82,141.67,0.46,42.81,0.45,102.82,0.32,43.56,0.32,145.37,0.41,44.02,0.41,143.89,0.54,42.93,0.53,83.1,0.91,43.67,0.94,307.72,0.18,43.1,0.18,310.57,0.35,43.79,0.34,159.59,-1606,-1500,-1800,43.42916666666667,5.959999999999999,0 days 00:10:00,True,52,-1604.0,-1596.0,-1599.0,-1600.0,-1589.0,-1588.0,TARGET
2026-08-14 01:00:46,26.44,70.77,0.75,43.84,0.73,163.56,0.84,43.56,0.82,270.81,0.08,42.64,0.08,327.66,0.31,44.02,0.32,225.4,0.79,43.61,0.77,139.69,0.46,43.21,0.47,84.47,0.32,43.73,0.31,132.06,0.41,43.96,0.41,156.81,0.54,43.27,0.52,80.6,0.91,43.84,0.89,289.63,0.18,43.61,0.18,223.06,0.35,43.5,0.35,174.6,-1600,-1500,-1800,43.56583333333333,5.849999999999999,0 days 00:10:00,True,36,-1609.0,-1612.0,-1610.0,-1613.0,-1618.0,-1620.0,TARGET
2026-08-29 04:21:03,26.71,89.57,0.75,43.79,0.72,173.32,0.84,44.02,0.81,181.01,0.08,42.29,0.08,327.66,0.31,44.19,0.31,188.86,0.75,43.33,0.77,221.29,0.46,43.21,0.45,89.55,0.32,43.84,0.31,139.2,0.41,43.56,0.42,170.51,0.54,43.1,0.52,80.97,0.91,43.9,0.89,327.66,0.18,43.27,0.18,258.19,0.35,44.19,0.34,137.55,-1591,-1500,-1800,43.5575,5.8,0 days 00:10:01,True,52,-1584.0,-1584.0,-1587.0,-1585.0,-1587.0,-1596.0,TARGET
2026-08-06 03:00:36,29.38,78.49,0.75,43.67,0.76,164.64,0.84,43.79,0.86,182.69,0.08,42.35,0.08,327.66,0.31,44.36,0.31,182.68,0.79,43.73,0.81,130.47,0.46,42.98,0.46,98.63,0.32,43.61,0.32,145.56,0.41,44.12,0.4,147.11,0.54,43.61,0.54,72.78,0.91,43.84,0.88,248.9,0.18,43.5,0.18,222.18,0.35,44.07,0.35,151.89,-1610,-1500,-1800,43.635833333333345,5.949999999999999,0 days 00:10:00,True,18,-1611.0,-1618.0,-1615.0,-1610.0,-1621.0,-1614.0,TARGET
2026-08-27 07:31:00,29.54,77.27,0.75,43.5,0.74,179.12,0.84,44.12,0.84,176.9,0.08,42.52,0.08,327.66,0.31,44.3,0.32,195.37,0.79,43.61,0.82,158.95,0.46,43.27,0.46,92.57,0.32,43.44,0.32,114.79,0.41,43.67,0.41,177.54,0.54,43.5,0.52,77.58,0.91,44.3,0.94,250.86,0.18,43.61,0.18,144.06,0.35,43.61,0.35,170.96,-1610,-1500,-1800,43.62083333333334,5.979999999999999,0 days 00:09:59,True,52,-1614.0,-1618.0,-1608.0,-1606.0,-1611.0,-1599.0,TARGET
2026-08-02 06:00:30,27.72,77.79,0.75,43.73,0.74,180.08,0.84,43.56,0.87,219.23,0.08,42.29,0.08,327.66,0.31,44.02,0.31,199.39,0.79,43.61,0.82,145.56,0.46,43.56,0.47,82.7,0.32,43.79,0.33,133.33,0.41,44.02,0.42,143.89,0.54,43.61,0.52,72.78,0.91,44.25,0.94,237.79,0.18,43.61,0.18,182.21,0.35,43.61,0.34,177.3,-1601,-1500,-1800,43.63833333333333,6.02,0 days 00:10:00,True,2,-1604.0,-1597.0,-1592.0,-1599.0,-1606.0,-1602.0,TARGET
2026-08-22 01:30:53,27.35,81.73,0.75,43.44,0.77,176.37,0.84,43.9,0.81,183.17,0.08,42.24,0.08,327.66,0.31,43.96,0.3,211.2,0.79,43.44,0.77,226.12,0.46,42.98,0.46,103.39,0.32,43.96,0.32,132.58,0.41,43.9,0.4,167.72,0.54,43.5,0.54,75.06,0.91,43.73,0.91,315.54,0.18,43.1,0.18,285.07,0.35,44.19,0.35,138.73,-1600,-1500,-1800,43.528333333333336,5.89,0 days 00:10:00,True,43,-1607.0,-1603.0,-1601.0,-1609.0,-1613.0,-1615.0,TARGET
2026-08-28 05:31:01,26.76,89.57,0.75,43.33,0.74,225.22,0.84,44.07,0.84,162.7,0.08,42.29,0.08,327.66,0.31,44.12,0.31,202.81,0.79,43.37,0.79,159.95,0.46,42.87,0.46,104.56,0.32,44.12,0.31,116.61,0.41,43.9,0.4,156.62,0.54,43.21,0.53,76.01,0.91,43.9,0.91,296.19,0.18,43.33,0.18,264.19,0.35,44.19,0.35,138.73,-1590,-1500,-1800,43.55833333333333,5.8999999999999995,0 days 00:10:00,True,52,-1600.0,-1595.0,-1585.0,-1591.0,-1598.0,-1584.0,TARGET
2026-08-03 05:20:32,28.1,77.73,0.75,43.33,0.73,196.26,0.84,43.61,0.86,223.06,0.08,42.75,0.08,327.66,0.31,44.07,0.32,196.58,0.79,43.9,0.81,142.05,0.46,43.44,0.46,86.63,0.32,43.96,0.33,119.13,0.41,43.96,0.41,171.86,0.54,43.37,0.54,81.03,0.91,44.25,0.9,233.53,0.18,43.5,0.18,249.79,0.35,43.79,0.34,154.26,-1607,-1500,-1800,43.66083333333333,5.96,0 days 00:10:00,True,4,-1602.0,-1606.0,-1599.0,-1609.0,-1613.0,-1607.0,TARGET
2026-08-13 07:00:46,25.05,70.28,0.75,43.33,0.76,214.95,0.84,44.07,0.82,183.89,0.08,42.58,0.08,327.66,0.31,43.9,0.32,210.92,0.79,43.61,0.8,144.06,0.46,42.98,0.47,101.71,0.32,43.79,0.33,129.75,0.41,43.79,0.41,169.32,0.54,43.61,0.55,69.49,0.91,44.12,0.93,229.7,0.18,43.04,0.18,289.97,0.35,43.9,0.34,161.23,-1605,-1500,-1800,43.56000000000001,5.989999999999999,0 days 00:10:00,True,35,-1596.0,-1598.0,-1592.0,-1578.0,-1578.0,-1579.0,TARGET
2026-08-07 05:40:38,28.69,76.14,0.75,43.79,0.75,248.26,0.84,43.9,0.87,193.09,0.08,42.64,0.08,327.66,0.31,44.36,0.3,175.83,0.79,43.61,0.78,175.06,0.46,43.04,0.47,100.95,0.32,44.07,0.33,118.43,0.41,43.9,0.41,152.97,0.54,43.33,0.56,82.37,0.91,44.12,0.92,241.58,0.18,43.56,0.18,242.31,0.35,43.9,0.35,160.0,-1603,-1500,-1800,43.685,6.0,0 days 00:10:00,True,25,-1594.0,-1599.0,-1593.0,-1593.0,-1601.0,-1596.0,TARGET
2026-08-28 06:21:01,26.82,89.51,0.75,43.84,0.73,154.47,0.84,43.67,0.87,206.68,0.08,42.29,0.08,327.66,0.31,44.19,0.31,274.74,0.79,43.67,0.76,147.31,0.46,42.93,0.47,102.34,0.32,43.5,0.33,151.37,0.41,43.79,0.4,175.75,0.54,42.98,0.53,82.6,0.91,43.96,0.94,327.66,0.18,43.04,0.18,257.84,0.35,44.12,0.35,147.3,-1599,-1500,-1800,43.498333333333335,5.949999999999999,0 days 00:10:00,True,52,-1587.0,-1598.0,-1594.0,-1593.0,-1590.0,-1600.0,TARGET
2026-08-26 03:10:58,27.56,79.28,0.75,43.84,0.72,161.66,0.84,44.12,0.83,166.59,0.08,42.58,0.08,327.66,0.31,43.96,0.32,236.56,0.79,43.9,0.78,165.72,0.46,43.33,0.45,89.21,0.32,43.84,0.31,119.85,0.41,43.56,0.4,191.82,0.54,42.81,0.54,80.32,0.91,43.96,0.89,268.06,0.18,43.37,0.18,245.65,0.35,43.9,0.36,160.0,-1592,-1500,-1800,43.597500000000004,5.859999999999999,0 days 00:09:59,True,49,-1599.0,-1600.0,-1604.0,-1601.0,-1601.0,-1597.0,TARGET
