DateTime,temp,Humi,1-SetCurr,1-OutVolt,1-OutCurr,1-Res,2-SetCurr,2-OutVolt,2-OutCurr,2-Res,3-SetCurr,3-OutVolt,3-OutCurr,3-Res,4-SetCurr,4-OutVolt,4-OutCurr,4-Res,5-SetCurr,5-OutVolt,5-OutCurr,5-Res,6-SetCurr,6-OutVolt,6-OutCurr,6-Res,7-SetCurr,7-OutVolt,7-OutCurr,7-Res,8-SetCurr,8-OutVolt,8-OutCurr,8-Res,9-SetCurr,9-OutVolt,9-OutCurr,9-Res,10-SetCurr,10-OutVolt,10-OutCurr,10-Res,11-SetCurr,11-OutVolt,11-OutCurr,11-Res,12-SetCurr,12-OutVolt,12-OutCurr,12-Res,TB1-Volt,TB1-Min,TB1-Max,Rectifier_Voltage,Rectifier_Current,Prev_Time_Diff,Is_Continuous,Segment,TB_Lag1,TB_Lag2,TB_Lag3,TB_Lag4,TB_Lag5,TB_Lag6,Reset_Group
2026-08-01 01:10:29,28.42,75.32,0.75,43.33,0.77,211.64,0.84,43.56,0.85,216.09,0.08,42.35,0.08,327.66,0.31,44.12,0.3,199.9,0.79,43.5,0.76,153.45,0.46,43.04,0.45,98.31,0.32,43.61,0.31,144.25,0.41,43.73,0.42,177.76,0.54,43.1,0.54,83.84,0.91,43.79,0.92,295.79,0.18,43.27,0.18,254.08,0.35,44.25,0.36,137.37,-1628,-1500,-1800,43.47083333333334,5.94,0 days 00:10:00,True,1,-1633.0,-1637.0,-1633.0,-1634.0,-1639.0,-1641.0,BELOW
2026-08-01 02:20:29,27.94,76.44,0.75,43.61,0.72,177.3,0.84,43.84,0.84,193.34,0.08,42.58,0.08,327.66,0.31,44.12,0.31,194.61,0.79,43.67,0.79,144.25,0.46,43.21,0.45,92.57,0.32,43.79,0.33,132.23,0.41,44.19,0.41,173.43,0.54,43.37,0.52,83.37,0.91,44.02,0.9,263.34,0.18,43.44,0.18,250.45,0.35,43.84,0.36,195.81,-1626,-1500,-1800,43.63999999999999,5.8900000000000015,0 days 00:10:00,True,1,-1628.0,-1632.0,-1634.0,-1627.0,-1633.0,-1631.0,BELOW
2026-08-01 02:30:29,27.94,76.6,0.75,43.73,0.77,182.45,0.84,44.07,0.87,188.86,0.08,42.75,0.08,327.66,0.31,44.02,0.31,193.85,0.79,43.5,0.8,153.45,0.46,43.04,0.45,104.98,0.32,43.56,0.33,150.12,0.41,43.67,0.4,182.21,0.54,43.1,0.55,84.99,0.91,43.79,0.91,301.82,0.18,43.15,0.18,279.25,0.35,43.67,0.34,173.1,-1626,-1500,-1800,43.50416666666667,5.99,0 days 00:10:00,True,1,-1626.0,-1628.0,-1632.0,-1634.0,-1627.0,-1633.0,BELOW
2026-08-01 02:40:29,27.88,76.51,0.75,43.56,0.77,179.6,0.84,43.84,0.81,190.44,0.08,42.52,0.08,327.66,0.31,44.36,0.3,171.32,0.79,43.61,0.76,144.06,0.46,43.27,0.45,90.74,0.32,43.73,0.31,130.81,0.41,43.79,0.4,169.1,0.54,43.1,0.53,84.75,0.91,43.73,0.93,327.66,0.18,43.04,0.18,327.66,0.35,43.79,0.36,161.66,-1624,-1500,-1800,43.52833333333334,5.88,0 days 00:10:00,True,1,-1626.0,-1626.0,-1628.0,-1632.0,-1634.0,-1627.0,BELOW
2026-08-01 02:50:29,27.88,76.87,0.75,43.79,0.77,165.29,0.84,44.07,0.82,208.59,0.08,42.87,0.08,327.66,0.31,43.9,0.31,224.53,0.79,43.37,0.78,159.95,0.46,43.15,0.45,98.31,0.32,43.5,0.32,146.73,0.41,43.61,0.4,184.15,0.54,43.56,0.56,76.19,0.91,43.96,0.94,263.0,0.18,43.56,0.18,226.42,0.35,44.3,0.36,144.83,-1624,-1500,-1800,43.63666666666666,5.97,0 days 00:10:00,True,1,-1624.0,-1626.0,-1626.0,-1628.0,-1632.0,-1634.0,BELOW
2026-08-01 03:00:29,27.83,76.84,0.75,43.5,0.77,194.01,0.84,43.79,0.82,213.6,0.08,42.35,0.08,327.66,0.31,44.3,0.32,195.11,0.79,43.56,0.76,142.37,0.46,43.27,0.47,93.32,0.32,43.79,0.33,133.5,0.41,43.79,0.41,169.54,0.54,43.21,0.54,81.67,0.91,43.84,0.88,262.66,0.18,43.27,0.18,269.03,0.35,43.73,0.36,161.01,-1623,-1500,-1800,43.53333333333333,5.92,0 days 00:10:00,True,1,-1624.0,-1624.0,-1626.0,-1626.0,-1628.0,-1632.0,BELOW
2026-08-01 03:10:29,27.62,77.45,0.75,43.84,0.73,161.66,0.84,44.07,0.82,176.9,0.08,42.7,0.08,327.66,0.31,43.96,0.3,208.04,0.79,43.96,0.81,126.55,0.46,43.5,0.45,82.59,0.32,44.07,0.33,112.7,0.41,44.12,0.42,150.47,0.54,43.5,0.55,75.36,0.91,44.12,0.9,245.5,0.18,43.44,0.18,229.58,0.35,44.07,0.34,151.89,-1623,-1500,-1800,43.77916666666667,5.91,0 days 00:10:00,True,1,-1623.0,-1624.0,-1624.0,-1626.0,-1626.0,-1628.0,BELOW
2026-08-01 03:20:29,27.72,77.36,0.75,43.56,0.76,177.3,0.84,43.84,0.82,193.34,0.08,42.52,0.08,327.66,0.31,44.02,0.32,183.65,0.79,43.9,0.81,123.18,0.46,43.56,0.47,80.76,0.32,44.02,0.33,112.56,0.41,43.73,0.42,144.44,0.54,43.56,0.53,76.4,0.91,44.25,0.93,246.14,0.18,43.67,0.18,206.68,0.35,43.61,0.35,181.97,-1620,-1500,-1800,43.68666666666667,5.999999999999999,0 days 00:10:00,True,1,-1623.0,-1623.0,-1624.0,-1624.0,-1626.0,-1626.0,BELOW
2026-08-01 03:30:29,27.72,77.48,0.75,43.79,0.76,161.44,0.84,44.12,0.82,179.17,0.08,42.58,0.08,327.66,0.31,44.42,0.32,161.67,0.79,43.84,0.77,120.89,0.46,43.37,0.46,80.44,0.32,44.07,0.31,109.89,0.41,44.12,0.4,147.11,0.54,43.67,0.52,70.65,0.91,44.25,0.92,226.0,0.18,43.67,0.18,197.57,0.35,43.61,0.34,166.84,-1607,-1500,-1800,43.7925,5.879999999999999,0 days 00:10:00,True,1,-1620.0,-1623.0,-1623.0,-1624.0,-1624.0,-1626.0,TARGET
2026-08-01 03:40:29,27.56,77.67,0.75,43.5,0.75,202.84,0.84,43.79,0.84,223.94,0.08,42.46,0.08,327.66,0.31,43.9,0.32,196.07,0.79,43.79,0.78,142.95,0.46,43.37,0.46,87.5,0.32,43.73,0.31,115.39,0.41,43.84,0.41,185.12,0.54,43.67,0.54,75.15,0.91,43.56,0.92,234.09,0.18,43.04,0.18,206.78,0.35,44.02,0.34,148.28,-1607,-1500,-1800,43.55583333333334,5.93,0 days 00:10:00,True,1,-1607.0,-1620.0,-1623.0,-1623.0,-1624.0,-1624.0,TARGET
2026-08-01 03:50:29,27.72,77.79,0.75,43.44,0.75,188.45,0.84,43.79,0.86,195.3,0.08,42.35,0.08,327.66,0.31,44.42,0.31,165.7,0.79,43.9,0.77,130.27,0.46,43.5,0.45,84.1,0.32,44.02,0.33,120.32,0.41,44.12,0.41,141.34,0.54,43.73,0.52,74.15,0.91,44.3,0.94,305.4,0.18,43.67,0.18,238.76,0.35,44.02,0.35,155.08,-1610,-1500,-1800,43.77166666666667,5.949999999999999,0 days 00:10:00,True,1,-1607.0,-1607.0,-1620.0,-1623.0,-1623.0,-1624.0,TARGET
2026-08-01 04:00:30,27.88,77.33,0.75,43.84,0.76,165.5,0.84,44.12,0.87,166.59,0.08,42.64,0.08,327.66,0.31,44.3,0.32,182.44,0.79,43.67,0.76,152.17,0.46,43.15,0.47,95.68,0.32,43.67,0.31,141.3,0.41,43.84,0.4,185.37,0.54,43.1,0.55,83.95,0.91,43.79,0.9,289.63,0.18,43.21,0.18,279.63,0.35,43.73,0.36,169.1,-1608,-1500,-1800,43.58833333333334,5.96,0 days 00:10:01,True,1,-1610.0,-1607.0,-1607.0,-1620.0,-1623.0,-1623.0,TARGET
2026-08-01 04:10:29,27.83,77.6,0.75,43.5,0.77,183.9,0.84,43.79,0.87,204.18,0.08,42.52,0.08,327.66,0.31,44.42,0.3,169.47,0.79,43.96,0.76,127.71,0.46,43.61,0.45,84.32,0.32,44.12,0.32,116.61,0.41,44.12,0.4,147.3,0.54,43.44,0.53,76.0,0.91,43.96,0.9,283.72,0.18,43.33,0.18,245.01,0.35,43.96,0.36,164.2,-1607,-1500,-1800,43.7275,5.920000000000001,0 days 00:09:59,True,1,-1608.0,-1610.0,-1607.0,-1607.0,-1620.0,-1623.0,TARGET
2026-08-01 04:20:29,27.72,78.06,0.75,43.79,0.74,178.0,0.84,43.96,0.85,188.36,0.08,42.7,0.08,327.66,0.31,43.9,0.3,283.72,0.79,43.73,0.77,129.42,0.46,43.37,0.46,87.5,0.32,43.84,0.33,129.75,0.41,43.9,0.41,146.34,0.54,43.73,0.55,70.74,0.91,44.3,0.9,226.58,0.18,43.67,0.18,203.64,0.35,43.84,0.34,169.32,-1611,-1500,-1800,43.7275,5.91,0 days 00:10:00,True,1,-1607.0,-1608.0,-1610.0,-1607.0,-1607.0,-1620.0,BELOW
2026-08-01 04:30:29,27.56,78.49,0.75,43.5,0.77,202.84,0.84,43.67,0.81,219.81,0.08,42.41,0.08,327.66,0.31,44.48,0.3,185.32,0.79,43.73,0.81,134.44,0.46,43.33,0.47,90.38,0.32,43.84,0.31,130.98,0.41,43.84,0.42,156.0,0.54,43.21,0.53,90.62,0.91,43.79,0.93,283.35,0.18,43.21,0.18,291.53,0.35,43.84,0.35,161.66,-1595,-1500,-1800,43.570833333333326,5.959999999999999,0 days 00:10:00,True,1,-1611.0,-1607.0,-1608.0,-1610.0,-1607.0,-1607.0,TARGET
2026-08-01 04:40:29,27.51,78.8,0.75,43.44,0.73,194.01,0.84,43.73,0.82,210.37,0.08,42.52,0.08,327.66,0.31,43.9,0.31,211.2,0.79,43.44,0.78,167.99,0.46,43.1,0.46,101.22,0.32,43.44,0.31,146.73,0.41,43.67,0.42,184.64,0.54,43.15,0.56,84.47,0.91,43.79,0.93,289.63,0.18,43.21,0.18,279.63,0.35,43.73,0.36,169.1,-1606,-1500,-1800,43.42666666666667,5.9399999999999995,0 days 00:10:00,True,1,-1595.0,-1611.0,-1607.0,-1608.0,-1610.0,-1607.0,TARGET
2026-08-01 04:50:29,27.51,78.95,0.75,43.33,0.77,207.87,0.84,43.61,0.85,209.26,0.08,42.24,0.08,327.66,0.31,43.96,0.32,221.25,0.79,43.44,0.82,165.96,0.46,42.93,0.45,104.04,0.32,43.5,0.31,156.95,0.41,43.61,0.4,200.43,0.54,43.1,0.54,88.16,0.91,43.73,0.94,266.66,0.18,43.15,0.18,311.0,0.35,43.67,0.34,177.54,-1603,-1500,-1800,43.35583333333333,6.0,0 days 00:10:00,True,1,-1606.0,-1595.0,-1611.0,-1607.0,-1608.0,-1610.0,TARGET
2026-08-01 05:00:29,27.51,78.8,0.75,43.79,0.78,155.8,0.84,44.07,0.83,176.67,0.08,42.52,0.08,327.66,0.31,43.96,0.31,214.73,0.79,43.33,0.76,161.62,0.46,42.93,0.47,104.7,0.32,43.44,0.33,153.05,0.41,43.5,0.41,183.9,0.54,43.27,0.55,80.22,0.91,43.84,0.92,278.04,0.18,43.15,0.18,268.31,0.35,44.07,0.34,145.58,-1597,-1500,-1800,43.48916666666667,5.959999999999999,0 days 00:10:00,True,1,-1603.0,-1606.0,-1595.0,-1611.0,-1607.0,-1608.0,TARGET
2026-08-01 05:10:30,27.72,78.37,0.75,43.44,0.76,286.97,0.84,43.79,0.83,239.7,0.08,42.41,0.08,292.32,0.31,43.96,0.3,232.62,0.79,43.44,0.82,158.12,0.46,42.98,0.45,100.95,0.32,43.56,0.33,151.76,0.41,43.27,0.4,182.94,0.54,43.04,0.56,84.75,0.91,43.73,0.91,288.88,0.18,43.1,0.18,297.47,0.35,44.25,0.34,140.3,-1603,-1500,-1800,43.41416666666667,5.96,0 days 00:10:01,True,1,-1597.0,-1603.0,-1606.0,-1595.0,-1611.0,-1607.0,TARGET
2026-08-01 05:20:29,27.78,77.88,0.75,43.44,0.75,215.51,0.84,43.73,0.83,206.96,0.08,42.58,0.08,327.66,0.31,44.02,0.31,208.32,0.79,43.67,0.8,157.14,0.46,43.27,0.46,91.34,0.32,43.73,0.33,131.87,0.41,43.84,0.42,175.98,0.54,43.67,0.54,76.5,0.91,44.19,0.94,327.66,0.18,43.5,0.18,199.37,0.35,44.02,0.35,221.54,-1601,-1500,-1800,43.63833333333333,5.99,0 days 00:09:59,True,1,-1603.0,-1597.0,-1603.0,-1606.0,-1595.0,-1611.0,TARGET
2026-08-01 05:30:29,27.72,78.22,0.75,43.33,0.77,196.26,0.84,43.61,0.82,223.06,0.08,42.41,0.08,327.66,0.31,44.3,0.32,182.44,0.79,43.37,0.79,169.83,0.46,42.93,0.47,123.73,0.32,43.5,0.33,229.58,0.41,43.56,0.4,209.26,0.54,43.27,0.55,84.68,0.91,43.96,0.91,284.47,0.18,43.33,0.18,280.38,0.35,43.5,0.35,188.95,-1602,-1500,-1800,43.42249999999999,5.97,0 days 00:10:00,True,1,-1601.0,-1603.0,-1597.0,-1603.0,-1606.0,-1595.0,TARGET
2026-08-01 05:40:29,27.78,77.94,0.75,43.67,0.78,189.7,0.84,43.73,0.85,195.04,0.08,42.41,0.08,327.66,0.31,43.84,0.3,217.23,0.79,43.44,0.77,165.96,0.46,42.93,0.46,103.89,0.32,43.5,0.32,164.2,0.41,43.56,0.42,197.57,0.54,43.27,0.55,84.17,0.91,43.9,0.94,284.1,0.18,43.33,0.18,269.74,0.35,44.19,0.35,133.44,-1594,-1500,-1800,43.48083333333333,5.999999999999998,0 days 00:10:00,True,1,-1602.0,-1601.0,-1603.0,-1597.0,-1603.0,-1606.0,TARGET
2026-08-01 05:50:29,27.72,78.06,0.75,43.37,0.77,218.36,0.84,43.67,0.82,223.35,0.08,42.52,0.08,327.66,0.31,44.3,0.3,173.21,0.79,43.96,0.78,123.18,0.46,43.5,0.47,83.59,0.32,44.02,0.32,119.29,0.41,44.07,0.42,142.59,0.54,43.61,0.56,70.56,0.91,44.25,0.91,241.9,0.18,43.67,0.18,195.04,0.35,44.19,0.36,144.45,-1605,-1500,-1800,43.760833333333345,5.97,0 days 00:10:00,True,1,-1594.0,-1602.0,-1601.0,-1603.0,-1597.0,-1603.0,TARGET
2026-08-01 06:00:29,27.88,77.57,0.75,43.84,0.73,165.29,0.84,44.12,0.81,172.53,0.08,42.58,0.08,327.66,0.31,43.9,0.32,210.92,0.79,43.73,0.76,147.5,0.46,43.21,0.47,93.21,0.32,43.73,0.33,136.12,0.41,43.84,0.41,188.12,0.54,43.67,0.55,75.25,0.91,44.25,0.93,298.5,0.18,43.67,0.18,227.01,0.35,43.67,0.35,173.1,-1594,-1500,-1800,43.68416666666667,5.919999999999999,0 days 00:10:00,True,1,-1605.0,-1594.0,-1602.0,-1601.0,-1603.0,-1597.0,TARGET
2026-08-01 06:10:30,27.78,77.88,0.75,43.33,0.73,214.37,0.84,43.56,0.84,242.31,0.08,42.24,0.08,327.66,0.31,44.42,0.31,171.76,0.79,43.79,0.77,132.06,0.46,43.37,0.47,83.37,0.32,43.96,0.33,118.12,0.41,43.79,0.4,154.06,0.54,43.15,0.55,102.12,0.91,43.73,0.93,271.88,0.18,43.04,0.18,327.66,0.35,43.96,0.35,160.22,-1598,-1500,-1800,43.528333333333336,5.9399999999999995,0 days 00:10:01,True,1,-1594.0,-1605.0,-1594.0,-1602.0,-1601.0,-1603.0,TARGET
2026-08-01 06:20:29,27.78,78.09,0.75,43.56,0.72,183.9,0.84,43.84,0.86,201.22,0.08,42.35,0.08,327.66,0.31,44.19,0.31,197.61,0.79,43.5,0.77,168.21,0.46,43.04,0.46,104.18,0.32,43.61,0.31,144.06,0.41,43.73,0.42,187.37,0.54,43.1,0.56,85.93,0.91,43.73,0.93,301.44,0.18,43.15,0.18,304.09,0.35,44.19,0.36,138.73,-1596,-1500,-1800,43.49916666666667,5.96,0 days 00:09:59,True,1,-1598.0,-1594.0,-1605.0,-1594.0,-1602.0,-1601.0,TARGET
2026-08-01 06:30:29,27.83,78.25,0.75,43.9,0.73,165.5,0.84,44.19,0.87,172.76,0.08,42.75,0.08,327.66,0.31,44.48,0.32,167.67,0.79,43.9,0.8,140.61,0.46,43.44,0.46,82.48,0.32,43.96,0.31,122.27,0.41,44.12,0.41,148.87,0.54,43.37,0.55,76.94,0.91,43.96,0.89,249.24,0.18,43.15,0.18,232.86,0.35,43.79,0.34,165.07,-1600,-1500,-1800,43.750833333333325,5.9399999999999995,0 days 00:10:00,True,1,-1596.0,-1598.0,-1594.0,-1605.0,-1594.0,-1602.0,TARGET
2026-08-01 06:40:29,27.83,78.67,0.75,43.9,0.78,169.54,0.84,44.07,0.82,170.43,0.08,42.52,0.08,327.66,0.31,44.07,0.3,202.54,0.79,43.37,0.77,159.95,0.46,42.93,0.46,102.47,0.32,43.5,0.33,156.73,0.41,43.56,0.42,191.82,0.54,43.1,0.55,78.87,0.91,44.02,0.92,273.31,0.18,43.1,0.18,262.44,0.35,43.96,0.36,148.28,-1603,-1500,-1800,43.50833333333333,5.97,0 days 00:10:00,True,1,-1600.0,-1596.0,-1598.0,-1594.0,-1605.0,-1594.0,TARGET
2026-08-01 06:50:29,28.1,77.94,0.75,43.61,0.74,194.78,0.84,43.9,0.84,208.04,0.08,42.64,0.08,327.66,0.31,44.07,0.3,214.44,0.79,43.9,0.78,127.54,0.46,43.5,0.45,85.03,0.32,44.07,0.33,119.45,0.41,44.07,0.4,138.37,0.54,43.61,0.52,74.75,0.91,44.3,0.92,238.11,0.18,43.73,0.18,203.9,0.35,43.67,0.35,161.23,-1611,-1500,-1800,43.755833333333335,5.89,0 days 00:10:00,True,1,-1603.0,-1600.0,-1596.0,-1598.0,-1594.0,-1605.0,BELOW
2026-08-01 07:00:29,28.26,77.79,0.75,43.27,0.78,207.61,0.84,43.61,0.83,212.76,0.08,42.35,0.08,327.66,0.31,44.12,0.32,194.1,0.79,43.5,0.8,149.73,0.46,43.21,0.46,96.92,0.32,43.27,0.33,139.62,0.41,43.61,0.41,175.06,0.54,43.5,0.53,75.17,0.91,43.96,0.88,248.9,0.18,43.37,0.18,221.59,0.35,43.67,0.36,173.1,-1611,-1500,-1800,43.453333333333326,5.96,0 days 00:10:00,True,1,-1611.0,-1603.0,-1600.0,-1596.0,-1598.0,-1594.0,BELOW
2026-08-01 07:10:30,28.42,77.02,0.75,43.84,0.75,178.24,0.84,44.07,0.84,162.5,0.08,42.58,0.08,327.66,0.31,43.9,0.3,210.92,0.79,43.96,0.82,129.06,0.46,43.5,0.46,85.67,0.32,44.02,0.33,114.39,0.41,44.12,0.42,151.89,0.54,43.44,0.55,75.78,0.91,43.96,0.9,258.13,0.18,43.5,0.18,203.11,0.35,44.19,0.34,130.95,-1616,-1500,-1800,43.75666666666666,5.97,0 days 00:10:01,True,1,-1611.0,-1611.0,-1603.0,-1600.0,-1596.0,-1598.0,BELOW
2026-08-01 07:20:29,28.37,77.27,0.75,43.27,0.73,192.99,0.84,43.5,0.83,218.94,0.08,42.18,0.08,327.66,0.31,44.48,0.32,183.15,0.79,43.84,0.76,126.38,0.46,43.44,0.46,81.5,0.32,43.96,0.33,112.41,0.41,44.02,0.4,149.87,0.54,42.87,0.54,81.28,0.91,43.5,0.94,306.91,0.18,43.5,0.18,265.6,0.35,44.12,0.35,136.03,-1608,-1500,-1800,43.556666666666665,5.92,0 days 00:09:59,True,1,-1616.0,-1611.0,-1611.0,-1603.0,-1600.0,-1596.0,TARGET
2026-08-01 07:30:29,28.79,76.51,0.75,43.27,0.74,193.24,0.84,43.61,0.82,215.79,0.08,42.29,0.08,327.66,0.31,44.36,0.32,195.62,0.79,43.9,0.82,123.18,0.46,43.56,0.45,80.29,0.32,44.02,0.31,111.64,0.41,44.12,0.42,147.11,0.54,43.44,0.54,77.28,0.91,43.96,0.92,240.01,0.18,43.37,0.18,228.97,0.35,43.67,0.36,147.5,-1617,-1500,-1800,43.63083333333333,5.96,0 days 00:10:00,True,1,-1608.0,-1616.0,-1611.0,-1611.0,-1603.0,-1600.0,BELOW
2026-08-01 07:40:29,28.95,75.77,0.75,43.44,0.75,196.78,0.84,43.73,0.84,235.01,0.08,42.41,0.08,327.66,0.31,44.42,0.31,175.83,0.79,43.96,0.81,132.75,0.46,43.37,0.47,93.57,0.32,43.96,0.33,139.39,0.41,44.12,0.41,151.89,0.54,43.73,0.54,68.97,0.91,44.3,0.91,246.46,0.18,43.73,0.18,189.95,0.35,44.19,0.36,139.92,-1607,-1500,-1800,43.78,5.99,0 days 00:10:00,True,1,-1617.0,-1608.0,-1616.0,-1611.0,-1611.0,-1603.0,TARGET
2026-08-01 07:50:29,29.27,75.07,0.75,43.73,0.77,175.51,0.84,43.96,0.82,211.2,0.08,42.52,0.08,327.66,0.31,44.42,0.31,173.66,0.79,43.96,0.82,124.45,0.46,43.5,0.45,84.21,0.32,44.02,0.31,118.28,0.41,44.07,0.41,155.28,0.54,43.37,0.56,82.37,0.91,44.07,0.94,269.1,0.18,43.44,0.18,245.98,0.35,44.25,0.36,140.3,-1616,-1500,-1800,43.77583333333333,6.010000000000001,0 days 00:10:00,True,1,-1607.0,-1617.0,-1608.0,-1616.0,-1611.0,-1611.0,BELOW
2026-08-01 08:00:29,29.65,73.94,0.75,43.61,0.74,184.39,0.84,43.96,0.84,199.12,0.08,42.7,0.08,327.66,0.31,44.53,0.3,153.28,0.79,43.84,0.8,149.48,0.46,43.37,0.47,87.62,0.32,43.84,0.32,125.41,0.41,43.96,0.42,158.39,0.54,43.44,0.52,82.98,0.91,43.96,0.93,253.76,0.18,43.37,0.18,241.35,0.35,43.84,0.36,171.62,-1616,-1500,-1800,43.70166666666666,5.96,0 days 00:10:00,True,1,-1616.0,-1607.0,-1617.0,-1608.0,-1616.0,-1611.0,BELOW
2026-08-01 08:10:30,29.91,73.0,0.75,43.27,0.73,204.78,0.84,43.56,0.87,230.49,0.08,42.35,0.08,327.66,0.31,44.19,0.31,212.29,0.79,43.79,0.78,132.39,0.46,43.37,0.47,89.91,0.32,43.9,0.32,124.29,0.41,43.96,0.42,158.59,0.54,43.79,0.55,75.36,0.91,44.3,0.91,238.11,0.18,43.73,0.18,197.83,0.35,44.07,0.35,155.28,-1618,-1500,-1800,43.69,5.97,0 days 00:10:01,True,1,-1616.0,-1616.0,-1607.0,-1617.0,-1608.0,-1616.0,BELOW
2026-08-01 08:20:30,30.34,71.41,0.75,43.73,0.74,161.01,0.84,44.02,0.84,172.31,0.08,42.46,0.08,327.66,0.31,44.19,0.32,197.35,0.79,43.84,0.79,136.48,0.46,43.44,0.46,87.85,0.32,43.9,0.33,123.18,0.41,44.02,0.4,162.5,0.54,43.79,0.54,72.68,0.91,44.3,0.89,226.58,0.18,43.73,0.18,195.04,0.35,43.79,0.34,171.62,-1620,-1500,-1800,43.767500000000005,5.909999999999999,0 days 00:10:00,True,1,-1618.0,-1616.0,-1616.0,-1607.0,-1617.0,-1608.0,BELOW
2026-08-01 08:30:29,30.72,69.55,0.75,43.61,0.76,168.43,0.84,43.79,0.81,175.75,0.08,42.41,0.08,327.66,0.31,44.02,0.3,221.54,0.79,43.56,0.79,158.53,0.46,43.15,0.47,96.92,0.32,43.56,0.33,143.87,0.41,43.67,0.4,182.21,0.54,43.33,0.52,78.5,0.91,43.73,0.91,288.88,0.18,43.27,0.18,280.0,0.35,43.73,0.34,173.55,-1616,-1500,-1800,43.48583333333334,5.89,0 days 00:09:59,True,1,-1620.0,-1618.0,-1616.0,-1616.0,-1607.0,-1617.0,BELOW
2026-08-01 08:40:29,31.04,69.12,0.75,43.61,0.73,189.45,0.84,43.96,0.87,196.58,0.08,42.58,0.08,327.66,0.31,44.42,0.3,159.84,0.79,43.84,0.82,141.67,0.46,42.98,0.46,92.09,0.32,43.67,0.32,134.44,0.41,43.84,0.4,137.47,0.54,43.1,0.53,85.72,0.91,43.9,0.94,302.63,0.18,43.67,0.18,206.68,0.35,44.19,0.35,137.19,-1620,-1500,-1800,43.64666666666667,5.979999999999999,0 days 00:10:00,True,1,-1616.0,-1620.0,-1618.0,-1616.0,-1616.0,-1607.0,BELOW
2026-08-01 08:50:29,31.09,69.49,0.75,43.5,0.74,194.01,0.84,43.73,0.84,216.37,0.08,42.46,0.08,327.66,0.31,43.79,0.32,210.37,0.79,43.61,0.81,150.31,0.46,43.21,0.45,100.75,0.32,43.73,0.33,141.48,0.41,43.84,0.41,175.98,0.54,43.56,0.53,83.31,0.91,44.19,0.89,274.74,0.18,43.56,0.18,186.64,0.35,44.36,0.35,117.21,-1623,-1500,-1800,43.62833333333333,5.93,0 days 00:10:00,True,1,-1620.0,-1616.0,-1620.0,-1618.0,-1616.0,-1616.0,BELOW
2026-08-01 09:50:29,33.23,62.89,0.75,43.73,0.78,173.55,0.84,44.02,0.87,174.69,0.08,42.52,0.08,327.66,0.31,44.19,0.31,191.94,0.79,43.61,0.8,142.56,0.46,43.15,0.46,94.49,0.32,43.73,0.31,137.28,0.41,43.79,0.42,171.41,0.54,43.33,0.54,79.4,0.91,44.02,0.94,268.41,0.18,43.67,0.18,206.68,0.35,44.25,0.34,138.91,-1633,-1500,-1800,43.6675,6.029999999999999,0 days 00:10:00,True,1,-1631.0,-1625.0,-1629.0,-1624.0,-1625.0,-1623.0,BELOW
2026-08-01 10:50:29,34.46,59.99,0.75,43.37,0.75,178.65,0.84,44.07,0.84,199.39,0.08,42.58,0.08,327.66,0.31,44.59,0.3,164.41,0.79,43.9,0.76,149.67,0.46,43.21,0.46,92.57,0.32,43.84,0.33,132.39,0.41,44.02,0.41,240.64,0.54,43.21,0.55,83.43,0.91,43.9,0.91,290.01,0.18,43.61,0.18,212.76,0.35,44.19,0.35,147.48,-1643,-1500,-1800,43.70749999999999,5.92,0 days 00:10:00,True,1,-1639.0,-1635.0,-1636.0,-1635.0,-1633.0,-1633.0,BELOW
2026-08-01 11:10:29,34.99,59.26,0.75,43.5,0.72,188.7,0.84,43.79,0.86,223.65,0.08,42.7,0.08,327.66,0.31,44.36,0.32,173.66,0.79,43.96,0.77,122.27,0.46,43.56,0.46,82.21,0.32,44.07,0.32,113.47,0.41,44.12,0.42,139.92,0.54,43.44,0.52,75.58,0.91,44.02,0.91,284.47,0.18,43.44,0.18,250.45,0.35,44.02,0.34,162.5,-1636,-1500,-1800,43.748333333333335,5.8999999999999995,0 days 00:10:00,True,1,-1639.0,-1643.0,-1639.0,-1635.0,-1636.0,-1635.0,BELOW
2026-08-01 11:20:30,35.15,57.76,0.75,43.96,0.73,165.94,0.84,44.19,0.86,177.59,0.08,42.46,0.08,327.66,0.31,44.07,0.32,218.65,0.79,43.79,0.79,143.14,0.46,43.37,0.46,91.1,0.32,43.9,0.32,128.89,0.41,43.96,0.42,165.94,0.54,43.73,0.52,72.68,0.91,44.42,0.93,260.82,0.18,43.27,0.18,254.08,0.35,43.9,0.35,163.76,-1635,-1500,-1800,43.751666666666665,5.959999999999999,0 days 00:10:01,True,1,-1636.0,-1639.0,-1643.0,-1639.0,-1635.0,-1636.0,BELOW
2026-08-01 11:40:30,35.79,55.9,0.75,43.84,0.76,161.66,0.84,44.12,0.81,202.81,0.08,42.81,0.08,327.66,0.31,44.59,0.31,166.34,0.79,44.07,0.77,128.2,0.46,43.56,0.45,88.53,0.32,43.96,0.32,94.93,0.41,44.12,0.4,155.69,0.54,43.56,0.56,77.15,0.91,44.19,0.93,275.1,0.18,43.37,0.18,269.74,0.35,43.9,0.36,163.99,-1640,-1500,-1800,43.840833333333336,5.930000000000001,0 days 00:10:00,True,1,-1638.0,-1635.0,-1636.0,-1639.0,-1643.0,-1639.0,BELOW
2026-08-01 11:50:29,35.84,56.21,0.75,43.67,0.78,154.06,0.84,44.36,0.81,182.68,0.08,42.35,0.08,327.66,0.31,44.53,0.3,168.11,0.79,43.9,0.82,125.41,0.46,43.56,0.45,82.59,0.32,44.02,0.31,138.0,0.41,44.07,0.4,151.89,0.54,43.79,0.53,69.42,0.91,44.36,0.93,234.43,0.18,43.61,0.18,219.81,0.35,44.12,0.36,144.45,-1646,-1500,-1800,43.86166666666667,5.95,0 days 00:09:59,True,1,-1640.0,-1638.0,-1635.0,-1636.0,-1639.0,-1643.0,BELOW
2026-08-01 12:00:29,36.0,55.9,0.75,43.9,0.72,163.76,0.84,44.19,0.82,181.97,0.08,42.41,0.08,327.66,0.31,43.96,0.3,201.75,0.79,43.61,0.79,151.97,0.46,43.15,0.46,100.0,0.32,43.67,0.32,144.44,0.41,43.79,0.4,185.12,0.54,43.56,0.55,80.76,0.91,44.25,0.93,259.82,0.18,43.27,0.18,298.26,0.35,43.84,0.36,173.78,-1644,-1500,-1800,43.63333333333333,5.909999999999999,0 days 00:10:00,True,1,-1646.0,-1640.0,-1638.0,-1635.0,-1636.0,-1639.0,BELOW
2026-08-01 12:20:30,36.49,53.34,0.75,43.79,0.72,161.23,0.84,44.02,0.83,174.24,0.08,42.58,0.08,327.66,0.31,44.3,0.31,171.54,0.79,44.25,0.8,117.89,0.46,43.5,0.45,88.41,0.32,44.12,0.32,109.32,0.41,44.3,0.41,203.6,0.54,43.5,0.56,75.26,0.91,44.07,0.93,263.34,0.18,43.56,0.18,238.12,0.35,44.12,0.36,153.76,-1640,-1500,-1800,43.8425,5.95,0 days 00:10:00,True,1,-1640.0,-1644.0,-1646.0,-1640.0,-1638.0,-1635.0,BELOW
2026-08-01 12:30:30,36.75,54.5,0.75,43.79,0.74,204.18,0.84,43.96,0.82,191.19,0.08,42.52,0.08,327.66,0.31,44.36,0.31,175.6,0.79,43.9,0.77,122.11,0.46,43.5,0.47,82.21,0.32,44.02,0.33,119.29,0.41,44.07,0.4,155.28,0.54,43.5,0.55,85.14,0.91,44.07,0.92,264.03,0.18,43.79,0.18,198.09,0.35,44.36,0.35,137.73,-1647,-1500,-1800,43.81999999999999,5.92,0 days 00:10:00,True,1,-1640.0,-1640.0,-1644.0,-1646.0,-1640.0,-1638.0,BELOW
2026-08-01 12:50:29,37.02,51.57,0.75,43.56,0.78,184.15,0.84,43.79,0.85,201.48,0.08,42.7,0.08,327.66,0.31,44.65,0.3,166.56,0.79,43.96,0.81,129.06,0.46,43.56,0.46,86.32,0.32,44.07,0.31,118.43,0.41,44.12,0.41,153.76,0.54,43.44,0.55,81.5,0.91,44.12,0.92,274.38,0.18,43.79,0.18,206.96,0.35,44.36,0.35,139.09,-1635,-1500,-1800,43.843333333333334,5.999999999999999,0 days 00:09:59,True,1,-1638.0,-1647.0,-1640.0,-1640.0,-1644.0,-1646.0,BELOW
2026-08-01 14:20:29,39.05,47.45,0.75,43.56,0.77,200.15,0.84,43.96,0.87,185.85,0.08,42.46,0.08,327.66,0.31,44.42,0.31,178.51,0.79,43.84,0.81,131.14,0.46,43.56,0.46,86.32,0.32,43.96,0.33,125.74,0.41,44.19,0.42,153.97,0.54,44.12,0.54,78.94,0.91,44.25,0.93,246.14,0.18,43.84,0.18,204.72,0.35,43.67,0.35,166.84,-1646,-1500,-1800,43.81916666666667,6.05,0 days 00:10:00,True,2,-1644.0,-1637.0,-1638.0,-1642.0,-1647.0,-1644.0,BELOW
2026-08-01 15:10:30,39.21,48.03,0.75,43.56,0.75,206.14,0.84,43.96,0.87,193.34,0.08,42.52,0.08,327.66,0.31,44.25,0.31,189.59,0.79,43.44,0.79,148.31,0.46,43.56,0.46,86.32,0.32,43.56,0.33,156.95,0.41,44.19,0.4,155.48,0.54,43.9,0.55,74.04,0.91,44.42,0.88,230.9,0.18,43.84,0.18,204.45,0.35,44.42,0.35,136.73,-1637,-1500,-1800,43.80166666666667,5.949999999999999,0 days 00:10:00,True,2,-1640.0,-1648.0,-1647.0,-1648.0,-1646.0,-1644.0,BELOW
2026-08-01 15:20:30,39.26,48.33,0.75,43.79,0.78,163.34,0.84,43.84,0.81,220.67,0.08,42.58,0.08,327.66,0.31,44.42,0.32,180.57,0.79,43.96,0.82,131.5,0.46,43.67,0.47,83.42,0.32,44.07,0.31,120.32,0.41,44.07,0.42,194.1,0.54,44.02,0.55,80.67,0.91,44.3,0.89,226.87,0.18,43.9,0.18,198.87,0.35,44.48,0.35,111.04,-1639,-1500,-1800,43.92499999999999,5.9799999999999995,0 days 00:10:00,True,2,-1637.0,-1640.0,-1648.0,-1647.0,-1648.0,-1646.0,BELOW
2026-08-01 15:30:30,39.37,47.48,0.75,43.84,0.74,167.72,0.84,44.02,0.84,179.17,0.08,42.7,0.08,327.66,0.31,44.48,0.31,180.81,0.79,43.9,0.76,151.5,0.46,43.04,0.46,99.61,0.32,44.07,0.32,124.93,0.41,43.67,0.41,184.64,0.54,43.37,0.55,79.06,0.91,44.02,0.93,273.66,0.18,43.37,0.18,259.22,0.35,43.9,0.34,152.97,-1644,-1500,-1800,43.69833333333333,5.92,0 days 00:10:00,True,2,-1639.0,-1637.0,-1640.0,-1648.0,-1647.0,-1648.0,BELOW
2026-08-01 15:50:30,40.6,45.95,0.75,43.84,0.73,159.59,0.84,44.07,0.86,183.89,0.08,42.52,0.08,327.66,0.31,44.48,0.32,169.91,0.79,43.79,0.76,149.09,0.46,43.61,0.46,86.98,0.32,43.84,0.31,128.72,0.41,44.19,0.42,155.48,0.54,43.84,0.54,72.4,0.91,44.48,0.89,234.74,0.18,43.9,0.18,204.45,0.35,44.48,0.35,136.73,-1639,-1500,-1800,43.919999999999995,5.8999999999999995,0 days 00:10:00,True,2,-1644.0,-1644.0,-1639.0,-1637.0,-1640.0,-1648.0,BELOW
2026-08-01 16:00:30,40.71,45.1,0.75,43.73,0.73,182.45,0.84,44.12,0.86,177.12,0.08,42.7,0.08,327.66,0.31,44.36,0.32,178.06,0.79,44.12,0.81,130.61,0.46,43.21,0.45,100.75,0.32,44.07,0.31,120.48,0.41,43.84,0.4,182.93,0.54,43.21,0.54,80.12,0.91,43.84,0.91,296.19,0.18,43.21,0.18,291.53,0.35,43.79,0.36,167.28,-1646,-1500,-1800,43.68333333333333,5.95,0 days 00:10:00,True,2,-1639.0,-1644.0,-1644.0,-1639.0,-1637.0,-1640.0,BELOW
2026-08-01 16:50:30,40.76,44.79,0.75,43.9,0.78,160.0,0.84,43.79,0.82,213.6,0.08,42.52,0.08,327.66,0.31,44.53,0.32,174.11,0.79,43.56,0.76,155.17,0.46,43.61,0.45,86.43,0.32,43.61,0.33,151.97,0.41,44.25,0.41,152.3,0.54,43.37,0.53,75.47,0.91,44.53,0.91,239.65,0.18,44.07,0.18,208.04,0.35,44.3,0.34,141.72,-1640,-1500,-1800,43.83666666666667,5.91,0 days 00:10:00,True,2,-1638.0,-1644.0,-1642.0,-1637.0,-1646.0,-1639.0,BELOW
2026-08-01 17:00:30,40.38,45.1,0.75,43.96,0.75,178.7,0.84,44.19,0.82,184.37,0.08,42.75,0.08,327.66,0.31,44.53,0.3,181.26,0.79,44.07,0.82,128.05,0.46,43.56,0.46,90.27,0.32,44.07,0.32,119.45,0.41,44.12,0.41,160.84,0.54,43.79,0.56,74.24,0.91,44.36,0.92,251.18,0.18,43.73,0.18,192.84,0.35,44.3,0.35,139.09,-1640,-1500,-1800,43.95250000000001,5.969999999999999,0 days 00:10:00,True,2,-1640.0,-1638.0,-1644.0,-1642.0,-1637.0,-1646.0,BELOW
2026-08-01 17:30:30,39.32,47.54,0.75,43.44,0.78,202.57,0.84,44.12,0.86,174.92,0.08,42.7,0.08,327.66,0.31,44.12,0.31,208.86,0.79,44.07,0.77,124.78,0.46,43.37,0.46,87.62,0.32,44.19,0.33,115.8,0.41,43.96,0.41,143.5,0.54,43.79,0.53,71.1,0.91,44.36,0.91,265.06,0.18,43.73,0.18,198.09,0.35,44.3,0.36,138.91,-1642,-1500,-1800,43.84583333333333,5.98,0 days 00:10:00,True,2,-1650.0,-1649.0,-1640.0,-1640.0,-1638.0,-1644.0,BELOW
2026-08-01 18:10:30,38.14,50.53,0.75,43.96,0.72,163.99,0.84,43.84,0.86,210.92,0.08,42.64,0.08,327.66,0.31,44.53,0.32,168.32,0.79,43.61,0.81,150.31,0.46,43.5,0.47,87.41,0.32,43.73,0.31,144.44,0.41,44.12,0.42,164.62,0.54,43.79,0.54,73.07,0.91,44.42,0.93,238.72,0.18,43.79,0.18,204.18,0.35,44.36,0.35,132.7,-1652,-1500,-1800,43.85750000000001,5.989999999999998,0 days 00:10:00,True,2,-1649.0,-1652.0,-1649.0,-1642.0,-1650.0,-1649.0,BELOW
2026-08-01 19:20:30,36.59,54.56,0.75,43.96,0.72,165.94,0.84,44.12,0.84,186.58,0.08,42.7,0.08,327.66,0.31,44.59,0.32,166.34,0.79,43.61,0.78,142.75,0.46,43.67,0.46,85.48,0.32,43.73,0.31,140.06,0.41,44.25,0.42,152.5,0.54,43.84,0.54,74.33,0.91,44.36,0.92,242.21,0.18,43.33,0.18,198.58,0.35,43.96,0.36,133.84,-1652,-1500,-1800,43.843333333333334,5.930000000000001,0 days 00:10:00,True,2,-1649.0,-1655.0,-1652.0,-1645.0,-1652.0,-1647.0,BELOW
2026-08-01 19:30:30,36.11,55.81,0.75,43.44,0.78,246.31,0.84,44.25,0.86,173.21,0.08,42.75,0.08,327.66,0.31,44.07,0.3,202.54,0.79,44.12,0.78,125.89,0.46,43.5,0.45,81.5,0.32,44.19,0.33,120.79,0.41,44.02,0.41,151.5,0.54,43.67,0.52,73.65,0.91,44.3,0.89,234.14,0.18,43.61,0.18,200.43,0.35,44.19,0.36,138.73,-1653,-1500,-1800,43.8425,5.9399999999999995,0 days 00:10:00,True,2,-1652.0,-1649.0,-1655.0,-1652.0,-1645.0,-1652.0,BELOW
2026-08-01 21:30:30,32.0,65.97,0.75,43.44,0.75,208.71,0.84,43.61,0.85,226.71,0.08,42.41,0.08,327.66,0.31,44.48,0.3,169.91,0.79,43.61,0.82,148.7,0.46,43.44,0.46,87.74,0.32,43.56,0.31,148.5,0.41,44.02,0.4,164.41,0.54,43.44,0.56,81.5,0.91,44.12,0.9,269.46,0.18,43.56,0.18,219.23,0.35,44.07,0.34,150.26,-1649,-1500,-1800,43.64666666666667,5.95,0 days 00:10:00,True,2,-1658.0,-1653.0,-1658.0,-1657.0,-1651.0,-1653.0,BELOW
2026-08-01 21:40:30,31.52,67.29,0.75,43.9,0.76,167.72,0.84,44.12,0.86,170.65,0.08,42.7,0.08,327.66,0.31,44.02,0.32,218.36,0.79,43.56,0.81,140.92,0.46,42.98,0.47,100.07,0.32,43.96,0.32,125.57,0.41,43.56,0.4,186.64,0.54,43.33,0.52,86.29,0.91,43.9,0.88,262.31,0.18,43.33,0.18,280.0,0.35,43.9,0.35,167.5,-1648,-1500,-1800,43.605,5.949999999999998,0 days 00:10:00,True,2,-1649.0,-1658.0,-1653.0,-1658.0,-1657.0,-1651.0,BELOW
2026-08-01 22:10:31,30.66,69.06,0.75,43.79,0.76,185.37,0.84,43.84,0.82,204.45,0.08,42.58,0.08,327.66,0.31,44.02,0.3,327.66,0.79,43.44,0.8,165.96,0.46,43.56,0.47,81.72,0.32,43.73,0.31,182.45,0.41,44.07,0.42,155.28,0.54,43.73,0.55,73.36,0.91,44.3,0.91,234.43,0.18,43.67,0.18,197.83,0.35,44.19,0.35,141.53,-1646,-1500,-1800,43.74333333333334,5.95,0 days 00:10:00,True,2,-1657.0,-1649.0,-1648.0,-1649.0,-1658.0,-1653.0,BELOW
2026-08-01 23:00:31,29.97,71.1,0.75,43.44,0.74,194.26,0.84,43.96,0.84,196.58,0.08,42.58,0.08,327.66,0.31,44.12,0.31,197.09,0.79,43.61,0.8,153.66,0.46,43.04,0.47,105.79,0.32,43.67,0.33,139.69,0.41,43.67,0.41,197.83,0.54,43.37,0.56,78.71,0.91,44.02,0.92,263.69,0.18,43.37,0.18,254.75,0.35,43.9,0.34,158.39,-1636,-1500,-1800,43.56250000000001,5.98,0 days 00:10:01,True,2,-1650.0,-1647.0,-1654.0,-1652.0,-1646.0,-1657.0,BELOW
2026-08-01 23:10:31,29.81,71.04,0.75,43.15,0.75,207.33,0.84,43.73,0.82,195.3,0.08,42.35,0.08,327.66,0.31,44.53,0.3,164.2,0.79,43.84,0.77,136.3,0.46,43.44,0.46,83.48,0.32,43.56,0.32,158.95,0.41,44.07,0.41,155.48,0.54,43.56,0.52,79.36,0.91,44.25,0.94,264.72,0.18,43.37,0.18,218.36,0.35,44.19,0.35,152.3,-1644,-1500,-1800,43.669999999999995,5.899999999999999,0 days 00:10:00,True,2,-1636.0,-1650.0,-1647.0,-1654.0,-1652.0,-1646.0,BELOW
2026-08-01 23:20:30,30.02,70.16,0.75,43.44,0.72,194.01,0.84,44.12,0.82,170.43,0.08,42.58,0.08,327.66,0.31,44.19,0.31,194.61,0.79,43.5,0.81,158.53,0.46,43.5,0.45,78.82,0.32,43.96,0.32,118.12,0.41,44.12,0.4,145.75,0.54,43.56,0.56,77.15,0.91,44.19,0.94,274.74,0.18,43.56,0.18,234.09,0.35,44.07,0.36,157.23,-1648,-1500,-1800,43.732499999999995,5.95,0 days 00:09:59,True,2,-1644.0,-1636.0,-1650.0,-1647.0,-1654.0,-1652.0,BELOW
2026-08-01 23:30:30,29.97,70.74,0.75,43.33,0.76,218.36,0.84,43.84,0.84,252.43,0.08,42.46,0.08,327.66,0.31,44.42,0.31,185.32,0.79,43.5,0.78,151.56,0.46,43.15,0.45,98.43,0.32,44.07,0.32,112.7,0.41,43.73,0.42,180.08,0.54,43.1,0.56,87.04,0.91,43.79,0.89,289.25,0.18,43.1,0.18,290.75,0.35,43.61,0.36,189.45,-1638,-1500,-1800,43.50833333333333,5.95,0 days 00:10:00,True,2,-1648.0,-1644.0,-1636.0,-1650.0,-1647.0,-1654.0,BELOW
2026-08-01 23:40:30,30.02,69.55,0.75,43.67,0.75,179.84,0.84,44.12,0.82,191.69,0.08,42.81,0.08,327.66,0.31,44.42,0.31,195.62,0.79,43.5,0.82,156.73,0.46,43.15,0.46,111.25,0.32,43.61,0.31,144.06,0.41,43.84,0.41,185.37,0.54,43.37,0.53,82.87,0.91,44.02,0.89,273.66,0.18,43.37,0.18,245.98,0.35,43.9,0.35,161.87,-1639,-1500,-1800,43.64833333333333,5.909999999999999,0 days 00:10:00,True,2,-1638.0,-1648.0,-1644.0,-1636.0,-1650.0,-1647.0,BELOW
2026-08-01 23:50:30,29.97,69.73,0.75,43.56,0.74,197.3,0.84,43.9,0.86,202.01,0.08,42.93,0.08,327.66,0.31,44.36,0.3,178.06,0.79,43.9,0.82,156.41,0.46,43.33,0.47,92.82,0.32,43.67,0.31,155.59,0.41,43.9,0.41,169.99,0.54,43.37,0.53,89.43,0.91,44.07,0.89,327.66,0.18,43.44,0.18,281.49,0.35,44.02,0.35,158.59,-1636,-1500,-1800,43.70416666666667,5.9399999999999995,0 days 00:10:00,True,2,-1639.0,-1638.0,-1648.0,-1644.0,-1636.0,-1650.0,BELOW
2026-08-02 00:00:31,29.97,69.94,0.75,43.33,0.74,208.15,0.84,44.02,0.86,199.39,0.08,42.7,0.08,327.66,0.31,44.48,0.3,163.76,0.79,43.67,0.79,142.95,0.46,43.5,0.47,79.72,0.32,43.84,0.31,131.14,0.41,44.07,0.4,153.56,0.54,43.67,0.53,71.01,0.91,44.25,0.89,237.79,0.18,43.61,0.18,192.33,0.35,44.19,0.35,137.37,-1639,-1500,-1800,43.777499999999996,5.8999999999999995,0 days 00:10:01,True,2,-1636.0,-1639.0,-1638.0,-1648.0,-1644.0,-1636.0,BELOW
2026-08-02 00:10:31,29.7,70.16,0.75,43.56,0.74,197.3,0.84,44.07,0.85,170.43,0.08,42.52,0.08,327.66,0.31,44.19,0.31,194.35,0.79,43.73,0.81,127.21,0.46,43.5,0.46,87.74,0.32,44.02,0.33,110.77,0.41,43.96,0.41,153.17,0.54,43.61,0.53,73.46,0.91,44.19,0.94,250.21,0.18,43.56,0.18,202.84,0.35,44.02,0.36,146.92,-1630,-1500,-1800,43.744166666666665,6.000000000000001,0 days 00:10:00,True,2,-1639.0,-1636.0,-1639.0,-1638.0,-1648.0,-1644.0,BELOW
2026-08-02 00:20:31,29.65,70.4,0.75,43.67,0.72,195.3,0.84,43.84,0.87,189.95,0.08,42.24,0.08,327.66,0.31,44.3,0.3,189.84,0.79,43.37,0.77,160.17,0.46,43.61,0.45,84.73,0.32,44.19,0.33,122.43,0.41,44.19,0.41,144.45,0.54,43.5,0.54,75.87,0.91,44.19,0.91,250.21,0.18,43.61,0.18,216.37,0.35,44.07,0.34,151.89,-1630,-1500,-1800,43.731666666666676,5.9,0 days 00:10:00,True,2,-1630.0,-1639.0,-1636.0,-1639.0,-1638.0,-1648.0,BELOW
2026-08-02 00:30:30,29.59,70.83,0.75,43.37,0.75,202.3,0.84,43.84,0.81,193.09,0.08,42.46,0.08,327.66,0.31,44.48,0.32,183.15,0.79,43.5,0.79,168.21,0.46,43.33,0.45,91.59,0.32,44.25,0.33,118.89,0.41,43.96,0.42,178.7,0.54,42.93,0.53,84.13,0.91,44.25,0.93,264.72,0.18,43.33,0.18,259.22,0.35,43.84,0.35,163.56,-1627,-1500,-1800,43.62833333333333,5.9399999999999995,0 days 00:09:59,True,2,-1630.0,-1630.0,-1639.0,-1636.0,-1639.0,-1638.0,BELOW
2026-08-02 00:40:30,29.43,71.32,0.75,43.73,0.73,179.6,0.84,44.19,0.82,177.36,0.08,42.75,0.08,327.66,0.31,44.42,0.3,187.8,0.79,43.79,0.79,155.8,0.46,43.21,0.47,96.62,0.32,43.84,0.33,131.14,0.41,43.84,0.42,171.62,0.54,43.15,0.53,85.1,0.91,43.79,0.88,289.63,0.18,43.21,0.18,291.91,0.35,43.79,0.36,167.28,-1625,-1500,-1800,43.64249999999999,5.89,0 days 00:10:00,True,2,-1627.0,-1630.0,-1630.0,-1639.0,-1636.0,-1639.0,BELOW
2026-08-02 01:00:31,29.33,72.35,0.75,43.27,0.78,221.29,0.84,44.19,0.86,168.82,0.08,42.75,0.08,327.66,0.31,44.36,0.3,206.86,0.79,43.44,0.79,153.05,0.46,43.44,0.47,84.5,0.32,43.84,0.31,131.14,0.41,44.07,0.4,150.26,0.54,43.15,0.55,81.56,0.91,44.07,0.93,291.15,0.18,43.44,0.18,287.35,0.35,43.96,0.36,156.81,-1627,-1500,-1800,43.66499999999999,6.01,0 days 00:10:01,True,2,-1631.0,-1625.0,-1627.0,-1630.0,-1630.0,-1639.0,BELOW
2026-08-02 01:10:31,29.17,73.0,0.75,43.73,0.74,165.29,0.84,44.25,0.82,206.06,0.08,42.58,0.08,327.66,0.31,43.96,0.32,225.12,0.79,43.44,0.8,158.33,0.46,42.98,0.45,104.98,0.32,43.96,0.31,119.29,0.41,43.61,0.42,200.69,0.54,43.15,0.52,86.6,0.91,43.79,0.89,302.22,0.18,43.15,0.18,318.65,0.35,43.67,0.34,182.21,-1627,-1500,-1800,43.5225,5.87,0 days 00:10:00,True,2,-1627.0,-1631.0,-1625.0,-1627.0,-1630.0,-1630.0,BELOW
2026-08-02 01:20:31,29.27,72.57,0.75,43.61,0.72,184.64,0.84,43.61,0.81,223.35,0.08,42.46,0.08,327.66,0.31,44.19,0.31,225.7,0.79,43.73,0.78,142.95,0.46,43.56,0.47,84.21,0.32,43.21,0.31,154.16,0.41,44.19,0.41,148.87,0.54,43.73,0.56,73.75,0.91,44.42,0.88,238.4,0.18,43.73,0.18,207.23,0.35,44.25,0.35,133.62,-1619,-1500,-1800,43.72416666666667,5.859999999999999,0 days 00:10:00,True,2,-1627.0,-1627.0,-1631.0,-1625.0,-1627.0,-1630.0,BELOW
2026-08-02 01:30:30,29.22,72.42,0.75,43.37,0.76,196.26,0.84,43.9,0.85,178.24,0.08,42.52,0.08,327.66,0.31,44.02,0.3,190.94,0.79,43.37,0.78,149.73,0.46,43.67,0.46,81.35,0.32,44.07,0.32,118.43,0.41,43.96,0.42,204.98,0.54,43.79,0.52,76.81,0.91,44.07,0.88,237.18,0.18,43.67,0.18,195.3,0.35,44.25,0.35,123.07,-1623,-1500,-1800,43.72166666666667,5.8999999999999995,0 days 00:09:59,True,2,-1619.0,-1627.0,-1627.0,-1631.0,-1625.0,-1627.0,BELOW
2026-08-02 01:40:30,29.06,73.03,0.75,43.73,0.78,156.0,0.84,43.61,0.81,200.43,0.08,42.24,0.08,327.66,0.31,44.53,0.32,164.2,0.79,43.79,0.79,159.37,0.46,43.37,0.47,89.32,0.32,44.12,0.32,115.5,0.41,44.02,0.42,156.81,0.54,43.33,0.54,80.33,0.91,43.96,0.94,263.34,0.18,43.37,0.18,259.56,0.35,43.9,0.34,156.41,-1622,-1500,-1800,43.66416666666666,5.989999999999998,0 days 00:10:00,True,2,-1623.0,-1619.0,-1627.0,-1627.0,-1631.0,-1625.0,BELOW
2026-08-02 01:50:30,28.85,74.03,0.75,43.33,0.72,204.78,0.84,44.19,0.84,168.82,0.08,42.75,0.08,327.66,0.31,43.9,0.32,207.76,0.79,43.79,0.76,144.62,0.46,43.37,0.45,85.43,0.32,43.9,0.32,124.29,0.41,44.36,0.41,126.39,0.54,43.67,0.54,74.04,0.91,44.3,0.9,230.29,0.18,43.67,0.18,203.64,0.35,44.19,0.35,137.37,-1616,-1500,-1800,43.785000000000004,5.87,0 days 00:10:00,True,2,-1622.0,-1623.0,-1619.0,-1627.0,-1627.0,-1631.0,BELOW
2026-08-02 02:00:30,28.79,74.25,0.75,43.84,0.75,167.5,0.84,43.61,0.81,212.76,0.08,42.29,0.08,327.66,0.31,44.48,0.31,165.92,0.79,44.12,0.82,116.61,0.46,43.44,0.45,89.43,0.32,44.02,0.32,118.12,0.41,44.07,0.4,157.03,0.54,43.37,0.55,78.15,0.91,44.07,0.91,304.21,0.18,43.5,0.18,246.62,0.35,44.02,0.36,160.64,-1618,-1500,-1800,43.735833333333325,5.94,0 days 00:10:00,True,2,-1616.0,-1622.0,-1623.0,-1619.0,-1627.0,-1627.0,BELOW
2026-08-02 02:10:31,28.53,74.92,0.75,43.33,0.76,221.59,0.84,44.12,0.83,174.92,0.08,42.64,0.08,327.66,0.31,43.96,0.3,236.25,0.79,43.9,0.81,131.33,0.46,43.21,0.47,97.18,0.32,44.02,0.31,124.62,0.41,43.73,0.4,171.18,0.54,43.73,0.52,72.11,0.91,44.53,0.93,224.43,0.18,43.5,0.18,189.2,0.35,44.19,0.34,145.95,-1617,-1500,-1800,43.73833333333332,5.93,0 days 00:10:01,True,2,-1618.0,-1616.0,-1622.0,-1623.0,-1619.0,-1627.0,BELOW
2026-08-02 02:20:31,28.26,75.96,0.75,43.27,0.78,211.08,0.84,43.61,0.87,226.71,0.08,42.41,0.08,327.66,0.31,43.61,0.3,215.79,0.79,43.61,0.79,153.45,0.46,43.37,0.45,89.79,0.32,43.73,0.31,144.25,0.41,43.96,0.4,161.87,0.54,43.73,0.53,73.36,0.91,44.36,0.91,242.53,0.18,43.73,0.18,198.09,0.35,44.25,0.35,149.25,-1612,-1500,-1800,43.63666666666668,5.949999999999999,0 days 00:10:00,True,2,-1617.0,-1618.0,-1616.0,-1622.0,-1623.0,-1619.0,BELOW
2026-08-02 02:30:31,28.31,76.02,0.75,43.56,0.77,181.73,0.84,43.56,0.82,209.26,0.08,42.29,0.08,327.66,0.31,44.3,0.3,182.68,0.79,43.79,0.81,138.66,0.46,43.15,0.46,100.75,0.32,43.84,0.33,140.23,0.41,43.73,0.4,180.08,0.54,43.04,0.52,86.92,0.91,43.79,0.88,315.54,0.18,43.15,0.18,327.66,0.35,43.67,0.34,182.21,-1608,-1500,-1800,43.48916666666667,5.89,0 days 00:10:00,True,2,-1612.0,-1617.0,-1618.0,-1616.0,-1622.0,-1623.0,TARGET
2026-08-02 02:40:30,28.15,76.38,0.75,43.56,0.74,184.15,0.84,43.9,0.83,185.61,0.08,42.58,0.08,327.66,0.31,44.19,0.31,197.35,0.79,43.56,0.76,148.7,0.46,43.27,0.47,88.06,0.32,43.67,0.32,130.81,0.41,43.96,0.41,158.39,0.54,43.56,0.56,75.87,0.91,44.25,0.88,237.79,0.18,43.56,0.18,212.48,0.35,44.07,0.35,142.78,-1610,-1500,-1800,43.6775,5.889999999999999,0 days 00:09:59,True,2,-1608.0,-1612.0,-1617.0,-1618.0,-1616.0,-1622.0,TARGET
2026-08-02 02:50:30,28.26,76.44,0.75,43.56,0.72,300.25,0.84,43.9,0.87,193.34,0.08,42.64,0.08,327.66,0.31,43.96,0.31,211.2,0.79,43.73,0.76,130.98,0.46,43.27,0.45,95.93,0.32,43.84,0.31,128.89,0.41,43.84,0.41,165.72,0.54,43.61,0.53,75.15,0.91,44.19,0.88,241.58,0.18,43.61,0.18,209.54,0.35,44.12,0.36,144.45,-1605,-1500,-1800,43.689166666666665,5.86,0 days 00:10:00,True,2,-1610.0,-1608.0,-1612.0,-1617.0,-1618.0,-1616.0,TARGET
2026-08-02 03:00:31,28.37,76.05,0.75,43.5,0.72,181.25,0.84,43.67,0.86,239.07,0.08,42.52,0.08,327.66,0.31,44.12,0.32,181.5,0.79,43.67,0.82,142.95,0.46,43.56,0.46,80.29,0.32,43.73,0.32,135.94,0.41,44.07,0.42,148.67,0.54,43.61,0.52,72.78,0.91,44.25,0.9,233.83,0.18,43.67,0.18,200.69,0.35,44.19,0.35,143.16,-1608,-1500,-1800,43.71333333333334,5.949999999999999,0 days 00:10:01,True,2,-1605.0,-1610.0,-1608.0,-1612.0,-1617.0,-1618.0,TARGET
2026-08-02 03:10:31,28.26,76.54,0.75,43.56,0.76,212.48,0.84,43.84,0.82,195.81,0.08,42.35,0.08,327.66,0.31,44.12,0.32,222.4,0.79,43.9,0.82,123.18,0.46,42.93,0.47,104.98,0.32,44.07,0.33,110.91,0.41,43.61,0.4,184.39,0.54,43.27,0.54,78.4,0.91,43.84,0.94,295.41,0.18,43.27,0.18,274.41,0.35,43.73,0.34,161.23,-1609,-1500,-1800,43.54083333333333,6.0,0 days 00:10:00,True,2,-1608.0,-1605.0,-1610.0,-1608.0,-1612.0,-1617.0,TARGET
2026-08-02 03:20:31,28.42,75.86,0.75,43.5,0.77,174.6,0.84,43.84,0.82,204.45,0.08,42.52,0.08,327.66,0.31,44.19,0.3,179.87,0.79,43.44,0.78,156.53,0.46,43.15,0.45,102.88,0.32,43.5,0.31,155.17,0.41,43.67,0.41,177.54,0.54,43.1,0.53,86.37,0.91,43.73,0.9,308.13,0.18,43.1,0.18,317.81,0.35,43.67,0.36,177.54,-1607,-1500,-1800,43.45083333333334,5.890000000000001,0 days 00:10:00,True,2,-1609.0,-1608.0,-1605.0,-1610.0,-1608.0,-1612.0,TARGET
2026-08-02 03:30:31,28.42,75.99,0.75,43.56,0.74,184.15,0.84,43.84,0.87,201.48,0.08,42.58,0.08,327.66,0.31,44.19,0.31,184.37,0.79,43.5,0.77,151.56,0.46,43.21,0.45,104.59,0.32,43.61,0.32,152.17,0.41,43.56,0.41,197.57,0.54,43.33,0.54,78.5,0.91,43.84,0.93,272.6,0.18,43.21,0.18,249.12,0.35,43.79,0.35,155.8,-1612,-1500,-1800,43.51833333333334,5.949999999999999,0 days 00:10:00,True,2,-1607.0,-1609.0,-1608.0,-1605.0,-1610.0,-1608.0,BELOW
2026-08-02 03:40:30,28.31,76.11,0.75,43.9,0.72,176.21,0.84,43.79,0.81,198.61,0.08,42.52,0.08,327.66,0.31,44.12,0.31,197.35,0.79,43.21,0.76,165.08,0.46,43.04,0.46,101.98,0.32,43.61,0.32,155.39,0.41,43.67,0.42,192.33,0.54,43.1,0.52,91.1,0.91,43.84,0.94,295.41,0.18,43.15,0.18,304.09,0.35,44.07,0.36,188.86,-1606,-1500,-1800,43.50166666666667,5.88,0 days 00:09:59,True,2,-1612.0,-1607.0,-1609.0,-1608.0,-1605.0,-1610.0,TARGET
2026-08-02 03:50:30,28.21,76.38,0.75,43.96,0.73,163.99,0.84,44.36,0.83,170.87,0.08,42.87,0.08,327.66,0.31,43.96,0.32,217.79,0.79,43.5,0.77,162.26,0.46,43.44,0.47,80.92,0.32,43.61,0.33,159.17,0.41,44.02,0.4,143.89,0.54,43.61,0.56,73.56,0.91,44.25,0.91,250.54,0.18,43.67,0.18,209.82,0.35,43.84,0.34,152.76,-1601,-1500,-1800,43.7575,5.92,0 days 00:10:00,True,2,-1606.0,-1612.0,-1607.0,-1609.0,-1608.0,-1605.0,TARGET
2026-08-02 04:00:30,28.21,76.23,0.75,43.67,0.76,195.04,0.84,44.3,0.85,175.37,0.08,42.81,0.08,327.66,0.31,44.25,0.32,203.33,0.79,43.79,0.78,125.07,0.46,43.21,0.45,97.3,0.32,43.96,0.33,116.16,0.41,43.67,0.42,179.84,0.54,43.15,0.56,85.63,0.91,43.84,0.89,308.94,0.18,43.21,0.18,304.9,0.35,44.19,0.36,140.3,-1609,-1500,-1800,43.67083333333333,5.98,0 days 00:10:00,True,2,-1601.0,-1606.0,-1612.0,-1607.0,-1609.0,-1608.0,TARGET
2026-08-02 04:10:31,28.26,76.05,0.75,43.61,0.77,179.6,0.84,44.02,0.81,204.98,0.08,42.58,0.08,327.66,0.31,44.02,0.31,202.01,0.79,43.21,0.8,148.92,0.46,43.37,0.46,89.32,0.32,43.84,0.32,140.61,0.41,43.9,0.42,161.66,0.54,43.67,0.56,69.83,0.91,44.19,0.89,249.89,0.18,43.56,0.18,215.51,0.35,44.25,0.35,150.86,-1603,-1500,-1800,43.685,5.949999999999999,0 days 00:10:01,True,2,-1609.0,-1601.0,-1606.0,-1612.0,-1607.0,-1609.0,TARGET
2026-08-02 04:20:31,27.99,76.69,0.75,43.67,0.78,173.1,0.84,43.9,0.87,190.69,0.08,42.64,0.08,327.66,0.31,43.84,0.32,204.45,0.79,43.79,0.77,133.33,0.46,42.98,0.47,104.84,0.32,43.9,0.33,126.38,0.41,43.61,0.4,194.78,0.54,43.5,0.53,75.26,0.91,44.02,0.9,244.54,0.18,43.5,0.18,222.18,0.35,43.9,0.34,156.62,-1604,-1500,-1800,43.604166666666664,5.970000000000001,0 days 00:10:00,True,2,-1603.0,-1609.0,-1601.0,-1606.0,-1612.0,-1607.0,TARGET
2026-08-02 04:30:31,28.21,76.35,0.75,43.56,0.78,172.41,0.84,44.02,0.81,183.4,0.08,42.52,0.08,327.66,0.31,43.96,0.31,208.32,0.79,43.44,0.79,156.53,0.46,42.98,0.46,106.48,0.32,43.5,0.32,154.76,0.41,43.61,0.4,191.82,0.54,43.5,0.52,73.76,0.91,44.02,0.89,240.64,0.18,43.44,0.18,215.23,0.35,44.12,0.35,150.47,-1602,-1500,-1800,43.55583333333333,5.89,0 days 00:10:00,True,2,-1604.0,-1603.0,-1609.0,-1601.0,-1606.0,-1612.0,TARGET
2026-08-02 04:40:31,27.99,77.02,0.75,43.84,0.78,173.78,0.84,43.9,0.87,190.19,0.08,42.46,0.08,327.66,0.31,43.84,0.3,210.64,0.79,43.44,0.79,163.76,0.46,43.1,0.46,96.11,0.32,43.56,0.33,146.73,0.41,43.73,0.4,206.68,0.54,43.61,0.52,74.96,0.91,44.12,0.9,240.95,0.18,43.61,0.18,242.31,0.35,44.02,0.36,155.28,-1606,-1500,-1800,43.60250000000001,5.97,0 days 00:10:00,True,2,-1602.0,-1604.0,-1603.0,-1609.0,-1601.0,-1606.0,TARGET
2026-08-02 04:50:30,28.05,77.06,0.75,43.84,0.76,157.98,0.84,44.12,0.85,174.92,0.08,42.64,0.08,327.66,0.31,44.36,0.32,167.46,0.79,43.5,0.81,135.05,0.46,43.33,0.47,80.33,0.32,43.61,0.32,140.92,0.41,44.12,0.41,113.62,0.54,43.67,0.55,75.57,0.91,44.19,0.9,245.5,0.18,43.61,0.18,200.15,0.35,43.67,0.35,162.91,-1596,-1500,-1800,43.72166666666667,5.999999999999999,0 days 00:09:59,True,2,-1606.0,-1602.0,-1604.0,-1603.0,-1609.0,-1601.0,TARGET
2026-08-02 05:00:30,27.99,77.02,0.75,43.79,0.76,169.32,0.84,44.19,0.81,177.36,0.08,42.64,0.08,327.66,0.31,43.96,0.3,221.25,0.79,44.07,0.82,130.61,0.46,43.33,0.45,88.63,0.32,44.07,0.33,114.55,0.41,43.9,0.41,157.98,0.54,43.73,0.56,69.68,0.91,44.25,0.88,233.83,0.18,43.67,0.18,192.08,0.35,43.84,0.34,161.66,-1602,-1500,-1800,43.78666666666667,5.92,0 days 00:10:00,True,2,-1596.0,-1606.0,-1602.0,-1604.0,-1603.0,-1609.0,TARGET
2026-08-02 05:10:31,27.83,77.51,0.75,43.33,0.75,208.15,0.84,44.07,0.85,188.86,0.08,42.7,0.08,327.66,0.31,43.96,0.3,204.98,0.79,43.73,0.82,134.44,0.46,43.21,0.45,101.49,0.32,43.84,0.32,113.8,0.41,43.67,0.42,182.21,0.54,43.33,0.54,81.76,0.91,43.9,0.94,290.4,0.18,43.27,0.18,259.22,0.35,44.19,0.35,130.95,-1606,-1500,-1800,43.6,6.0,0 days 00:10:01,True,2,-1602.0,-1596.0,-1606.0,-1602.0,-1604.0,-1603.0,TARGET
2026-08-02 05:20:31,27.72,77.7,0.75,43.84,0.73,173.78,0.84,43.67,0.84,227.01,0.08,42.41,0.08,327.66,0.31,43.9,0.31,240.01,0.79,43.37,0.79,159.95,0.46,43.33,0.47,87.95,0.32,43.73,0.32,147.5,0.41,43.84,0.41,159.59,0.54,43.61,0.52,77.36,0.91,44.48,0.9,207.4,0.18,43.61,0.18,164.64,0.35,43.61,0.35,172.87,-1599,-1500,-1800,43.616666666666674,5.8999999999999995,0 days 00:10:00,True,2,-1606.0,-1602.0,-1596.0,-1606.0,-1602.0,-1604.0,TARGET
2026-08-02 05:30:31,27.67,77.85,0.75,43.44,0.76,205.6,0.84,43.96,0.85,172.08,0.08,42.7,0.08,327.66,0.31,43.96,0.3,214.15,0.79,43.67,0.76,137.11,0.46,43.44,0.45,88.06,0.32,43.79,0.32,122.87,0.41,44.02,0.42,154.87,0.54,43.73,0.53,72.97,0.91,44.3,0.91,230.0,0.18,43.44,0.18,199.64,0.35,43.96,0.35,158.59,-1592,-1500,-1800,43.70083333333334,5.909999999999999,0 days 00:10:00,True,2,-1599.0,-1606.0,-1602.0,-1596.0,-1606.0,-1602.0,TARGET
2026-08-02 05:40:31,27.67,77.88,0.75,43.73,0.76,173.55,0.84,43.61,0.81,206.68,0.08,42.35,0.08,327.66,0.31,43.79,0.32,235.33,0.79,43.84,0.76,132.39,0.46,43.21,0.45,100.0,0.32,43.9,0.33,125.25,0.41,43.5,0.42,197.04,0.54,43.21,0.53,80.01,0.91,43.79,0.93,271.88,0.18,43.15,0.18,268.31,0.35,44.3,0.34,141.72,-1597,-1500,-1800,43.53166666666666,5.91,0 days 00:10:00,True,2,-1592.0,-1599.0,-1606.0,-1602.0,-1596.0,-1606.0,TARGET
2026-08-02 05:50:30,27.83,77.33,0.75,43.27,0.72,207.87,0.84,44.02,0.87,183.65,0.08,42.7,0.08,327.66,0.31,44.12,0.31,193.85,0.79,43.1,0.82,166.65,0.46,43.21,0.46,90.5,0.32,43.5,0.31,135.23,0.41,43.84,0.41,175.51,0.54,43.61,0.55,75.78,0.91,44.07,0.94,245.18,0.18,43.5,0.18,225.82,0.35,43.96,0.34,156.62,-1604,-1500,-1800,43.574999999999996,5.99,0 days 00:09:59,True,2,-1597.0,-1592.0,-1599.0,-1606.0,-1602.0,-1596.0,TARGET
2026-08-02 06:00:30,27.72,77.79,0.75,43.73,0.74,180.08,0.84,43.56,0.87,219.23,0.08,42.29,0.08,327.66,0.31,44.02,0.31,199.39,0.79,43.61,0.82,145.56,0.46,43.56,0.47,82.7,0.32,43.79,0.33,133.33,0.41,44.02,0.42,143.89,0.54,43.61,0.52,72.78,0.91,44.25,0.94,237.79,0.18,43.61,0.18,182.21,0.35,43.61,0.34,177.3,-1601,-1500,-1800,43.63833333333333,6.02,0 days 00:10:00,True,2,-1604.0,-1597.0,-1592.0,-1599.0,-1606.0,-1602.0,TARGET
2026-08-02 06:10:30,27.83,77.67,0.75,44.07,0.74,188.61,0.84,43.9,0.82,193.6,0.08,42.7,0.08,327.66,0.31,44.53,0.32,171.99,0.79,43.9,0.82,142.05,0.46,43.44,0.47,86.09,0.32,43.96,0.31,116.16,0.41,44.07,0.41,151.7,0.54,43.21,0.54,72.68,0.91,44.36,0.92,250.86,0.18,43.44,0.18,218.07,0.35,44.25,0.34,140.3,-1601,-1500,-1800,43.81916666666666,5.949999999999999,0 days 00:10:00,True,2,-1601.0,-1604.0,-1597.0,-1592.0,-1599.0,-1606.0,TARGET
2026-08-02 06:20:31,27.78,77.64,0.75,43.67,0.78,213.04,0.84,44.19,0.85,172.98,0.08,42.64,0.08,327.66,0.31,44.36,0.32,185.08,0.79,43.9,0.76,128.72,0.46,43.5,0.46,79.61,0.32,44.12,0.31,120.48,0.41,44.12,0.4,147.3,0.54,43.5,0.54,75.26,0.91,44.02,0.91,253.76,0.18,43.44,0.18,229.28,0.35,43.9,0.36,161.87,-1603,-1500,-1800,43.78,5.95,0 days 00:10:01,True,2,-1601.0,-1601.0,-1604.0,-1597.0,-1592.0,-1599.0,TARGET
2026-08-02 06:30:31,27.67,78.22,0.75,43.27,0.75,228.67,0.84,43.9,0.83,201.75,0.08,42.58,0.08,327.66,0.31,44.53,0.32,168.11,0.79,43.9,0.78,123.18,0.46,42.98,0.45,81.61,0.32,44.02,0.33,112.41,0.41,44.3,0.42,152.7,0.54,43.56,0.54,75.57,0.91,44.25,0.91,250.54,0.18,43.61,0.18,219.81,0.35,43.73,0.35,178.0,-1596,-1500,-1800,43.719166666666666,5.9399999999999995,0 days 00:10:00,True,2,-1603.0,-1601.0,-1601.0,-1604.0,-1597.0,-1592.0,TARGET
2026-08-02 06:40:31,27.72,78.55,0.75,43.5,0.72,176.6,0.84,43.33,0.87,225.51,0.08,42.18,0.08,327.66,0.31,43.96,0.32,214.73,0.79,43.9,0.78,125.41,0.46,43.21,0.46,93.07,0.32,43.44,0.32,114.79,0.41,43.79,0.42,171.18,0.54,43.67,0.53,72.87,0.91,44.3,0.88,238.11,0.18,43.73,0.18,192.33,0.35,43.67,0.36,172.87,-1603,-1500,-1800,43.55666666666667,5.92,0 days 00:10:00,True,2,-1596.0,-1603.0,-1601.0,-1601.0,-1604.0,-1597.0,TARGET
2026-08-02 06:50:31,27.72,78.92,0.75,43.79,0.75,154.26,0.84,43.79,0.82,189.95,0.08,42.29,0.08,327.66,0.31,44.02,0.32,211.47,0.79,43.67,0.82,142.56,0.46,42.87,0.46,102.06,0.32,43.73,0.31,134.44,0.41,43.5,0.42,188.95,0.54,43.27,0.55,79.65,0.91,43.79,0.89,252.43,0.18,43.21,0.18,297.47,0.35,44.3,0.35,133.78,-1610,-1500,-1800,43.51916666666667,5.949999999999999,0 days 00:10:00,True,2,-1603.0,-1596.0,-1603.0,-1601.0,-1601.0,-1604.0,TARGET
2026-08-02 07:00:30,27.88,78.76,0.75,43.79,0.72,157.76,0.84,44.12,0.84,191.69,0.08,42.7,0.08,327.66,0.31,43.84,0.32,232.01,0.79,43.21,0.76,163.12,0.46,43.33,0.46,93.97,0.32,43.44,0.33,149.53,0.41,43.9,0.4,165.5,0.54,43.96,0.56,73.75,0.91,44.12,0.92,233.23,0.18,43.67,0.18,195.3,0.35,43.67,0.35,184.64,-1603,-1500,-1800,43.645833333333336,5.92,0 days 00:09:59,True,2,-1610.0,-1603.0,-1596.0,-1603.0,-1601.0,-1601.0,TARGET
2026-08-02 08:20:31,30.13,69.09,0.75,43.37,0.74,208.15,0.84,44.07,0.82,176.9,0.08,42.7,0.08,327.66,0.31,43.9,0.31,214.15,0.79,43.61,0.77,145.19,0.46,43.27,0.45,91.47,0.32,43.67,0.33,118.2,0.41,43.84,0.42,165.72,0.54,43.21,0.56,85.1,0.91,43.84,0.89,295.79,0.18,43.27,0.18,286.22,0.35,44.19,0.34,142.98,-1613,-1500,-1800,43.57833333333332,5.89,0 days 00:10:01,True,3,-1609.0,-1608.0,-1603.0,-1599.0,-1612.0,-1607.0,BELOW
2026-08-02 08:30:31,30.45,69.45,0.75,43.56,0.74,184.15,0.84,43.61,0.82,223.06,0.08,42.35,0.08,327.66,0.31,44.02,0.3,202.28,0.79,43.73,0.78,142.95,0.46,43.61,0.47,80.76,0.32,43.84,0.33,131.14,0.41,44.19,0.41,155.69,0.54,43.5,0.53,75.78,0.91,44.19,0.88,275.1,0.18,43.5,0.18,229.89,0.35,44.07,0.36,145.75,-1614,-1500,-1800,43.68083333333334,5.880000000000001,0 days 00:10:00,True,3,-1613.0,-1609.0,-1608.0,-1603.0,-1599.0,-1612.0,BELOW
2026-08-02 08:40:31,30.82,67.93,0.75,43.9,0.73,174.01,0.84,43.67,0.83,223.06,0.08,42.35,0.08,327.66,0.31,44.12,0.31,197.09,0.79,44.02,0.8,129.23,0.46,43.1,0.47,97.48,0.32,44.12,0.32,110.04,0.41,43.61,0.42,177.07,0.54,43.33,0.56,72.68,0.91,44.59,0.89,228.04,0.18,44.02,0.18,191.19,0.35,43.73,0.35,173.32,-1617,-1500,-1800,43.71333333333334,5.939999999999999,0 days 00:10:00,True,3,-1614.0,-1613.0,-1609.0,-1608.0,-1603.0,-1599.0,BELOW
2026-08-02 08:50:31,31.3,66.68,0.75,43.56,0.74,197.04,0.84,43.9,0.85,198.61,0.08,42.46,0.08,327.66,0.31,44.3,0.31,177.83,0.79,43.5,0.82,148.31,0.46,43.56,0.46,95.91,0.32,43.61,0.32,147.12,0.41,44.12,0.41,162.92,0.54,43.44,0.54,82.98,0.91,44.07,0.94,268.75,0.18,43.44,0.18,245.98,0.35,44.25,0.36,133.62,-1617,-1500,-1800,43.68416666666667,6.009999999999999,0 days 00:10:00,True,3,-1617.0,-1614.0,-1613.0,-1609.0,-1608.0,-1603.0,BELOW
2026-08-02 09:00:31,31.41,66.34,0.75,43.44,0.78,202.84,0.84,44.19,0.85,172.98,0.08,42.7,0.08,327.66,0.31,44.12,0.31,194.1,0.79,44.12,0.81,139.92,0.46,43.56,0.46,83.2,0.32,44.07,0.31,110.77,0.41,44.02,0.4,146.92,0.54,43.73,0.56,72.58,0.91,44.3,0.88,230.29,0.18,43.73,0.18,189.95,0.35,44.19,0.35,140.12,-1618,-1500,-1800,43.847500000000004,5.97,0 days 00:10:00,True,3,-1617.0,-1617.0,-1614.0,-1613.0,-1609.0,-1608.0,BELOW
2026-08-02 10:50:31,34.62,53.64,0.75,43.5,0.77,215.51,0.84,43.79,0.81,213.6,0.08,42.52,0.08,327.66,0.31,44.02,0.31,218.36,0.79,43.96,0.81,120.16,0.46,43.04,0.45,104.04,0.32,44.02,0.33,114.39,0.41,43.61,0.4,194.78,0.54,43.27,0.55,82.75,0.91,43.96,0.89,279.13,0.18,43.37,0.18,275.13,0.35,43.9,0.35,169.99,-1632,-1500,-1800,43.580000000000005,5.93,0 days 00:10:00,True,3,-1630.0,-1634.0,-1629.0,-1625.0,-1623.0,-1627.0,BELOW
2026-08-02 11:00:31,34.94,51.96,0.75,43.9,0.78,160.0,0.84,43.56,0.85,212.48,0.08,42.35,0.08,327.66,0.31,44.53,0.3,162.31,0.79,43.44,0.82,162.26,0.46,43.44,0.46,88.99,0.32,43.67,0.32,153.66,0.41,44.07,0.4,162.5,0.54,43.73,0.53,68.97,0.91,44.3,0.92,233.83,0.18,43.73,0.18,192.58,0.35,44.25,0.36,133.44,-1634,-1500,-1800,43.7475,6.0,0 days 00:10:00,True,3,-1632.0,-1630.0,-1634.0,-1629.0,-1625.0,-1623.0,BELOW
2026-08-02 13:10:31,37.5,47.6,0.75,43.96,0.77,165.94,0.84,44.19,0.87,167.01,0.08,42.87,0.08,327.66,0.31,44.53,0.31,172.21,0.79,43.61,0.82,147.12,0.46,43.44,0.45,88.3,0.32,44.02,0.31,119.13,0.41,44.02,0.42,160.64,0.54,43.73,0.56,75.36,0.91,44.36,0.89,242.53,0.18,43.5,0.18,205.87,0.35,43.79,0.35,143.31,-1648,-1500,-1800,43.835,6.009999999999999,0 days 00:10:00,True,3,-1642.0,-1650.0,-1648.0,-1647.0,-1649.0,-1646.0,BELOW
2026-08-02 14:30:31,39.0,44.36,0.75,43.96,0.72,156.62,0.84,44.3,0.82,167.01,0.08,42.87,0.08,327.66,0.31,44.02,0.3,166.37,0.79,43.73,0.8,135.94,0.46,43.44,0.45,89.43,0.32,43.84,0.33,138.84,0.41,44.07,0.41,159.01,0.54,43.73,0.52,75.36,0.91,44.25,0.91,255.42,0.18,43.73,0.18,216.65,0.35,44.25,0.36,140.48,-1659,-1500,-1800,43.84916666666667,5.880000000000001,0 days 00:10:00,True,3,-1653.0,-1647.0,-1648.0,-1647.0,-1649.0,-1648.0,BELOW
2026-08-02 14:40:31,39.1,43.63,0.75,43.56,0.75,197.3,0.84,44.12,0.82,184.12,0.08,42.75,0.08,327.66,0.31,44.36,0.32,201.47,0.79,43.84,0.81,132.58,0.46,43.21,0.45,96.49,0.32,43.96,0.33,127.88,0.41,43.84,0.4,188.12,0.54,43.61,0.54,80.86,0.91,44.36,0.88,270.5,0.18,43.67,0.18,230.79,0.35,44.25,0.35,161.25,-1654,-1500,-1800,43.79416666666666,5.909999999999999,0 days 00:10:00,True,3,-1659.0,-1653.0,-1647.0,-1648.0,-1647.0,-1649.0,BELOW
2026-08-02 15:00:31,39.21,44.06,0.75,43.84,0.73,176.21,0.84,43.9,0.85,204.72,0.08,42.7,0.08,327.66,0.31,44.65,0.3,166.56,0.79,43.67,0.77,147.31,0.46,43.33,0.47,95.28,0.32,43.9,0.32,131.33,0.41,43.84,0.4,173.55,0.54,43.84,0.56,74.74,0.91,44.12,0.91,279.5,0.18,43.79,0.18,213.6,0.35,44.42,0.36,136.73,-1653,-1500,-1800,43.833333333333336,5.930000000000001,0 days 00:09:59,True,3,-1646.0,-1654.0,-1659.0,-1653.0,-1647.0,-1648.0,BELOW
2026-08-02 15:20:31,40.44,42.01,0.75,43.73,0.78,203.9,0.84,44.3,0.81,169.25,0.08,42.93,0.08,327.66,0.31,44.12,0.3,202.81,0.79,43.96,0.78,129.06,0.46,43.15,0.46,105.12,0.32,44.12,0.33,117.59,0.41,43.44,0.41,188.7,0.54,43.21,0.53,83.55,0.91,44.3,0.94,298.9,0.18,43.27,0.18,312.24,0.35,43.84,0.36,185.37,-1644,-1500,-1800,43.6975,5.96,0 days 00:10:00,True,3,-1645.0,-1653.0,-1646.0,-1654.0,-1659.0,-1653.0,BELOW
2026-08-02 15:50:32,42.41,39.63,0.75,43.96,0.78,167.94,0.84,44.25,0.84,179.87,0.08,42.87,0.08,327.66,0.31,44.12,0.32,202.81,0.79,43.84,0.78,140.23,0.46,43.37,0.45,90.5,0.32,43.9,0.33,126.55,0.41,44.02,0.4,168.16,0.54,43.56,0.54,78.03,0.91,43.79,0.9,277.69,0.18,43.61,0.18,238.43,0.35,44.12,0.36,150.47,-1643,-1500,-1800,43.784166666666664,5.96,0 days 00:10:01,True,3,-1652.0,-1651.0,-1644.0,-1645.0,-1653.0,-1646.0,BELOW
2026-08-02 16:10:31,43.59,37.89,0.75,43.37,0.75,165.74,0.84,43.61,0.87,230.79,0.08,42.41,0.08,327.66,0.31,44.12,0.3,199.9,0.79,44.12,0.76,133.09,0.46,43.61,0.47,86.0,0.32,43.67,0.32,145.75,0.41,44.3,0.4,147.87,0.54,43.56,0.53,76.72,0.91,44.36,0.88,234.43,0.18,43.61,0.18,256.1,0.35,44.12,0.35,145.75,-1638,-1500,-1800,43.73833333333334,5.889999999999999,0 days 00:09:59,True,3,-1648.0,-1643.0,-1652.0,-1651.0,-1644.0,-1645.0,BELOW
2026-08-02 16:20:31,43.7,37.34,0.75,43.04,0.77,194.96,0.84,44.02,0.81,191.19,0.08,42.52,0.08,327.66,0.31,44.25,0.32,203.6,0.79,43.61,0.78,151.97,0.46,43.21,0.46,102.88,0.32,44.12,0.31,120.63,0.41,43.79,0.42,171.41,0.54,43.79,0.54,70.11,0.91,44.19,0.94,259.47,0.18,43.79,0.18,239.07,0.35,44.3,0.34,139.09,-1644,-1500,-1800,43.719166666666666,5.949999999999999,0 days 00:10:00,True,3,-1638.0,-1648.0,-1643.0,-1652.0,-1651.0,-1644.0,BELOW
2026-08-02 16:30:31,43.96,37.31,0.75,43.33,0.77,208.15,0.84,43.84,0.83,220.67,0.08,42.64,0.08,327.66,0.31,44.12,0.31,177.12,0.79,44.25,0.77,132.53,0.46,43.27,0.46,96.62,0.32,43.73,0.33,147.31,0.41,43.9,0.42,165.72,0.54,43.56,0.53,78.47,0.91,44.02,0.89,303.41,0.18,43.61,0.18,242.62,0.35,44.12,0.34,166.59,-1644,-1500,-1800,43.69916666666666,5.909999999999999,0 days 00:10:00,True,3,-1644.0,-1638.0,-1648.0,-1643.0,-1652.0,-1651.0,BELOW
2026-08-02 16:40:32,43.75,37.37,0.75,44.02,0.76,167.94,0.84,44.02,0.82,211.47,0.08,42.81,0.08,327.66,0.31,44.02,0.31,202.28,0.79,43.56,0.77,151.76,0.46,43.21,0.47,90.74,0.32,43.73,0.32,137.28,0.41,44.07,0.41,199.65,0.54,43.33,0.55,82.75,0.91,44.02,0.92,297.35,0.18,43.37,0.18,275.13,0.35,43.96,0.36,172.08,-1641,-1500,-1800,43.67666666666667,5.95,0 days 00:10:01,True,3,-1644.0,-1644.0,-1638.0,-1648.0,-1643.0,-1652.0,BELOW
2026-08-02 16:50:31,43.48,39.2,0.75,43.56,0.74,186.64,0.84,44.25,0.84,177.59,0.08,42.64,0.08,327.66,0.31,44.07,0.31,218.65,0.79,43.84,0.77,149.09,0.46,43.15,0.45,99.16,0.32,43.73,0.33,132.23,0.41,43.79,0.4,175.98,0.54,43.37,0.53,82.87,0.91,44.42,0.88,230.9,0.18,43.44,0.18,281.12,0.35,43.96,0.36,153.37,-1633,-1500,-1800,43.685,5.87,0 days 00:09:59,True,3,-1641.0,-1644.0,-1644.0,-1638.0,-1648.0,-1643.0,BELOW
2026-08-02 17:00:32,43.38,39.63,0.75,43.5,0.74,191.82,0.84,43.67,0.86,209.82,0.08,42.41,0.08,327.66,0.31,44.3,0.32,198.12,0.79,43.9,0.77,136.3,0.46,43.56,0.47,90.74,0.32,43.73,0.32,142.95,0.41,43.79,0.42,165.07,0.54,43.84,0.54,71.29,0.91,44.07,0.93,285.21,0.18,43.9,0.18,193.34,0.35,44.36,0.36,135.42,-1638,-1500,-1800,43.7525,5.989999999999999,0 days 00:10:01,True,3,-1633.0,-1641.0,-1644.0,-1644.0,-1638.0,-1648.0,BELOW
2026-08-02 17:10:32,42.9,40.43,0.75,43.73,0.72,195.3,0.84,43.79,0.81,216.94,0.08,42.64,0.08,327.66,0.31,44.65,0.3,172.65,0.79,44.12,0.8,126.07,0.46,43.27,0.46,95.93,0.32,44.07,0.31,131.67,0.41,43.84,0.4,180.79,0.54,43.44,0.52,78.71,0.91,44.07,0.93,291.15,0.18,43.44,0.18,241.67,0.35,43.96,0.35,162.08,-1642,-1500,-1800,43.751666666666665,5.859999999999999,0 days 00:10:00,True,3,-1638.0,-1633.0,-1641.0,-1644.0,-1644.0,-1638.0,BELOW
2026-08-02 17:30:31,42.31,41.65,0.75,43.56,0.74,209.26,0.84,44.25,0.82,209.4,0.08,42.93,0.08,327.66,0.31,44.36,0.3,180.34,0.79,43.5,0.81,162.26,0.46,43.56,0.46,87.53,0.32,43.96,0.31,131.67,0.41,44.36,0.41,156.5,0.54,43.56,0.52,75.15,0.91,44.48,0.88,256.41,0.18,43.61,0.18,227.01,0.35,44.12,0.34,159.01,-1642,-1500,-1800,43.854166666666664,5.85,0 days 00:09:59,True,3,-1641.0,-1642.0,-1638.0,-1633.0,-1641.0,-1644.0,BELOW
2026-08-02 17:40:31,41.67,42.75,0.75,43.67,0.76,203.64,0.84,44.3,0.87,246.46,0.08,42.75,0.08,327.66,0.31,44.53,0.31,176.51,0.79,43.56,0.81,145.19,0.46,43.56,0.47,86.86,0.32,44.12,0.33,121.84,0.41,44.12,0.4,157.42,0.54,43.9,0.53,73.65,0.91,44.42,0.89,238.72,0.18,43.84,0.18,190.44,0.35,44.48,0.34,140.84,-1646,-1500,-1800,43.9375,5.97,0 days 00:10:00,True,3,-1642.0,-1641.0,-1642.0,-1638.0,-1633.0,-1641.0,BELOW
2026-08-02 17:50:31,41.88,42.44,0.75,43.79,0.73,173.78,0.84,43.9,0.87,193.34,0.08,42.64,0.08,327.66,0.31,44.42,0.3,185.56,0.79,43.61,0.82,151.97,0.46,43.61,0.46,80.86,0.32,44.07,0.31,121.52,0.41,44.19,0.4,147.48,0.54,43.79,0.52,69.76,0.91,44.36,0.9,260.82,0.18,43.84,0.18,187.87,0.35,44.3,0.36,131.28,-1643,-1500,-1800,43.876666666666665,5.930000000000001,0 days 00:10:00,True,3,-1646.0,-1642.0,-1641.0,-1642.0,-1638.0,-1633.0,BELOW
2026-08-02 18:00:31,41.03,44.27,0.75,43.73,0.72,178.0,0.84,44.19,0.87,179.87,0.08,42.81,0.08,327.66,0.31,44.02,0.31,215.01,0.79,43.73,0.78,142.95,0.46,43.33,0.46,90.38,0.32,44.12,0.31,113.77,0.41,44.12,0.41,134.55,0.54,43.73,0.56,74.54,0.91,44.25,0.91,264.72,0.18,43.73,0.18,220.1,0.35,44.3,0.34,144.83,-1642,-1500,-1800,43.83833333333334,5.93,0 days 00:10:00,True,3,-1643.0,-1646.0,-1642.0,-1641.0,-1642.0,-1638.0,BELOW
2026-08-02 18:10:32,40.49,45.89,0.75,43.96,0.73,165.94,0.84,44.07,0.84,189.1,0.08,42.87,0.08,327.66,0.31,44.02,0.3,214.73,0.79,44.02,0.81,263.69,0.46,43.15,0.46,98.43,0.32,44.02,0.31,126.88,0.41,43.84,0.41,173.78,0.54,43.67,0.54,71.37,0.91,44.02,0.94,296.96,0.18,43.61,0.18,230.19,0.35,44.19,0.36,134.73,-1647,-1500,-1800,43.78666666666667,5.96,0 days 00:10:01,True,3,-1642.0,-1643.0,-1646.0,-1642.0,-1641.0,-1642.0,BELOW
2026-08-02 18:30:32,39.32,49.98,0.75,43.84,0.72,173.78,0.84,43.73,0.83,203.9,0.08,42.41,0.08,327.66,0.31,44.12,0.32,208.59,0.79,43.96,0.78,126.55,0.46,43.44,0.45,91.82,0.32,43.67,0.31,152.17,0.41,44.02,0.42,166.37,0.54,43.67,0.52,76.93,0.91,43.79,0.88,266.66,0.18,43.67,0.18,230.79,0.35,44.19,0.36,147.48,-1645,-1500,-1800,43.70916666666667,5.85,0 days 00:10:00,True,3,-1642.0,-1647.0,-1642.0,-1643.0,-1646.0,-1642.0,BELOW
2026-08-02 18:50:31,38.03,52.88,0.75,43.67,0.77,184.64,0.84,43.73,0.84,198.09,0.08,42.41,0.08,327.66,0.31,44.19,0.31,197.09,0.79,44.07,0.78,118.59,0.46,43.5,0.46,84.62,0.32,43.33,0.32,150.97,0.41,44.36,0.4,124.48,0.54,43.61,0.53,75.47,0.91,44.07,0.91,259.13,0.18,43.56,0.18,229.89,0.35,44.07,0.34,146.92,-1643,-1500,-1800,43.71416666666667,5.92,0 days 00:10:00,True,3,-1641.0,-1645.0,-1642.0,-1647.0,-1642.0,-1643.0,BELOW
2026-08-02 23:00:32,31.46,66.01,0.75,43.84,0.74,171.62,0.84,43.56,0.82,222.76,0.08,42.7,0.08,327.66,0.31,44.07,0.32,215.29,0.79,43.61,0.79,153.86,0.46,43.61,0.45,83.81,0.32,44.07,0.32,116.46,0.41,43.9,0.4,169.76,0.54,43.21,0.55,84.06,0.91,44.3,0.9,265.06,0.18,43.61,0.18,219.51,0.35,44.19,0.36,136.03,-1644,-1500,-1800,43.722500000000004,5.91,0 days 00:10:00,True,4,-1650.0,-1650.0,-1650.0,-1654.0,-1654.0,-1648.0,BELOW
2026-08-02 23:10:32,31.36,66.46,0.75,43.96,0.76,161.87,0.84,43.56,0.82,215.79,0.08,42.7,0.08,327.66,0.31,44.19,0.32,197.35,0.79,44.02,0.8,123.5,0.46,43.27,0.47,93.46,0.32,43.79,0.33,137.64,0.41,43.61,0.4,184.39,0.54,43.67,0.54,74.85,0.91,44.25,0.91,241.9,0.18,43.61,0.18,212.76,0.35,43.79,0.35,169.32,-1641,-1500,-1800,43.701666666666675,5.959999999999999,0 days 00:10:00,True,4,-1644.0,-1650.0,-1650.0,-1650.0,-1654.0,-1654.0,BELOW
2026-08-02 23:20:31,31.46,66.49,0.75,43.9,0.76,171.62,0.84,44.12,0.83,179.4,0.08,42.64,0.08,327.66,0.31,44.02,0.31,211.2,0.79,43.73,0.76,145.95,0.46,42.93,0.46,100.82,0.32,43.44,0.31,148.12,0.41,43.67,0.42,177.3,0.54,43.61,0.53,76.4,0.91,43.73,0.88,308.13,0.18,43.79,0.18,220.37,0.35,44.19,0.34,137.37,-1642,-1500,-1800,43.6475,5.859999999999999,0 days 00:09:59,True,4,-1641.0,-1644.0,-1650.0,-1650.0,-1650.0,-1654.0,BELOW
2026-08-02 23:40:32,31.36,67.07,0.75,43.67,0.73,175.29,0.84,44.12,0.82,174.92,0.08,42.35,0.08,327.66,0.31,44.25,0.3,200.43,0.79,43.44,0.81,145.0,0.46,43.04,0.46,102.61,0.32,43.56,0.31,110.49,0.41,43.79,0.42,167.5,0.54,43.67,0.53,74.44,0.91,43.84,0.93,272.24,0.18,43.73,0.18,195.3,0.35,43.96,0.36,163.99,-1638,-1500,-1800,43.61833333333334,5.93,0 days 00:10:00,True,4,-1644.0,-1642.0,-1641.0,-1644.0,-1650.0,-1650.0,BELOW
2026-08-02 23:50:32,31.09,67.41,0.75,43.27,0.76,190.56,0.84,44.19,0.81,170.87,0.08,42.52,0.08,327.66,0.31,44.48,0.31,160.25,0.79,43.73,0.77,152.17,0.46,43.15,0.45,95.15,0.32,43.67,0.31,138.66,0.41,44.12,0.4,160.84,0.54,43.33,0.53,79.76,0.91,44.12,0.88,237.18,0.18,43.37,0.18,269.74,0.35,44.3,0.35,143.34,-1640,-1500,-1800,43.6875,5.83,0 days 00:10:00,True,4,-1638.0,-1644.0,-1642.0,-1641.0,-1644.0,-1650.0,BELOW
2026-08-03 00:00:32,31.14,67.5,0.75,43.5,0.76,191.82,0.84,44.02,0.83,186.09,0.08,42.64,0.08,327.66,0.31,44.3,0.3,180.1,0.79,43.61,0.79,133.14,0.46,43.5,0.46,84.73,0.32,44.07,0.33,122.59,0.41,43.84,0.41,185.37,0.54,43.37,0.56,81.4,0.91,43.79,0.9,272.24,0.18,43.21,0.18,298.26,0.35,44.12,0.36,142.98,-1634,-1500,-1800,43.66416666666667,5.96,0 days 00:10:00,True,4,-1640.0,-1638.0,-1644.0,-1642.0,-1641.0,-1644.0,BELOW
2026-08-03 00:10:32,31.09,67.84,0.75,43.67,0.73,161.01,0.84,43.56,0.83,230.19,0.08,42.64,0.08,327.66,0.31,44.3,0.31,173.43,0.79,43.96,0.81,134.03,0.46,42.41,0.45,98.15,0.32,43.44,0.32,145.37,0.41,44.12,0.4,152.09,0.54,43.5,0.52,76.29,0.91,44.07,0.89,263.69,0.18,43.33,0.18,264.19,0.35,43.73,0.35,180.08,-1632,-1500,-1800,43.560833333333335,5.869999999999999,0 days 00:10:00,True,4,-1634.0,-1640.0,-1638.0,-1644.0,-1642.0,-1641.0,BELOW
2026-08-03 00:20:32,31.04,67.9,0.75,43.37,0.72,214.95,0.84,43.84,0.84,198.61,0.08,42.7,0.08,327.66,0.31,44.48,0.31,162.09,0.79,43.5,0.8,151.76,0.46,43.5,0.47,85.67,0.32,44.02,0.33,121.36,0.41,44.02,0.4,160.42,0.54,43.21,0.53,88.97,0.91,44.02,0.94,284.84,0.18,43.37,0.18,225.51,0.35,43.84,0.36,161.87,-1633,-1500,-1800,43.65583333333333,5.96,0 days 00:10:00,True,4,-1632.0,-1634.0,-1640.0,-1638.0,-1644.0,-1642.0,BELOW
2026-08-03 00:30:32,30.82,68.57,0.75,43.56,0.76,194.53,0.84,44.02,0.85,186.09,0.08,42.46,0.08,327.66,0.31,44.07,0.31,191.44,0.79,43.9,0.79,127.71,0.46,43.37,0.46,89.91,0.32,43.9,0.33,125.57,0.41,44.02,0.4,153.17,0.54,43.37,0.56,79.15,0.91,44.25,0.94,259.82,0.18,43.33,0.18,249.79,0.35,43.96,0.34,146.72,-1640,-1500,-1800,43.68416666666666,6.0,0 days 00:10:00,True,4,-1633.0,-1632.0,-1634.0,-1640.0,-1638.0,-1644.0,BELOW
2026-08-03 00:50:32,30.08,70.68,0.75,43.9,0.77,165.94,0.84,43.84,0.84,227.9,0.08,42.41,0.08,327.66,0.31,44.07,0.3,202.54,0.79,43.84,0.82,132.39,0.46,43.21,0.47,92.46,0.32,43.73,0.31,131.87,0.41,44.07,0.41,145.75,0.54,43.9,0.55,72.11,0.91,44.02,0.91,279.13,0.18,43.61,0.18,197.3,0.35,43.67,0.36,184.87,-1626,-1500,-1800,43.689166666666665,6.0,0 days 00:10:00,True,4,-1632.0,-1640.0,-1633.0,-1632.0,-1634.0,-1640.0,BELOW
2026-08-03 01:10:32,29.91,71.59,0.75,43.73,0.74,180.31,0.84,44.19,0.86,172.98,0.08,42.29,0.08,327.66,0.31,44.42,0.31,171.99,0.79,43.96,0.81,129.06,0.46,43.27,0.47,91.96,0.32,43.67,0.32,130.28,0.41,44.02,0.42,155.28,0.54,43.33,0.55,81.29,0.91,44.25,0.88,250.54,0.18,43.21,0.18,304.49,0.35,44.19,0.34,137.55,-1629,-1500,-1800,43.71083333333333,5.96,0 days 00:10:00,True,4,-1632.0,-1626.0,-1632.0,-1640.0,-1633.0,-1632.0,BELOW
2026-08-03 01:20:31,29.75,72.11,0.75,43.79,0.77,213.6,0.84,43.73,0.81,239.07,0.08,42.35,0.08,327.66,0.31,44.19,0.32,237.79,0.79,43.61,0.82,140.92,0.46,43.37,0.45,87.74,0.32,43.96,0.33,120.32,0.41,43.79,0.4,140.42,0.54,43.67,0.54,71.37,0.91,44.07,0.94,274.03,0.18,43.5,0.18,230.19,0.35,43.73,0.34,195.3,-1625,-1500,-1800,43.64666666666667,5.98,0 days 00:09:59,True,4,-1629.0,-1632.0,-1626.0,-1632.0,-1640.0,-1633.0,BELOW
2026-08-03 01:30:32,29.49,72.84,0.75,43.73,0.76,167.06,0.84,44.02,0.86,186.34,0.08,42.75,0.08,327.66,0.31,44.36,0.32,185.08,0.79,43.84,0.77,125.25,0.46,43.1,0.45,96.23,0.32,43.79,0.32,141.86,0.41,44.02,0.42,160.42,0.54,43.56,0.55,75.87,0.91,44.42,0.93,243.15,0.18,43.44,0.18,237.5,0.35,44.02,0.36,158.81,-1620,-1500,-1800,43.75416666666667,6.0,0 days 00:10:01,True,4,-1625.0,-1629.0,-1632.0,-1626.0,-1632.0,-1640.0,BELOW
2026-08-03 01:40:32,29.49,72.87,0.75,43.61,0.77,206.14,0.84,43.9,0.81,327.66,0.08,42.58,0.08,327.66,0.31,44.3,0.3,216.12,0.79,43.67,0.8,169.1,0.46,43.27,0.45,88.06,0.32,43.9,0.31,124.45,0.41,44.12,0.4,150.47,0.54,43.33,0.54,79.51,0.91,44.19,0.91,237.49,0.18,43.56,0.18,327.66,0.35,43.96,0.34,150.08,-1625,-1500,-1800,43.69916666666666,5.890000000000001,0 days 00:10:00,True,4,-1620.0,-1625.0,-1629.0,-1632.0,-1626.0,-1632.0,BELOW
2026-08-03 01:50:32,29.17,73.58,0.75,43.73,0.76,178.0,0.84,44.07,0.84,176.9,0.08,42.75,0.08,327.66,0.31,44.02,0.31,199.39,0.79,43.73,0.77,137.47,0.46,43.56,0.46,84.73,0.32,44.07,0.32,118.43,0.41,44.02,0.42,208.32,0.54,43.61,0.56,86.55,0.91,44.25,0.9,246.14,0.18,43.44,0.18,225.82,0.35,44.07,0.34,136.64,-1621,-1500,-1800,43.77666666666667,5.9399999999999995,0 days 00:10:00,True,4,-1625.0,-1620.0,-1625.0,-1629.0,-1632.0,-1626.0,BELOW
2026-08-03 02:00:32,28.95,74.67,0.75,43.61,0.78,181.73,0.84,43.9,0.84,207.76,0.08,42.46,0.08,327.66,0.31,44.3,0.32,182.44,0.79,43.96,0.79,124.45,0.46,43.73,0.46,79.68,0.32,44.07,0.33,110.91,0.41,43.9,0.4,174.01,0.54,43.56,0.54,75.87,0.91,43.96,0.92,263.0,0.18,43.1,0.18,327.66,0.35,44.02,0.34,145.2,-1623,-1500,-1800,43.714166666666664,5.9799999999999995,0 days 00:10:00,True,4,-1621.0,-1625.0,-1620.0,-1625.0,-1629.0,-1632.0,BELOW
2026-08-03 02:10:32,28.9,74.74,0.75,43.79,0.78,161.44,0.84,44.07,0.86,194.1,0.08,42.18,0.08,327.66,0.31,43.96,0.32,221.54,0.79,43.84,0.81,152.76,0.46,43.27,0.46,93.32,0.32,43.79,0.31,133.5,0.41,43.84,0.42,175.75,0.54,43.56,0.53,75.57,0.91,44.3,0.88,242.21,0.18,43.15,0.18,291.15,0.35,43.56,0.34,179.37,-1615,-1500,-1800,43.60916666666666,5.97,0 days 00:10:00,True,4,-1623.0,-1621.0,-1625.0,-1620.0,-1625.0,-1629.0,BELOW
2026-08-03 02:20:32,29.22,73.88,0.75,43.37,0.78,199.37,0.84,43.9,0.84,188.12,0.08,42.58,0.08,327.66,0.31,44.3,0.32,177.83,0.79,43.73,0.8,144.44,0.46,43.27,0.45,92.07,0.32,43.56,0.32,132.62,0.41,43.79,0.41,180.55,0.54,43.33,0.55,80.33,0.91,43.79,0.92,289.25,0.18,43.1,0.18,327.66,0.35,43.67,0.34,173.1,-1615,-1500,-1800,43.5325,5.989999999999999,0 days 00:10:00,True,4,-1615.0,-1623.0,-1621.0,-1625.0,-1620.0,-1625.0,BELOW
2026-08-03 02:30:32,29.17,74.16,0.75,43.9,0.77,160.0,0.84,44.07,0.82,176.67,0.08,42.46,0.08,327.66,0.31,43.96,0.3,217.79,0.79,43.5,0.77,229.89,0.46,43.15,0.46,99.16,0.32,43.73,0.33,141.48,0.41,44.07,0.42,145.39,0.54,43.73,0.54,70.03,0.91,44.25,0.94,246.14,0.18,43.61,0.18,192.33,0.35,43.61,0.34,173.1,-1615,-1500,-1800,43.67000000000001,5.949999999999999,0 days 00:10:00,True,4,-1615.0,-1615.0,-1623.0,-1621.0,-1625.0,-1620.0,BELOW
2026-08-03 02:40:32,29.01,74.67,0.75,43.44,0.78,215.23,0.84,43.73,0.85,203.64,0.08,42.64,0.08,327.66,0.31,44.02,0.32,208.32,0.79,43.56,0.8,151.76,0.46,43.44,0.46,81.5,0.32,43.96,0.31,112.41,0.41,43.9,0.4,165.5,0.54,43.15,0.54,86.06,0.91,44.25,0.92,246.46,0.18,43.27,0.18,274.04,0.35,44.12,0.34,147.3,-1611,-1500,-1800,43.62333333333333,5.9799999999999995,0 days 00:10:00,True,4,-1615.0,-1615.0,-1615.0,-1623.0,-1621.0,-1625.0,BELOW
2026-08-03 02:50:32,28.95,75.01,0.75,43.84,0.73,161.44,0.84,44.25,0.87,155.89,0.08,42.29,0.08,327.66,0.31,44.12,0.31,199.9,0.79,43.84,0.81,122.71,0.46,43.33,0.46,90.86,0.32,43.84,0.31,129.59,0.41,43.73,0.42,200.96,0.54,43.61,0.54,75.15,0.91,43.84,0.94,295.79,0.18,43.61,0.18,205.87,0.35,43.79,0.36,169.32,-1613,-1500,-1800,43.67416666666667,6.010000000000001,0 days 00:10:00,True,4,-1611.0,-1615.0,-1615.0,-1615.0,-1623.0,-1621.0,BELOW
2026-08-03 03:00:32,28.74,75.38,0.75,43.56,0.76,172.64,0.84,43.73,0.85,210.09,0.08,42.41,0.08,327.66,0.31,44.42,0.3,180.57,0.79,43.73,0.76,139.87,0.46,43.04,0.47,104.32,0.32,43.61,0.31,147.31,0.41,43.96,0.41,163.99,0.54,43.21,0.52,75.28,0.91,44.3,0.89,270.16,0.18,43.5,0.18,222.18,0.35,44.19,0.34,142.98,-1613,-1500,-1800,43.63833333333333,5.869999999999999,0 days 00:10:00,True,4,-1613.0,-1611.0,-1615.0,-1615.0,-1615.0,-1623.0,BELOW
2026-08-03 03:10:32,28.58,76.08,0.75,43.67,0.72,187.37,0.84,44.25,0.82,182.21,0.08,42.58,0.08,327.66,0.31,44.07,0.3,218.36,0.79,43.5,0.77,158.53,0.46,43.37,0.47,89.91,0.32,43.9,0.32,127.71,0.41,43.61,0.41,206.4,0.54,43.21,0.55,85.1,0.91,43.79,0.93,272.24,0.18,43.44,0.18,327.66,0.35,44.02,0.34,138.19,-1617,-1500,-1800,43.6175,5.89,0 days 00:10:00,True,4,-1613.0,-1613.0,-1611.0,-1615.0,-1615.0,-1615.0,BELOW
2026-08-03 03:20:32,28.47,76.57,0.75,43.84,0.76,171.62,0.84,43.9,0.84,217.23,0.08,42.7,0.08,327.66,0.31,43.84,0.32,283.35,0.79,43.84,0.76,134.97,0.46,42.98,0.46,105.64,0.32,43.56,0.33,162.48,0.41,44.02,0.41,166.16,0.54,43.56,0.56,75.47,0.91,44.25,0.89,241.9,0.18,43.37,0.18,225.82,0.35,44.07,0.35,160.84,-1618,-1500,-1800,43.660833333333336,5.939999999999999,0 days 00:10:00,True,4,-1617.0,-1613.0,-1613.0,-1611.0,-1615.0,-1615.0,BELOW
2026-08-03 03:30:32,28.58,76.69,0.75,43.73,0.76,171.18,0.84,43.9,0.84,183.4,0.08,42.58,0.08,327.66,0.31,44.25,0.31,206.32,0.79,43.44,0.81,167.99,0.46,43.5,0.47,85.56,0.32,44.02,0.32,120.16,0.41,43.9,0.42,171.86,0.54,43.33,0.54,77.5,0.91,44.19,0.9,245.82,0.18,43.37,0.18,241.03,0.35,44.02,0.35,164.2,-1614,-1500,-1800,43.68583333333333,5.98,0 days 00:10:00,True,4,-1618.0,-1617.0,-1613.0,-1613.0,-1611.0,-1615.0,BELOW
2026-08-03 03:40:32,28.74,76.02,0.75,43.37,0.74,193.76,0.84,44.07,0.84,297.74,0.08,42.46,0.08,327.66,0.31,44.48,0.3,183.15,0.79,43.9,0.76,132.58,0.46,43.33,0.47,91.71,0.32,43.79,0.32,131.14,0.41,43.67,0.4,182.21,0.54,43.61,0.54,72.87,0.91,43.27,0.93,285.46,0.18,43.73,0.18,198.09,0.35,43.9,0.34,163.56,-1615,-1500,-1800,43.63166666666667,5.8999999999999995,0 days 00:10:00,True,4,-1614.0,-1618.0,-1617.0,-1613.0,-1613.0,-1611.0,BELOW
2026-08-03 03:50:32,28.69,76.51,0.75,43.61,0.74,172.87,0.84,43.96,0.86,183.65,0.08,42.58,0.08,327.66,0.31,44.07,0.3,211.75,0.79,43.73,0.82,146.14,0.46,43.1,0.45,116.95,0.32,43.56,0.33,162.48,0.41,43.73,0.41,178.0,0.54,43.56,0.55,77.15,0.91,44.02,0.94,273.66,0.18,43.21,0.18,291.53,0.35,44.25,0.36,134.89,-1609,-1500,-1800,43.61499999999999,6.0200000000000005,0 days 00:10:00,True,4,-1615.0,-1614.0,-1618.0,-1617.0,-1613.0,-1613.0,TARGET
2026-08-03 04:00:32,28.53,76.69,0.75,43.33,0.78,202.04,0.84,43.73,0.86,223.65,0.08,42.29,0.08,327.66,0.31,44.48,0.31,182.92,0.79,43.61,0.8,164.64,0.46,43.1,0.45,98.31,0.32,43.67,0.32,133.14,0.41,44.12,0.41,153.76,0.54,43.37,0.53,79.97,0.91,44.07,0.94,268.75,0.18,43.56,0.18,226.42,0.35,43.84,0.35,171.41,-1607,-1500,-1800,43.597500000000004,6.01,0 days 00:10:00,True,4,-1609.0,-1615.0,-1614.0,-1618.0,-1617.0,-1613.0,TARGET
2026-08-03 04:10:32,28.47,76.6,0.75,43.33,0.75,208.15,0.84,43.96,0.84,196.58,0.08,42.46,0.08,327.66,0.31,43.84,0.31,243.9,0.79,43.56,0.81,153.45,0.46,43.15,0.47,88.28,0.32,43.73,0.31,121.79,0.41,43.56,0.4,189.2,0.54,43.37,0.56,76.85,0.91,43.84,0.9,283.35,0.18,43.04,0.18,272.57,0.35,44.07,0.35,148.67,-1610,-1500,-1800,43.49250000000001,5.959999999999999,0 days 00:10:00,True,4,-1607.0,-1609.0,-1615.0,-1614.0,-1618.0,-1617.0,TARGET
2026-08-03 04:20:32,28.53,76.96,0.75,43.61,0.77,192.08,0.84,43.67,0.87,227.01,0.08,42.7,0.08,327.66,0.31,44.25,0.32,177.36,0.79,43.79,0.76,132.23,0.46,42.93,0.47,100.68,0.32,43.44,0.32,151.37,0.41,44.07,0.4,147.11,0.54,43.37,0.56,83.99,0.91,44.19,0.9,254.76,0.18,43.44,0.18,233.15,0.35,43.73,0.34,154.06,-1607,-1500,-1800,43.59916666666666,5.969999999999999,0 days 00:10:00,True,4,-1610.0,-1607.0,-1609.0,-1615.0,-1614.0,-1618.0,TARGET
2026-08-03 04:30:32,28.37,77.24,0.75,43.84,0.73,159.8,0.84,43.61,0.81,216.09,0.08,42.29,0.08,327.66,0.31,44.07,0.31,199.65,0.79,43.37,0.76,159.95,0.46,43.5,0.47,81.12,0.32,43.96,0.31,110.62,0.41,43.61,0.4,192.08,0.54,43.27,0.54,79.65,0.91,43.67,0.94,288.5,0.18,43.33,0.18,285.84,0.35,43.96,0.34,152.97,-1613,-1500,-1800,43.54,5.869999999999999,0 days 00:10:00,True,4,-1607.0,-1610.0,-1607.0,-1609.0,-1615.0,-1614.0,BELOW
2026-08-03 04:40:32,28.15,77.76,0.75,43.5,0.75,156.53,0.84,43.84,0.81,201.75,0.08,42.35,0.08,327.66,0.31,44.19,0.3,222.4,0.79,44.42,0.81,124.48,0.46,43.33,0.46,83.37,0.32,43.5,0.31,148.31,0.41,43.73,0.41,175.51,0.54,43.56,0.55,75.15,0.91,43.84,0.92,302.22,0.32,44.02,0.32,114.39,0.35,44.02,0.35,152.97,-1609,-1500,-1800,43.69166666666666,6.07,0 days 00:10:00,True,4,-1613.0,-1607.0,-1610.0,-1607.0,-1609.0,-1615.0,TARGET
2026-08-03 04:50:32,28.31,77.54,0.75,43.61,0.74,162.48,0.84,44.12,0.82,174.92,0.08,42.41,0.08,327.66,0.31,44.02,0.3,214.73,0.79,43.79,0.81,126.38,0.46,43.04,0.45,99.61,0.32,43.67,0.33,148.89,0.41,43.61,0.41,181.73,0.54,43.15,0.53,83.32,0.91,44.36,0.94,246.78,0.18,43.15,0.18,291.15,0.41,44.25,0.41,149.06,-1599,-1500,-1800,43.598333333333336,6.0,0 days 00:10:00,True,4,-1609.0,-1613.0,-1607.0,-1610.0,-1607.0,-1609.0,TARGET
2026-08-03 05:00:32,28.15,77.64,0.75,43.44,0.72,211.92,0.84,44.3,0.84,175.6,0.08,42.58,0.08,327.66,0.31,44.42,0.32,176.06,0.79,43.56,0.78,153.45,0.46,42.98,0.45,104.04,0.32,43.5,0.31,151.37,0.41,43.96,0.41,174.24,0.54,43.15,0.53,85.63,0.91,44.02,0.88,258.79,0.18,43.15,0.18,311.0,0.35,43.67,0.35,177.54,-1606,-1500,-1800,43.56083333333333,5.85,0 days 00:10:00,True,4,-1599.0,-1609.0,-1613.0,-1607.0,-1610.0,-1607.0,TARGET
2026-08-03 05:10:32,27.99,77.97,0.75,43.27,0.77,319.07,0.84,44.02,0.86,183.4,0.08,42.41,0.08,327.66,0.31,44.48,0.32,163.99,0.79,43.44,0.79,156.31,0.46,43.27,0.46,92.2,0.32,43.73,0.33,101.95,0.41,44.02,0.42,156.81,0.54,43.67,0.53,84.84,0.91,44.02,0.92,268.75,0.18,43.27,0.18,258.53,0.35,43.67,0.35,192.33,-1602,-1500,-1800,43.60583333333333,6.01,0 days 00:10:00,True,4,-1606.0,-1599.0,-1609.0,-1613.0,-1607.0,-1610.0,TARGET
2026-08-03 05:20:32,28.1,77.73,0.75,43.33,0.73,196.26,0.84,43.61,0.86,223.06,0.08,42.75,0.08,327.66,0.31,44.07,0.32,196.58,0.79,43.9,0.81,142.05,0.46,43.44,0.46,86.63,0.32,43.96,0.33,119.13,0.41,43.96,0.41,171.86,0.54,43.37,0.54,81.03,0.91,44.25,0.9,233.53,0.18,43.5,0.18,249.79,0.35,43.79,0.34,154.26,-1607,-1500,-1800,43.66083333333333,5.96,0 days 00:10:00,True,4,-1602.0,-1606.0,-1599.0,-1609.0,-1613.0,-1607.0,TARGET
2026-08-03 05:30:33,28.05,77.64,0.75,43.27,0.73,211.08,0.84,43.61,0.83,219.51,0.08,42.7,0.08,327.66,0.31,44.02,0.32,176.9,0.79,43.84,0.81,130.09,0.46,43.27,0.46,99.29,0.32,43.73,0.32,157.56,0.41,43.73,0.42,175.51,0.54,43.37,0.53,81.5,0.91,43.73,0.89,295.01,0.18,43.56,0.18,206.4,0.35,43.84,0.34,169.54,-1599,-1500,-1800,43.55583333333334,5.909999999999999,0 days 00:10:01,True,4,-1607.0,-1602.0,-1606.0,-1599.0,-1609.0,-1613.0,TARGET
2026-08-03 05:40:32,28.26,76.96,0.75,43.79,0.73,149.28,0.84,43.67,0.85,209.82,0.08,42.35,0.08,327.66,0.31,43.9,0.31,272.96,0.79,43.84,0.78,141.67,0.46,43.1,0.46,98.43,0.32,43.61,0.31,142.75,0.41,43.73,0.42,184.87,0.54,43.67,0.54,72.5,0.91,44.07,0.89,259.13,0.18,43.04,0.18,296.68,0.35,44.19,0.35,144.45,-1600,-1500,-1800,43.580000000000005,5.8999999999999995,0 days 00:09:59,True,4,-1599.0,-1607.0,-1602.0,-1606.0,-1599.0,-1609.0,TARGET
2026-08-03 05:50:32,28.31,76.69,0.75,43.73,0.74,180.08,0.84,43.56,0.86,230.19,0.08,42.75,0.08,327.66,0.31,44.07,0.3,196.84,0.79,43.56,0.77,150.12,0.84,43.56,0.86,327.66,0.32,43.67,0.33,137.11,0.41,43.61,0.42,187.12,0.54,43.15,0.56,83.95,0.91,43.56,0.91,276.22,0.32,43.96,0.33,139.39,0.35,43.56,0.36,168.65,-1610,-1500,-1800,43.56166666666667,6.5200000000000005,0 days 00:10:00,True,4,-1600.0,-1599.0,-1607.0,-1602.0,-1606.0,-1599.0,TARGET
2026-08-03 06:00:32,28.37,76.66,0.75,43.33,0.78,208.15,0.84,44.07,0.82,160.64,0.08,42.35,0.08,327.66,0.31,44.12,0.31,189.35,0.75,43.37,0.72,241.35,0.46,42.98,0.45,103.39,0.32,43.5,0.31,149.92,0.41,43.9,0.41,167.72,0.54,43.44,0.52,76.94,0.91,44.25,0.88,255.09,0.18,43.21,0.18,297.87,0.41,44.12,0.42,164.62,-1600,-1500,-1800,43.553333333333335,5.88,0 days 00:10:00,True,4,-1610.0,-1600.0,-1599.0,-1607.0,-1602.0,-1606.0,TARGET
2026-08-03 06:10:32,28.37,76.44,0.75,43.84,0.72,169.54,0.84,44.02,0.83,186.09,0.08,42.41,0.08,327.66,0.31,44.07,0.3,208.59,0.79,43.44,0.76,162.06,0.46,43.21,0.46,94.62,0.32,43.79,0.32,133.67,0.41,43.61,0.4,181.97,0.54,43.33,0.56,94.1,0.91,43.79,0.89,283.35,0.18,43.33,0.18,236.87,0.35,43.73,0.35,169.32,-1600,-1500,-1800,43.54750000000001,5.849999999999999,0 days 00:10:00,True,4,-1600.0,-1610.0,-1600.0,-1599.0,-1607.0,-1602.0,TARGET
2026-08-03 06:20:32,28.47,76.75,0.75,43.9,0.75,159.8,0.84,43.61,0.86,230.79,0.08,42.46,0.08,327.66,0.31,44.02,0.32,211.75,0.79,43.73,0.81,142.95,0.46,42.93,0.45,104.84,0.32,43.56,0.32,158.75,0.41,43.61,0.42,189.45,0.54,43.56,0.56,75.47,0.91,43.84,0.9,262.31,0.18,43.04,0.18,327.66,0.35,43.9,0.35,159.8,-1603,-1500,-1800,43.51333333333334,6.0,0 days 00:10:00,True,4,-1600.0,-1600.0,-1610.0,-1600.0,-1599.0,-1607.0,TARGET
2026-08-03 06:30:33,28.58,76.48,0.75,43.44,0.73,202.3,0.84,44.07,0.83,179.17,0.08,42.46,0.08,327.66,0.31,44.12,0.32,208.86,0.79,43.44,0.8,158.53,0.46,42.98,0.46,104.04,0.32,43.56,0.33,155.17,0.41,43.56,0.42,189.2,0.54,43.04,0.54,82.32,0.91,44.07,0.92,258.47,0.18,43.44,0.18,222.18,0.35,43.56,0.35,177.07,-1602,-1500,-1800,43.47833333333333,5.959999999999999,0 days 00:10:01,True,4,-1603.0,-1600.0,-1600.0,-1610.0,-1600.0,-1599.0,TARGET
2026-08-03 06:40:32,28.74,76.11,0.75,43.84,0.74,167.5,0.84,44.19,0.82,170.87,0.08,42.46,0.08,327.66,0.31,44.48,0.31,167.89,0.79,43.44,0.76,158.33,0.46,42.93,0.47,105.5,0.32,43.56,0.31,158.53,0.41,44.07,0.42,142.59,0.54,43.37,0.53,78.94,0.91,44.25,0.9,242.21,0.18,43.15,0.18,285.46,0.35,44.07,0.35,145.75,-1607,-1500,-1800,43.65083333333333,5.869999999999999,0 days 00:09:59,True,4,-1602.0,-1603.0,-1600.0,-1600.0,-1610.0,-1600.0,TARGET
2026-08-03 06:50:32,28.69,76.48,0.75,43.73,0.72,198.09,0.84,43.73,0.84,301.03,0.08,42.52,0.08,327.66,0.31,44.36,0.32,226.58,0.79,43.44,0.77,170.06,0.46,43.44,0.47,81.03,0.32,44.02,0.33,109.89,0.41,44.02,0.4,160.42,0.54,43.56,0.53,73.36,0.91,43.5,0.89,276.96,0.18,43.67,0.18,189.7,0.35,43.67,0.36,173.1,-1606,-1500,-1800,43.63833333333333,5.89,0 days 00:10:00,True,4,-1607.0,-1602.0,-1603.0,-1600.0,-1600.0,-1610.0,TARGET
2026-08-03 07:00:32,28.85,76.05,0.75,43.27,0.72,204.78,0.84,44.02,0.84,176.67,0.08,42.81,0.08,327.66,0.31,43.96,0.31,224.82,0.79,43.84,0.77,128.89,0.46,43.37,0.45,87.62,0.32,43.96,0.33,130.44,0.41,43.61,0.4,192.08,0.54,43.67,0.54,71.83,0.91,43.79,0.91,322.88,0.18,43.61,0.18,227.01,0.35,44.19,0.35,159.22,-1606,-1500,-1800,43.67500000000001,5.88,0 days 00:10:00,True,4,-1606.0,-1607.0,-1602.0,-1603.0,-1600.0,-1600.0,TARGET
2026-08-03 07:10:32,28.9,76.41,0.75,43.61,0.73,179.84,0.84,44.02,0.86,279.13,0.08,42.7,0.08,327.66,0.31,43.96,0.3,235.93,0.79,43.84,0.8,134.97,0.46,42.93,0.45,106.32,0.32,43.5,0.31,158.53,0.41,44.02,0.4,205.25,0.54,42.93,0.54,82.1,0.91,44.12,0.9,269.1,0.18,43.56,0.18,199.9,0.35,44.07,0.36,157.03,-1604,-1500,-1800,43.605,5.910000000000001,0 days 00:10:00,True,4,-1606.0,-1606.0,-1607.0,-1602.0,-1603.0,-1600.0,TARGET
2026-08-03 07:20:32,29.17,75.13,0.75,43.84,0.73,171.62,0.84,43.56,0.87,203.11,0.08,42.29,0.08,327.66,0.31,43.96,0.3,214.73,0.79,43.37,0.8,172.19,0.46,43.61,0.46,98.78,0.32,44.02,0.32,110.62,0.41,43.73,0.41,173.1,0.54,43.27,0.52,83.66,0.91,44.25,0.88,233.83,0.18,43.56,0.18,246.31,0.35,44.07,0.36,142.42,-1602,-1500,-1800,43.6275,5.91,0 days 00:10:00,True,4,-1604.0,-1606.0,-1606.0,-1607.0,-1602.0,-1603.0,TARGET
2026-08-03 07:30:32,29.27,74.98,0.75,43.73,0.75,184.87,0.84,43.9,0.82,183.4,0.08,42.24,0.08,327.66,0.31,43.96,0.31,220.96,0.79,43.96,0.8,149.87,0.46,43.1,0.45,95.43,0.32,43.61,0.31,139.69,0.41,44.07,0.42,145.58,0.54,43.44,0.56,81.5,0.91,44.07,0.92,258.79,0.18,43.27,0.18,269.74,0.35,43.84,0.35,261.97,-1607,-1500,-1800,43.59916666666667,5.949999999999999,0 days 00:10:00,True,4,-1602.0,-1604.0,-1606.0,-1606.0,-1607.0,-1602.0,TARGET
2026-08-03 07:40:33,29.54,74.28,0.75,43.73,0.78,175.51,0.84,44.07,0.81,170.43,0.08,42.35,0.08,327.66,0.31,44.48,0.3,227.47,0.79,43.5,0.78,151.56,0.46,43.5,0.46,80.18,0.32,44.02,0.33,112.56,0.41,43.73,0.41,173.55,0.54,43.73,0.55,69.93,0.91,43.67,0.88,288.5,0.18,43.56,0.18,219.23,0.35,43.73,0.35,173.55,-1610,-1500,-1800,43.67250000000001,5.909999999999999,0 days 00:10:01,True,4,-1607.0,-1602.0,-1604.0,-1606.0,-1606.0,-1607.0,TARGET
2026-08-03 07:50:32,29.75,73.82,0.75,43.67,0.76,179.84,0.84,43.96,0.84,185.61,0.08,42.24,0.08,327.66,0.31,44.19,0.31,194.61,0.79,43.9,0.77,121.05,0.46,43.15,0.45,97.18,0.32,43.67,0.32,147.5,0.41,44.12,0.42,147.3,0.54,43.37,0.56,80.54,0.91,43.56,0.92,255.76,0.18,43.1,0.18,284.69,0.35,44.02,0.34,151.89,-1609,-1500,-1800,43.57916666666667,5.949999999999999,0 days 00:09:59,True,4,-1610.0,-1607.0,-1602.0,-1604.0,-1606.0,-1606.0,TARGET
2026-08-03 08:00:32,30.08,73.0,0.75,43.67,0.73,173.1,0.84,43.96,0.82,191.19,0.08,42.75,0.08,327.66,0.31,44.12,0.3,215.29,0.79,43.56,0.79,146.92,0.84,43.96,0.83,193.34,0.32,44.02,0.31,110.91,0.41,43.61,0.42,192.08,0.54,43.15,0.53,86.49,0.91,43.96,0.91,267.71,0.32,43.56,0.31,153.45,0.35,43.56,0.36,186.64,-1614,-1500,-1800,43.65666666666666,6.390000000000001,0 days 00:10:00,True,4,-1609.0,-1610.0,-1607.0,-1602.0,-1604.0,-1606.0,BELOW
2026-08-03 08:10:32,30.45,72.14,0.75,43.27,0.76,204.51,0.84,44.02,0.82,211.47,0.08,42.41,0.08,327.66,0.31,44.42,0.31,195.37,0.75,43.61,0.75,177.07,0.46,42.98,0.46,104.84,0.32,43.5,0.31,154.98,0.41,43.84,0.42,178.0,0.54,43.44,0.54,78.82,0.91,43.73,0.9,327.66,0.18,43.56,0.18,246.62,0.41,43.61,0.41,189.45,-1615,-1500,-1800,43.532500000000006,5.94,0 days 00:10:00,True,4,-1614.0,-1609.0,-1610.0,-1607.0,-1602.0,-1604.0,BELOW
2026-08-03 08:20:32,30.82,71.44,0.75,43.5,0.77,167.99,0.84,43.96,0.87,185.61,0.08,42.52,0.08,327.66,0.31,44.36,0.3,169.69,0.79,43.37,0.77,161.84,0.46,43.21,0.47,108.6,0.32,43.79,0.33,165.07,0.41,43.84,0.41,171.62,0.54,43.44,0.54,76.42,0.91,43.96,0.89,309.75,0.18,43.56,0.18,242.31,0.35,43.96,0.35,167.94,-1615,-1500,-1800,43.6225,5.959999999999999,0 days 00:10:00,True,4,-1615.0,-1614.0,-1609.0,-1610.0,-1607.0,-1602.0,BELOW
2026-08-03 08:30:32,31.2,70.4,0.75,43.56,0.76,194.53,0.84,43.61,0.83,255.76,0.08,42.58,0.08,327.66,0.31,44.25,0.32,259.47,0.79,43.84,0.76,157.76,0.46,43.15,0.47,97.87,0.32,43.79,0.31,140.23,0.41,43.56,0.41,175.06,0.54,43.1,0.52,82.32,0.91,43.9,0.9,296.19,0.18,43.61,0.18,219.23,0.35,44.07,0.35,148.87,-1617,-1500,-1800,43.58500000000001,5.89,0 days 00:10:00,True,4,-1615.0,-1615.0,-1614.0,-1609.0,-1610.0,-1607.0,BELOW
2026-08-03 08:40:33,31.57,69.55,0.75,43.27,0.75,217.78,0.84,43.79,0.81,180.31,0.08,42.64,0.08,327.66,0.31,44.36,0.32,173.66,0.79,43.61,0.81,145.95,0.46,42.98,0.47,108.17,0.32,43.5,0.31,142.2,0.41,44.07,0.4,158.81,0.54,43.21,0.52,83.15,0.91,43.79,0.9,295.41,0.18,43.73,0.18,207.23,0.35,44.19,0.34,138.73,-1619,-1500,-1800,43.595000000000006,5.890000000000001,0 days 00:10:01,True,4,-1617.0,-1615.0,-1615.0,-1614.0,-1609.0,-1610.0,BELOW
2026-08-03 08:50:32,31.94,69.21,0.75,43.56,0.76,184.39,0.84,43.84,0.82,201.75,0.08,42.52,0.08,275.16,0.31,44.02,0.32,205.25,0.79,43.37,0.78,163.76,0.46,43.5,0.45,86.75,0.32,43.96,0.31,120.0,0.41,43.79,0.42,180.08,0.54,43.21,0.56,83.55,0.91,43.96,0.93,263.0,0.18,43.5,0.18,222.76,0.35,44.25,0.35,139.09,-1620,-1500,-1800,43.623333333333335,5.959999999999999,0 days 00:09:59,True,4,-1619.0,-1617.0,-1615.0,-1615.0,-1614.0,-1609.0,BELOW
2026-08-03 09:10:32,32.53,67.17,0.75,43.96,0.77,167.72,0.84,43.84,0.85,204.45,0.08,42.35,0.08,327.66,0.31,43.96,0.32,224.82,0.79,43.5,0.82,148.5,0.84,44.12,0.87,179.17,0.32,44.07,0.31,114.55,0.41,43.67,0.42,182.21,0.54,43.44,0.52,76.42,0.91,44.3,0.92,246.14,0.18,43.73,0.18,198.09,0.35,43.84,0.36,149.28,-1632,-1500,-1800,43.731666666666676,6.419999999999999,0 days 00:10:00,True,4,-1627.0,-1620.0,-1619.0,-1617.0,-1615.0,-1615.0,BELOW
2026-08-03 09:40:33,33.6,65.0,0.75,43.73,0.72,152.37,0.84,44.19,0.83,172.98,0.08,42.29,0.08,327.66,0.31,43.96,0.32,236.25,0.79,43.84,0.76,131.14,0.46,43.33,0.45,91.47,0.32,43.79,0.33,133.33,0.41,43.61,0.41,174.83,0.54,43.61,0.52,74.85,0.91,44.25,0.89,233.53,0.18,43.44,0.18,255.43,0.35,43.96,0.34,148.09,-1631,-1500,-1800,43.666666666666664,5.829999999999999,0 days 00:10:01,True,4,-1630.0,-1629.0,-1632.0,-1627.0,-1620.0,-1619.0,BELOW
2026-08-03 10:30:32,34.67,60.72,0.75,43.84,0.73,159.8,0.84,43.67,0.86,206.96,0.08,42.35,0.08,327.66,0.31,43.96,0.32,196.32,0.79,43.73,0.78,134.44,0.46,43.15,0.45,102.88,0.32,43.67,0.31,155.59,0.41,43.67,0.41,189.7,0.54,43.21,0.54,83.55,0.91,43.96,0.89,296.96,0.18,43.37,0.18,275.13,0.35,44.3,0.36,137.73,-1638,-1500,-1800,43.57333333333333,5.91,0 days 00:10:00,True,4,-1636.0,-1635.0,-1634.0,-1637.0,-1631.0,-1630.0,BELOW
2026-08-03 10:50:33,35.2,58.13,0.75,43.37,0.73,225.51,0.84,43.73,0.82,216.65,0.08,42.29,0.08,327.66,0.31,44.3,0.3,192.19,0.79,43.56,0.76,160.59,0.46,43.15,0.45,97.74,0.32,43.67,0.32,145.75,0.41,44.07,0.41,164.2,0.54,43.33,0.52,81.29,0.91,44.36,0.92,242.53,0.18,43.61,0.18,216.09,0.35,44.36,0.35,139.27,-1634,-1500,-1800,43.65,5.84,0 days 00:10:00,True,4,-1636.0,-1638.0,-1636.0,-1635.0,-1634.0,-1637.0,BELOW
2026-08-03 11:00:32,35.52,57.21,0.75,43.61,0.73,234.71,0.84,43.61,0.82,276.59,0.08,42.52,0.08,327.66,0.31,44.48,0.32,201.73,0.79,43.56,0.8,150.31,0.46,43.5,0.45,87.3,0.32,43.96,0.31,119.13,0.41,43.96,0.41,162.08,0.54,43.84,0.52,73.46,0.91,44.19,0.92,254.76,0.18,43.84,0.18,195.81,0.35,44.12,0.35,147.48,-1628,-1500,-1800,43.765833333333326,5.89,0 days 00:09:59,True,4,-1634.0,-1636.0,-1638.0,-1636.0,-1635.0,-1634.0,BELOW
2026-08-03 11:10:32,35.79,56.18,0.75,43.56,0.74,206.4,0.84,43.73,0.86,327.66,0.08,42.52,0.08,327.66,0.31,44.65,0.3,164.62,0.79,43.9,0.8,133.67,0.46,43.33,0.46,98.84,0.32,43.9,0.31,136.64,0.41,43.96,0.4,154.87,0.54,43.5,0.54,79.83,0.91,43.84,0.88,252.76,0.18,43.61,0.18,238.43,0.35,44.36,0.36,139.27,-1629,-1500,-1800,43.73833333333334,5.91,0 days 00:10:00,True,4,-1628.0,-1634.0,-1636.0,-1638.0,-1636.0,-1635.0,BELOW
2026-08-03 11:20:32,35.74,57.43,0.75,43.33,0.73,202.04,0.84,43.84,0.84,213.87,0.08,42.87,0.08,327.66,0.31,44.36,0.32,178.06,0.79,43.73,0.79,141.48,0.46,43.33,0.46,96.07,0.32,43.84,0.33,127.38,0.41,44.07,0.41,158.81,0.54,43.27,0.56,84.58,0.91,44.42,0.89,247.1,0.18,43.33,0.18,319.07,0.35,44.07,0.34,153.76,-1633,-1500,-1800,43.70499999999999,5.929999999999999,0 days 00:10:00,True,4,-1629.0,-1628.0,-1634.0,-1636.0,-1638.0,-1636.0,BELOW
2026-08-03 11:30:32,36.38,55.5,0.75,43.5,0.77,212.48,0.84,43.67,0.81,235.01,0.08,42.52,0.08,327.66,0.31,44.02,0.32,221.54,0.79,43.73,0.78,150.72,0.46,43.37,0.45,87.74,0.32,43.96,0.32,123.35,0.41,43.73,0.41,173.32,0.54,43.73,0.55,73.85,0.91,44.3,0.88,234.14,0.18,43.79,0.18,185.12,0.35,43.73,0.34,171.18,-1640,-1500,-1800,43.67083333333334,5.89,0 days 00:10:00,True,4,-1633.0,-1629.0,-1628.0,-1634.0,-1636.0,-1638.0,BELOW
2026-08-03 11:40:32,36.33,56.66,0.75,43.61,0.76,184.15,0.84,43.84,0.84,224.23,0.08,42.7,0.08,327.66,0.31,44.07,0.3,212.01,0.79,43.84,0.81,130.09,0.46,43.21,0.46,97.05,0.32,43.67,0.31,138.28,0.41,43.79,0.42,180.55,0.54,43.73,0.55,72.58,0.91,44.19,0.94,291.91,0.18,43.5,0.18,241.99,0.35,44.25,0.35,131.12,-1634,-1500,-1800,43.70000000000001,6.0,0 days 00:10:00,True,4,-1640.0,-1633.0,-1629.0,-1628.0,-1634.0,-1636.0,BELOW
2026-08-03 11:50:33,36.54,55.9,0.75,43.84,0.78,174.01,0.84,43.84,0.83,195.81,0.08,42.41,0.08,327.66,0.31,44.36,0.32,165.26,0.79,43.61,0.82,145.37,0.46,43.15,0.47,100.0,0.32,43.67,0.32,142.95,0.41,44.19,0.4,149.06,0.54,43.5,0.53,81.24,0.91,44.36,0.89,230.9,0.18,43.73,0.18,192.58,0.35,44.02,0.36,164.2,-1647,-1500,-1800,43.723333333333336,5.9799999999999995,0 days 00:10:01,True,4,-1634.0,-1640.0,-1633.0,-1629.0,-1628.0,-1634.0,BELOW
2026-08-03 12:00:33,36.75,55.81,0.75,43.44,0.78,215.51,0.84,44.12,0.86,168.82,0.08,42.52,0.08,327.66,0.31,44.53,0.32,172.21,0.79,43.61,0.77,147.12,0.46,43.56,0.45,80.76,0.32,44.12,0.33,115.5,0.41,44.19,0.41,141.53,0.54,43.79,0.52,72.31,0.91,44.19,0.92,250.21,0.18,43.61,0.18,238.76,0.35,44.25,0.35,132.36,-1643,-1500,-1800,43.82750000000001,5.969999999999999,0 days 00:10:00,True,4,-1647.0,-1634.0,-1640.0,-1633.0,-1629.0,-1628.0,BELOW
2026-08-03 12:10:32,36.43,56.12,0.75,43.44,0.78,205.6,0.84,43.73,0.85,213.32,0.08,42.93,0.08,327.66,0.31,44.07,0.31,211.75,0.79,44.02,0.82,122.43,0.46,43.61,0.47,86.43,0.32,44.12,0.33,121.68,0.41,43.73,0.42,182.45,0.54,43.73,0.56,75.57,0.91,44.12,0.9,254.76,0.18,43.21,0.18,285.46,0.35,44.12,0.35,145.95,-1645,-1500,-1800,43.73583333333334,6.049999999999999,0 days 00:09:59,True,4,-1643.0,-1647.0,-1634.0,-1640.0,-1633.0,-1629.0,BELOW
2026-08-03 13:30:32,39.1,50.53,0.75,43.9,0.75,178.47,0.84,44.19,0.82,170.65,0.08,42.64,0.08,327.66,0.31,44.12,0.3,225.7,0.79,43.67,0.79,147.5,0.46,43.33,0.45,91.47,0.32,43.73,0.31,140.23,0.41,43.79,0.4,182.69,0.54,43.44,0.55,80.54,0.91,44.25,0.91,237.49,0.18,43.37,0.18,286.6,0.35,43.79,0.35,180.31,-1643,-1500,-1800,43.685,5.89,0 days 00:10:00,True,4,-1648.0,-1647.0,-1649.0,-1652.0,-1650.0,-1642.0,BELOW
2026-08-03 13:40:32,39.42,48.97,0.75,43.67,0.72,203.64,0.84,44.19,0.85,177.36,0.08,42.58,0.08,327.66,0.31,44.53,0.32,183.39,0.79,43.73,0.82,155.8,0.46,43.37,0.45,90.62,0.32,43.79,0.33,151.11,0.41,43.79,0.41,182.69,0.54,43.73,0.52,72.87,0.91,44.12,0.93,254.1,0.18,43.67,0.18,216.09,0.35,43.96,0.35,148.28,-1641,-1500,-1800,43.760833333333345,5.959999999999999,0 days 00:10:00,True,4,-1643.0,-1648.0,-1647.0,-1649.0,-1652.0,-1650.0,BELOW
2026-08-03 13:50:33,39.48,48.94,0.75,43.9,0.75,163.76,0.84,43.96,0.82,221.25,0.08,42.58,0.08,327.66,0.31,44.42,0.32,175.83,0.79,43.79,0.81,140.42,0.46,43.15,0.46,100.75,0.32,43.67,0.33,147.31,0.41,44.12,0.42,159.22,0.54,43.61,0.52,70.92,0.91,44.02,0.91,291.15,0.18,43.5,0.18,229.89,0.35,44.25,0.36,142.98,-1645,-1500,-1800,43.7475,5.96,0 days 00:10:01,True,4,-1641.0,-1643.0,-1648.0,-1647.0,-1649.0,-1652.0,BELOW
2026-08-03 14:00:33,39.69,47.87,0.75,43.37,0.73,211.92,0.84,44.19,0.81,171.1,0.08,42.18,0.08,327.66,0.31,44.42,0.32,207.4,0.79,43.61,0.77,161.01,0.46,43.5,0.47,87.3,0.32,44.02,0.31,111.64,0.41,44.12,0.42,177.36,0.54,43.37,0.54,83.99,0.91,44.42,0.88,270.85,0.18,43.79,0.18,239.7,0.35,44.07,0.35,156.62,-1643,-1500,-1800,43.755,5.8599999999999985,0 days 00:10:00,True,4,-1645.0,-1641.0,-1643.0,-1648.0,-1647.0,-1649.0,BELOW
2026-08-03 14:10:33,39.85,47.39,0.75,43.61,0.76,194.78,0.84,43.73,0.87,223.65,0.08,42.64,0.08,327.66,0.31,44.25,0.3,200.43,0.79,43.96,0.78,134.03,0.46,43.61,0.47,105.57,0.32,43.96,0.33,135.33,0.41,43.84,0.42,169.76,0.54,43.67,0.53,88.2,0.91,44.02,0.9,285.21,0.18,43.27,0.18,291.91,0.35,44.12,0.34,150.47,-1642,-1500,-1800,43.72333333333333,5.96,0 days 00:10:00,True,4,-1643.0,-1645.0,-1641.0,-1643.0,-1648.0,-1647.0,BELOW
2026-08-03 14:50:32,40.49,45.07,0.75,43.73,0.75,204.18,0.84,43.61,0.84,203.37,0.08,42.7,0.08,327.66,0.31,44.25,0.32,203.33,0.79,43.56,0.78,154.98,0.46,43.44,0.47,82.98,0.32,44.07,0.31,113.77,0.41,43.84,0.41,182.93,0.54,43.73,0.55,73.36,0.91,44.02,0.91,290.76,0.18,43.79,0.18,207.5,0.35,43.96,0.34,162.08,-1639,-1500,-1800,43.725,5.94,0 days 00:10:00,True,4,-1648.0,-1649.0,-1645.0,-1642.0,-1643.0,-1645.0,BELOW
2026-08-03 15:00:33,40.92,43.57,0.75,43.79,0.74,161.23,0.84,44.12,0.85,199.9,0.08,42.7,0.08,327.66,0.31,44.19,0.32,194.86,0.79,44.07,0.76,145.39,0.46,43.15,0.47,99.88,0.32,43.73,0.33,144.62,0.41,43.61,0.41,189.45,0.54,43.37,0.56,83.88,0.91,44.48,0.89,271.21,0.18,43.37,0.18,286.6,0.35,44.3,0.35,147.87,-1640,-1500,-1800,43.74,5.939999999999999,0 days 00:10:01,True,4,-1639.0,-1648.0,-1649.0,-1645.0,-1642.0,-1643.0,BELOW
2026-08-03 15:10:33,41.24,42.81,0.75,43.67,0.77,189.7,0.84,44.07,0.81,178.94,0.08,42.7,0.08,327.66,0.31,44.48,0.32,174.33,0.79,43.67,0.76,153.86,0.46,43.1,0.47,104.18,0.32,43.56,0.32,151.76,0.41,43.79,0.42,182.93,0.54,43.5,0.54,73.36,0.91,44.02,0.93,268.06,0.18,43.33,0.18,269.38,0.35,43.9,0.35,167.72,-1643,-1500,-1800,43.649166666666666,5.949999999999999,0 days 00:10:00,True,4,-1640.0,-1639.0,-1648.0,-1649.0,-1645.0,-1642.0,BELOW
2026-08-03 15:30:33,42.52,40.18,0.75,43.56,0.78,192.08,0.84,44.19,0.84,186.58,0.08,42.81,0.08,327.66,0.31,44.07,0.32,218.36,0.79,43.67,0.8,148.89,0.46,43.5,0.46,117.89,0.32,43.67,0.32,147.31,0.41,43.73,0.42,189.95,0.54,43.79,0.56,71.83,0.91,43.96,0.93,309.35,0.18,43.73,0.18,213.6,0.35,43.84,0.34,183.17,-1638,-1500,-1800,43.71000000000001,6.029999999999999,0 days 00:10:00,True,4,-1639.0,-1643.0,-1640.0,-1639.0,-1648.0,-1649.0,BELOW
2026-08-03 16:20:33,44.93,35.39,0.75,43.84,0.73,173.55,0.84,43.96,0.85,202.01,0.08,42.52,0.08,327.66,0.31,44.53,0.3,168.11,0.79,43.84,0.79,132.58,0.46,43.37,0.46,92.95,0.32,43.84,0.32,136.3,0.41,44.07,0.42,162.28,0.54,43.5,0.54,78.36,0.91,44.02,0.94,284.84,0.18,43.5,0.18,246.31,0.35,44.02,0.35,160.22,-1636,-1500,-1800,43.75083333333333,5.959999999999999,0 days 00:10:00,True,4,-1639.0,-1642.0,-1637.0,-1645.0,-1638.0,-1639.0,BELOW
2026-08-03 16:30:34,44.98,35.82,0.75,43.84,0.78,173.78,0.84,44.25,0.81,177.36,0.08,42.7,0.08,327.66,0.31,44.12,0.32,218.65,0.79,43.56,0.81,151.76,0.46,43.44,0.46,90.5,0.32,43.9,0.33,131.14,0.41,43.84,0.4,187.87,0.54,43.44,0.55,81.4,0.91,44.25,0.91,254.76,0.18,43.37,0.18,274.76,0.35,44.07,0.36,164.41,-1636,-1500,-1800,43.73166666666666,5.99,0 days 00:10:01,True,4,-1636.0,-1639.0,-1642.0,-1637.0,-1645.0,-1638.0,BELOW
2026-08-03 16:40:33,45.03,35.45,0.75,43.96,0.78,160.0,0.84,43.84,0.85,223.94,0.08,42.64,0.08,327.66,0.31,44.53,0.3,178.98,0.79,44.02,0.82,132.92,0.46,43.21,0.45,99.16,0.32,43.67,0.33,144.25,0.41,44.02,0.41,166.37,0.54,43.73,0.52,74.75,0.91,44.12,0.92,269.1,0.18,43.56,0.18,226.12,0.35,43.9,0.35,165.72,-1639,-1500,-1800,43.76666666666667,5.989999999999998,0 days 00:09:59,True,4,-1636.0,-1636.0,-1639.0,-1642.0,-1637.0,-1645.0,BELOW
2026-08-03 16:50:33,45.41,34.99,0.75,44.07,0.75,157.03,0.84,44.25,0.81,175.37,0.08,42.58,0.08,327.66,0.31,44.19,0.32,197.35,0.79,43.79,0.77,146.14,0.46,43.37,0.45,91.22,0.32,43.9,0.32,127.88,0.41,44.19,0.42,181.97,0.54,43.5,0.55,84.1,0.91,44.42,0.88,251.51,0.18,43.5,0.18,287.35,0.35,44.12,0.36,130.78,-1641,-1500,-1800,43.82333333333332,5.890000000000001,0 days 00:10:00,True,4,-1639.0,-1636.0,-1636.0,-1639.0,-1642.0,-1637.0,BELOW
2026-08-03 17:00:33,45.57,35.42,0.75,44.07,0.75,166.37,0.84,43.79,0.86,217.23,0.08,42.87,0.08,327.66,0.31,44.12,0.32,222.4,0.79,44.12,0.82,126.23,0.46,43.33,0.45,94.75,0.32,43.79,0.33,132.39,0.41,43.79,0.42,173.32,0.54,43.79,0.54,75.04,0.91,44.07,0.94,263.34,0.18,43.84,0.18,213.6,0.35,44.02,0.36,160.42,-1635,-1500,-1800,43.800000000000004,6.05,0 days 00:10:00,True,4,-1641.0,-1639.0,-1636.0,-1636.0,-1639.0,-1642.0,BELOW
2026-08-03 17:10:33,45.57,36.61,0.75,43.44,0.78,202.57,0.84,43.67,0.87,220.1,0.08,42.52,0.08,327.66,0.31,44.48,0.32,190.58,0.79,43.96,0.8,134.97,0.46,43.21,0.47,97.74,0.32,43.67,0.31,144.25,0.41,44.25,0.41,149.45,0.54,43.56,0.52,77.49,0.91,44.53,0.93,247.42,0.18,43.5,0.18,245.98,0.35,44.36,0.35,139.27,-1639,-1500,-1800,43.762499999999996,6.019999999999998,0 days 00:10:00,True,4,-1635.0,-1641.0,-1639.0,-1636.0,-1636.0,-1639.0,BELOW
2026-08-03 17:20:33,45.41,33.74,0.75,43.61,0.74,203.37,0.84,44.12,0.83,212.01,0.08,42.58,0.08,327.66,0.31,44.12,0.32,197.09,0.79,43.9,0.76,131.33,0.46,43.67,0.46,87.09,0.32,44.19,0.33,122.91,0.41,43.67,0.42,187.37,0.54,43.96,0.53,74.04,0.91,43.96,0.89,296.57,0.18,43.9,0.18,204.72,0.35,44.07,0.36,155.08,-1640,-1500,-1800,43.8125,5.8999999999999995,0 days 00:10:00,True,4,-1639.0,-1635.0,-1641.0,-1639.0,-1636.0,-1636.0,BELOW
2026-08-03 17:40:33,44.5,41.49,0.75,44.02,0.72,160.42,0.84,43.84,0.84,210.64,0.08,42.52,0.08,327.66,0.31,44.3,0.3,226.58,0.79,43.61,0.81,153.66,0.46,43.15,0.45,104.45,0.32,43.61,0.32,153.66,0.41,44.07,0.42,166.37,0.54,43.5,0.53,76.29,0.91,44.65,0.9,240.26,0.18,43.5,0.18,246.62,0.35,43.9,0.36,174.01,-1648,-1500,-1800,43.7225,5.91,0 days 00:10:00,True,4,-1643.0,-1640.0,-1639.0,-1635.0,-1641.0,-1639.0,BELOW
2026-08-03 18:30:33,41.99,45.43,0.75,43.56,0.72,192.08,0.84,43.79,0.83,227.9,0.08,42.7,0.08,327.66,0.31,44.59,0.3,176.74,0.79,43.73,0.79,149.09,0.84,43.84,0.86,204.45,0.32,44.07,0.33,131.84,0.41,44.25,0.42,155.89,0.54,43.73,0.52,74.24,0.91,44.36,0.93,238.4,0.32,43.61,0.32,150.31,0.35,43.79,0.36,163.34,-1645,-1500,-1800,43.83500000000001,6.46,0 days 00:10:00,True,4,-1650.0,-1640.0,-1647.0,-1649.0,-1648.0,-1643.0,BELOW
2026-08-03 20:00:33,36.54,57.92,0.75,43.96,0.77,154.87,0.84,44.3,0.82,184.84,0.08,42.41,0.08,327.66,0.31,44.3,0.31,180.1,0.75,43.37,0.78,199.37,0.46,43.37,0.46,88.75,0.32,43.9,0.33,129.06,0.41,44.19,0.4,150.47,0.54,43.79,0.56,71.57,0.91,44.36,0.91,234.43,0.18,43.5,0.18,237.81,0.41,44.07,0.42,179.17,-1657,-1500,-1800,43.79333333333333,6.02,0 days 00:10:00,True,5,-1649.0,-1647.0,-1648.0,-1646.0,-1643.0,-1643.0,BELOW
2026-08-03 20:10:34,36.11,58.65,0.75,43.9,0.75,169.76,0.84,43.73,0.87,220.1,0.08,42.7,0.08,327.66,0.31,44.42,0.32,193.19,0.79,43.9,0.78,139.2,0.46,43.61,0.46,81.35,0.32,44.07,0.31,111.8,0.41,44.07,0.4,166.59,0.54,43.37,0.53,83.37,0.91,44.02,0.93,268.75,0.18,43.33,0.18,286.6,0.35,44.02,0.35,153.56,-1654,-1500,-1800,43.76166666666666,5.959999999999999,0 days 00:10:01,True,5,-1657.0,-1649.0,-1647.0,-1648.0,-1646.0,-1643.0,BELOW
2026-08-03 20:30:34,35.58,59.78,0.75,43.9,0.78,163.76,0.84,44.07,0.82,177.12,0.08,42.7,0.08,327.66,0.31,44.12,0.31,199.65,0.79,43.79,0.77,141.86,0.46,43.15,0.47,97.05,0.32,43.67,0.31,141.3,0.41,43.96,0.41,165.72,0.54,43.84,0.52,75.04,0.91,44.3,0.92,255.42,0.18,43.61,0.18,203.37,0.35,44.02,0.35,143.7,-1661,-1500,-1800,43.760833333333345,5.92,0 days 00:10:00,True,5,-1664.0,-1654.0,-1657.0,-1649.0,-1647.0,-1648.0,BELOW
2026-08-03 20:50:33,35.2,60.3,0.75,43.9,0.77,174.01,0.84,44.19,0.82,181.97,0.08,42.46,0.08,327.66,0.31,44.3,0.3,195.11,0.79,43.73,0.82,144.25,0.46,43.33,0.47,100.28,0.32,43.9,0.32,136.48,0.41,44.3,0.42,152.7,0.54,43.79,0.54,69.33,0.91,44.3,0.88,246.14,0.18,43.73,0.18,220.1,0.35,44.07,0.35,155.48,-1662,-1500,-1800,43.83333333333334,5.949999999999998,0 days 00:10:00,True,5,-1657.0,-1661.0,-1664.0,-1654.0,-1657.0,-1649.0,BELOW
2026-08-03 21:00:33,34.78,61.15,0.75,43.61,0.78,203.37,0.84,43.96,0.81,188.12,0.08,42.58,0.08,327.66,0.31,44.48,0.32,165.92,0.79,43.73,0.77,141.67,0.84,43.96,0.82,205.25,0.32,43.67,0.32,115.39,0.41,44.19,0.42,152.5,0.54,43.61,0.55,75.36,0.91,44.25,0.89,242.21,0.32,43.61,0.32,151.76,0.35,44.3,0.34,136.39,-1669,-1500,-1800,43.82916666666666,6.42,0 days 00:10:00,True,5,-1662.0,-1657.0,-1661.0,-1664.0,-1654.0,-1657.0,BELOW
2026-08-03 21:40:34,33.39,65.36,0.75,43.67,0.74,180.08,0.84,44.36,0.82,167.46,0.08,42.64,0.08,327.66,0.31,44.07,0.31,186.58,0.79,43.44,0.8,158.33,0.46,43.56,0.46,79.83,0.32,44.07,0.33,112.7,0.41,44.02,0.4,172.31,0.54,43.67,0.52,71.47,0.91,44.25,0.91,241.58,0.18,43.67,0.18,206.68,0.35,44.42,0.36,132.87,-1657,-1500,-1800,43.82,5.91,0 days 00:10:00,True,5,-1664.0,-1661.0,-1663.0,-1669.0,-1662.0,-1657.0,BELOW
2026-08-03 22:00:33,32.75,66.65,0.75,43.96,0.77,165.94,0.84,44.02,0.82,196.58,0.08,42.7,0.08,327.66,0.31,44.42,0.3,180.34,0.79,43.84,0.77,139.02,0.46,43.44,0.46,91.71,0.32,43.96,0.31,132.39,0.41,44.02,0.42,162.28,0.54,43.33,0.56,81.67,0.91,44.02,0.93,290.76,0.18,43.61,0.18,212.76,0.35,43.84,0.34,169.54,-1652,-1500,-1800,43.76333333333333,5.9399999999999995,0 days 00:10:00,True,5,-1659.0,-1657.0,-1664.0,-1661.0,-1663.0,-1669.0,BELOW
2026-08-03 22:40:34,32.0,68.87,0.75,43.84,0.72,165.29,0.84,43.73,0.86,192.33,0.08,42.81,0.08,327.66,0.31,44.48,0.31,183.15,0.79,43.44,0.77,160.17,0.46,43.27,0.45,99.42,0.32,43.79,0.32,140.42,0.41,44.19,0.42,144.25,0.54,43.73,0.53,71.47,0.91,44.3,0.94,246.46,0.18,43.73,0.18,234.71,0.35,44.07,0.35,150.47,-1647,-1500,-1800,43.78166666666667,5.93,0 days 00:10:00,True,5,-1653.0,-1656.0,-1650.0,-1652.0,-1659.0,-1657.0,BELOW
2026-08-03 23:20:34,31.68,70.16,0.75,43.5,0.73,191.57,0.84,43.67,0.85,209.82,0.08,42.41,0.08,327.66,0.31,43.84,0.31,192.84,0.79,43.73,0.82,135.75,0.84,44.02,0.81,190.69,0.32,43.5,0.32,166.4,0.41,44.12,0.4,151.7,0.54,43.56,0.52,72.4,0.91,44.53,0.94,247.74,0.18,43.15,0.18,304.09,0.35,43.84,0.35,171.62,-1640,-1500,-1800,43.655833333333334,6.309999999999999,0 days 00:10:01,True,5,-1639.0,-1647.0,-1647.0,-1647.0,-1653.0,-1656.0,BELOW
2026-08-03 23:40:34,31.78,69.06,0.75,43.84,0.78,165.29,0.84,43.79,0.82,207.23,0.08,42.7,0.08,327.66,0.31,44.36,0.32,159.84,0.79,43.9,0.78,125.41,0.46,43.56,0.45,82.21,0.32,44.07,0.32,105.07,0.41,44.12,0.41,160.84,0.54,43.67,0.53,72.97,0.91,44.25,0.9,265.06,0.18,43.04,0.18,192.22,0.35,43.67,0.36,184.64,-1629,-1500,-1800,43.7475,5.930000000000001,0 days 00:10:00,True,5,-1639.0,-1640.0,-1639.0,-1647.0,-1647.0,-1647.0,BELOW
2026-08-03 23:50:34,31.46,70.28,0.75,43.5,0.76,205.87,0.84,43.67,0.84,219.81,0.08,42.46,0.08,327.66,0.31,44.42,0.3,176.06,0.79,43.9,0.79,121.05,0.46,43.56,0.46,80.76,0.32,44.02,0.31,110.77,0.41,44.02,0.42,140.98,0.54,43.5,0.54,76.19,0.91,44.12,0.93,269.1,0.18,43.21,0.18,291.53,0.35,43.67,0.36,171.18,-1638,-1500,-1800,43.67083333333333,5.97,0 days 00:10:00,True,5,-1629.0,-1639.0,-1640.0,-1639.0,-1647.0,-1647.0,BELOW
2026-08-04 00:00:33,31.3,70.58,0.75,43.27,0.74,187.95,0.84,44.12,0.87,176.9,0.08,42.52,0.08,327.66,0.31,44.12,0.3,199.9,0.79,44.02,0.76,135.5,0.46,43.5,0.45,89.56,0.32,43.96,0.31,124.45,0.41,43.79,0.4,180.31,0.54,43.37,0.53,78.15,0.91,44.07,0.88,274.03,0.18,43.61,0.18,213.04,0.35,43.61,0.36,213.04,-1634,-1500,-1800,43.663333333333334,5.86,0 days 00:09:59,True,5,-1638.0,-1629.0,-1639.0,-1640.0,-1639.0,-1647.0,BELOW
2026-08-04 00:20:33,31.04,71.62,0.75,43.79,0.76,165.29,0.84,43.84,0.85,214.15,0.08,42.64,0.08,327.66,0.31,44.12,0.3,199.65,0.79,43.61,0.77,150.31,0.46,42.75,0.45,102.7,0.32,43.33,0.32,152.84,0.41,44.02,0.41,160.42,0.54,43.61,0.52,87.64,0.91,44.59,0.94,261.84,0.18,43.84,0.18,198.61,0.35,44.12,0.35,142.98,-1630,-1500,-1800,43.68833333333333,5.93,0 days 00:10:00,True,5,-1637.0,-1634.0,-1638.0,-1629.0,-1639.0,-1640.0,BELOW
2026-08-04 00:30:34,30.72,72.08,0.75,43.56,0.74,327.66,0.84,44.02,0.84,194.1,0.08,42.7,0.08,327.66,0.31,44.07,0.3,225.4,0.79,44.12,0.76,205.51,0.46,43.27,0.45,90.86,0.32,43.9,0.33,126.55,0.41,44.02,0.41,145.2,0.54,43.61,0.54,72.5,0.91,44.3,0.93,246.46,0.18,43.67,0.18,256.44,0.35,43.96,0.35,158.19,-1631,-1500,-1800,43.76666666666667,5.91,0 days 00:10:01,True,5,-1630.0,-1637.0,-1634.0,-1638.0,-1629.0,-1639.0,BELOW
2026-08-04 00:40:34,30.77,72.11,0.75,43.27,0.76,198.84,0.84,43.73,0.84,195.04,0.08,42.41,0.08,327.66,0.31,44.48,0.3,165.92,0.79,43.67,0.76,138.48,0.46,43.5,0.46,79.72,0.32,44.02,0.33,109.89,0.41,43.67,0.4,184.64,0.54,43.67,0.53,69.49,0.91,44.3,0.91,241.9,0.18,43.61,0.18,223.06,0.35,44.12,0.35,191.69,-1624,-1500,-1800,43.70416666666667,5.8999999999999995,0 days 00:10:00,True,5,-1631.0,-1630.0,-1637.0,-1634.0,-1638.0,-1629.0,BELOW
2026-08-04 00:50:34,30.56,72.84,0.75,43.21,0.74,201.5,0.84,43.79,0.84,220.37,0.08,42.58,0.08,327.66,0.31,44.3,0.31,157.64,0.79,43.61,0.77,147.12,0.46,43.04,0.45,102.61,0.32,43.61,0.33,158.75,0.41,44.07,0.42,147.3,0.54,43.73,0.53,70.74,0.91,44.3,0.9,238.11,0.18,43.73,0.18,192.58,0.35,44.19,0.34,132.19,-1631,-1500,-1800,43.68000000000001,5.890000000000001,0 days 00:10:00,True,5,-1624.0,-1631.0,-1630.0,-1637.0,-1634.0,-1638.0,BELOW
2026-08-04 01:00:34,30.56,72.72,0.75,43.79,0.72,171.41,0.84,44.19,0.82,170.87,0.08,42.64,0.08,327.66,0.31,44.42,0.3,176.06,0.79,43.9,0.76,133.84,0.46,43.5,0.47,81.24,0.32,44.07,0.32,112.7,0.41,44.12,0.41,155.28,0.54,43.79,0.55,73.07,0.91,44.36,0.9,242.53,0.18,43.73,0.18,198.09,0.35,44.12,0.35,144.25,-1632,-1500,-1800,43.885833333333345,5.86,0 days 00:10:00,True,5,-1631.0,-1624.0,-1631.0,-1630.0,-1637.0,-1634.0,BELOW
2026-08-04 01:10:33,30.4,73.24,0.75,43.33,0.73,214.65,0.84,44.12,0.85,186.34,0.08,42.58,0.08,327.66,0.31,43.84,0.31,227.9,0.79,43.61,0.79,148.5,0.46,43.5,0.47,86.2,0.32,44.02,0.32,119.29,0.41,44.07,0.41,150.26,0.54,43.56,0.56,71.1,0.91,44.07,0.93,254.1,0.18,43.5,0.18,222.18,0.35,44.3,0.36,137.73,-1620,-1500,-1800,43.70833333333332,5.99,0 days 00:09:59,True,5,-1632.0,-1631.0,-1624.0,-1631.0,-1630.0,-1637.0,BELOW
2026-08-04 01:20:33,30.24,73.64,0.75,43.56,0.75,197.57,0.84,44.07,0.82,184.12,0.08,42.7,0.08,327.66,0.31,43.9,0.32,201.75,0.79,43.5,0.79,153.05,0.46,43.5,0.46,82.59,0.32,44.02,0.31,113.47,0.41,43.67,0.42,179.6,0.54,43.73,0.56,72.11,0.91,43.56,0.94,230.19,0.18,43.04,0.18,200.43,0.35,44.3,0.35,136.39,-1628,-1500,-1800,43.62916666666667,5.979999999999999,0 days 00:10:00,True,5,-1620.0,-1632.0,-1631.0,-1624.0,-1631.0,-1630.0,BELOW
2026-08-04 01:30:33,30.24,73.91,0.75,43.37,0.75,215.23,0.84,43.61,0.81,219.51,0.08,42.24,0.08,327.66,0.31,44.25,0.31,189.59,0.79,43.79,0.82,139.02,0.46,43.1,0.46,94.24,0.32,43.61,0.31,140.92,0.41,43.79,0.4,182.93,0.54,43.5,0.53,79.15,0.91,43.96,0.91,258.13,0.18,43.37,0.18,245.33,0.35,44.02,0.35,130.44,-1621,-1500,-1800,43.55083333333334,5.909999999999999,0 days 00:10:00,True,5,-1628.0,-1620.0,-1632.0,-1631.0,-1624.0,-1631.0,BELOW
2026-08-04 01:40:34,30.02,74.37,0.75,43.84,0.75,190.44,0.84,43.61,0.81,212.76,0.08,42.29,0.08,327.66,0.31,44.42,0.3,180.57,0.79,43.33,0.82,154.36,0.46,43.15,0.45,95.56,0.32,43.61,0.31,136.92,0.41,43.9,0.41,181.01,0.54,43.37,0.56,74.86,0.91,44.25,0.88,241.9,0.18,43.67,0.18,209.82,0.35,44.42,0.34,140.84,-1615,-1500,-1800,43.655,5.89,0 days 00:10:01,True,5,-1621.0,-1628.0,-1620.0,-1632.0,-1631.0,-1624.0,BELOW
2026-08-04 01:50:34,30.02,74.28,0.75,43.9,0.73,148.09,0.84,43.84,0.85,193.09,0.08,42.81,0.08,327.66,0.31,44.42,0.32,178.06,0.79,43.44,0.81,153.05,0.46,43.04,0.46,110.06,0.32,43.79,0.31,157.76,0.41,43.9,0.41,169.76,0.54,43.44,0.53,78.71,0.91,44.07,0.88,269.1,0.18,43.44,0.18,255.09,0.35,43.96,0.36,161.87,-1615,-1500,-1800,43.67083333333334,5.92,0 days 00:10:00,True,5,-1615.0,-1621.0,-1628.0,-1620.0,-1632.0,-1631.0,BELOW
2026-08-04 02:00:34,30.02,74.16,0.75,43.5,0.74,203.11,0.84,44.07,0.82,186.58,0.08,42.58,0.08,327.66,0.31,44.48,0.31,180.81,0.79,43.44,0.77,162.26,0.46,43.33,0.45,93.46,0.32,43.84,0.33,136.3,0.41,44.07,0.42,158.59,0.54,43.73,0.56,74.04,0.91,44.19,0.88,245.5,0.18,43.61,0.18,203.37,0.35,44.19,0.34,146.14,-1619,-1500,-1800,43.7525,5.88,0 days 00:10:00,True,5,-1615.0,-1615.0,-1621.0,-1628.0,-1620.0,-1632.0,BELOW
2026-08-04 02:10:33,30.29,73.39,0.75,44.02,0.78,215.01,0.84,44.07,0.86,176.9,0.08,42.75,0.08,327.66,0.31,44.02,0.32,217.79,0.79,43.96,0.81,121.21,0.46,43.5,0.45,88.87,0.32,43.96,0.31,125.41,0.41,44.25,0.41,155.69,0.54,43.56,0.52,77.49,0.91,44.02,0.91,303.01,0.18,43.37,0.18,250.12,0.35,43.9,0.35,156.41,-1616,-1500,-1800,43.781666666666666,5.98,0 days 00:09:59,True,5,-1619.0,-1615.0,-1615.0,-1621.0,-1628.0,-1620.0,BELOW
2026-08-04 02:20:33,30.29,73.33,0.75,43.44,0.73,215.23,0.84,44.12,0.87,175.15,0.08,42.52,0.08,327.66,0.31,44.36,0.3,201.21,0.79,44.02,0.79,126.88,0.46,43.44,0.47,99.68,0.32,43.96,0.31,100.28,0.41,43.84,0.4,165.29,0.54,43.61,0.52,71.28,0.91,44.12,0.91,254.43,0.18,43.56,0.18,200.15,0.35,44.25,0.34,149.06,-1621,-1500,-1800,43.77,5.9,0 days 00:10:00,True,5,-1616.0,-1619.0,-1615.0,-1615.0,-1621.0,-1628.0,BELOW
2026-08-04 02:30:33,30.29,72.9,0.75,43.33,0.78,190.81,0.84,43.21,0.82,217.78,0.08,42.75,0.08,327.66,0.31,44.07,0.31,215.29,0.79,43.84,0.8,143.31,0.46,43.21,0.45,92.46,0.32,43.79,0.31,136.12,0.41,44.19,0.42,142.98,0.54,43.73,0.56,77.79,0.91,44.12,0.91,245.5,0.18,43.61,0.18,222.47,0.35,43.96,0.34,156.41,-1622,-1500,-1800,43.65083333333334,5.96,0 days 00:10:00,True,5,-1621.0,-1616.0,-1619.0,-1615.0,-1615.0,-1621.0,BELOW
2026-08-04 02:40:34,30.29,72.6,0.75,43.84,0.78,173.78,0.84,44.19,0.86,186.82,0.08,42.46,0.08,327.66,0.31,44.12,0.31,199.65,0.79,43.73,0.81,152.37,0.46,43.56,0.47,84.73,0.32,44.02,0.31,114.39,0.41,43.84,0.42,169.54,0.54,43.37,0.55,80.08,0.91,44.07,0.91,268.75,0.18,43.5,0.18,234.09,0.35,44.12,0.34,141.16,-1615,-1500,-1800,43.73499999999999,6.0200000000000005,0 days 00:10:01,True,5,-1622.0,-1621.0,-1616.0,-1619.0,-1615.0,-1615.0,BELOW
2026-08-04 02:50:33,30.18,73.09,0.75,43.44,0.73,188.7,0.84,43.73,0.86,227.61,0.08,42.35,0.08,327.66,0.31,44.19,0.3,197.35,0.79,43.61,0.8,141.12,0.46,43.15,0.45,101.49,0.32,43.73,0.31,144.62,0.41,44.12,0.4,166.59,0.54,43.56,0.55,75.15,0.91,44.19,0.92,255.09,0.18,43.61,0.18,219.51,0.35,44.12,0.34,151.89,-1613,-1500,-1800,43.65,5.92,0 days 00:09:59,True,5,-1615.0,-1622.0,-1621.0,-1616.0,-1619.0,-1615.0,BELOW
2026-08-04 03:00:34,30.34,73.24,0.75,43.27,0.73,214.37,0.84,43.79,0.87,200.96,0.08,42.58,0.08,327.66,0.31,44.48,0.31,171.99,0.79,43.56,0.76,179.37,0.46,43.5,0.45,80.65,0.32,44.07,0.33,113.62,0.41,43.67,0.41,184.87,0.54,43.1,0.56,82.43,0.91,43.79,0.92,257.12,0.18,43.15,0.18,327.66,0.35,43.96,0.36,158.39,-1615,-1500,-1800,43.57666666666666,5.96,0 days 00:10:01,True,5,-1613.0,-1615.0,-1622.0,-1621.0,-1616.0,-1619.0,BELOW
2026-08-04 03:10:34,30.29,73.0,0.75,43.44,0.74,199.64,0.84,43.73,0.87,204.18,0.08,42.87,0.08,327.66,0.31,44.07,0.32,229.4,0.79,43.67,0.78,145.75,0.46,43.15,0.47,90.02,0.32,43.56,0.33,125.56,0.41,43.9,0.41,165.72,0.54,43.21,0.54,83.04,0.91,43.84,0.92,302.22,0.18,43.15,0.18,297.87,0.35,44.12,0.34,144.25,-1613,-1500,-1800,43.55916666666666,5.9799999999999995,0 days 00:10:00,True,5,-1615.0,-1613.0,-1615.0,-1622.0,-1621.0,-1616.0,BELOW
2026-08-04 03:20:33,30.34,72.78,0.75,43.79,0.77,167.28,0.84,44.36,0.87,158.05,0.08,42.46,0.08,327.66,0.31,44.42,0.3,178.51,0.79,43.73,0.77,145.95,0.46,43.37,0.47,92.32,0.32,43.84,0.31,128.89,0.41,43.96,0.41,253.43,0.54,43.61,0.56,78.12,0.91,44.19,0.94,245.82,0.18,43.61,0.18,219.51,0.35,43.67,0.36,165.07,-1608,-1500,-1800,43.75083333333333,6.0200000000000005,0 days 00:09:59,True,5,-1613.0,-1615.0,-1613.0,-1615.0,-1622.0,-1621.0,TARGET
2026-08-04 03:30:33,30.34,72.93,0.75,43.33,0.73,205.04,0.84,43.73,0.85,327.66,0.08,42.46,0.08,327.66,0.31,44.36,0.3,163.56,0.79,43.67,0.78,135.75,0.46,43.1,0.47,91.84,0.32,43.73,0.31,133.5,0.41,44.07,0.42,151.7,0.54,43.61,0.52,70.82,0.91,44.12,0.9,268.75,0.18,43.56,0.18,238.12,0.35,43.79,0.34,171.41,-1611,-1500,-1800,43.627500000000005,5.88,0 days 00:10:00,True,5,-1608.0,-1613.0,-1615.0,-1613.0,-1615.0,-1622.0,BELOW
2026-08-04 03:40:34,30.24,72.63,0.75,43.67,0.72,179.84,0.84,44.12,0.86,177.12,0.08,42.18,0.08,327.66,0.31,43.84,0.3,217.23,0.79,43.5,0.81,265.25,0.46,43.44,0.47,84.5,0.32,43.9,0.33,117.13,0.41,43.73,0.41,182.45,0.54,43.15,0.55,80.49,0.91,44.07,0.94,253.43,0.18,43.5,0.18,229.89,0.35,44.07,0.35,150.26,-1616,-1500,-1800,43.5975,6.0,0 days 00:10:01,True,5,-1611.0,-1608.0,-1613.0,-1615.0,-1613.0,-1615.0,BELOW
2026-08-04 03:50:34,30.24,73.06,0.75,43.79,0.72,163.34,0.84,44.12,0.82,174.92,0.08,42.52,0.08,327.66,0.31,44.07,0.31,199.65,0.79,43.61,0.78,157.14,0.46,43.1,0.46,104.32,0.32,43.67,0.32,129.25,0.41,44.02,0.42,156.81,0.54,43.73,0.56,72.58,0.91,43.84,0.91,295.41,0.18,43.27,0.18,274.41,0.35,44.12,0.36,142.59,-1611,-1500,-1800,43.655,5.92,0 days 00:10:00,True,5,-1616.0,-1611.0,-1608.0,-1613.0,-1615.0,-1613.0,BELOW
2026-08-04 04:00:34,30.13,72.78,0.75,43.73,0.77,161.01,0.84,43.56,0.82,208.99,0.08,42.52,0.08,327.66,0.31,44.36,0.3,158.05,0.79,43.9,0.76,124.29,0.46,43.21,0.47,90.62,0.32,43.96,0.33,131.33,0.41,43.84,0.42,175.98,0.54,43.84,0.56,78.99,0.91,44.3,0.94,234.43,0.18,43.84,0.18,198.61,0.35,43.96,0.36,152.97,-1614,-1500,-1800,43.75166666666667,5.989999999999999,0 days 00:10:00,True,5,-1611.0,-1616.0,-1611.0,-1608.0,-1613.0,-1615.0,BELOW
2026-08-04 04:10:34,30.02,73.33,0.75,43.37,0.78,199.37,0.84,43.73,0.82,195.3,0.08,42.75,0.08,327.66,0.31,44.42,0.31,142.45,0.79,43.84,0.77,146.34,0.46,43.44,0.46,81.87,0.32,43.79,0.31,129.75,0.41,44.02,0.41,155.08,0.54,43.37,0.53,80.92,0.91,44.12,0.9,245.5,0.18,43.73,0.18,210.09,0.35,43.73,0.35,168.87,-1616,-1500,-1800,43.692499999999995,5.9,0 days 00:10:00,True,5,-1614.0,-1611.0,-1616.0,-1611.0,-1608.0,-1613.0,BELOW
2026-08-04 04:20:33,29.97,73.27,0.75,43.67,0.72,184.87,0.84,44.07,0.84,168.37,0.08,42.7,0.08,327.66,0.31,44.42,0.31,176.06,0.79,43.56,0.79,142.2,0.46,43.27,0.47,90.86,0.32,43.84,0.31,119.85,0.41,44.12,0.41,153.76,0.54,43.73,0.53,73.46,0.91,44.07,0.93,259.13,0.18,43.5,0.18,250.78,0.35,44.3,0.35,139.09,-1610,-1500,-1800,43.770833333333336,5.919999999999999,0 days 00:09:59,True,5,-1616.0,-1614.0,-1611.0,-1616.0,-1611.0,-1608.0,TARGET
2026-08-04 04:30:34,30.13,73.0,0.75,43.73,0.77,182.69,0.84,44.12,0.83,191.94,0.08,42.7,0.08,327.66,0.31,44.48,0.32,183.15,0.79,43.56,0.82,147.31,0.46,43.56,0.45,86.86,0.32,44.12,0.32,115.64,0.41,43.84,0.4,157.98,0.54,43.5,0.56,78.47,0.91,44.25,0.88,230.0,0.18,43.67,0.18,195.04,0.35,44.3,0.36,125.43,-1611,-1500,-1800,43.81916666666667,5.97,0 days 00:10:01,True,5,-1610.0,-1616.0,-1614.0,-1611.0,-1616.0,-1611.0,BELOW
2026-08-04 04:40:33,29.91,73.79,0.75,43.37,0.76,196.51,0.84,44.07,0.86,170.43,0.08,42.29,0.08,327.66,0.31,43.84,0.3,227.9,0.79,43.73,0.76,140.23,0.46,43.61,0.47,82.32,0.32,43.9,0.31,124.29,0.41,44.02,0.41,160.42,0.54,43.5,0.55,77.15,0.91,44.19,0.89,259.47,0.18,43.56,0.18,226.42,0.35,43.96,0.34,166.16,-1606,-1500,-1800,43.669999999999995,5.909999999999999,0 days 00:09:59,True,5,-1611.0,-1610.0,-1616.0,-1614.0,-1611.0,-1616.0,TARGET
2026-08-04 04:50:34,29.97,73.55,0.75,43.33,0.74,202.04,0.84,44.19,0.83,177.36,0.08,42.35,0.08,327.66,0.31,43.9,0.32,217.51,0.79,43.79,0.8,137.47,0.46,43.37,0.46,87.06,0.32,43.9,0.32,125.41,0.41,43.56,0.42,186.89,0.54,43.1,0.53,80.28,0.91,44.19,0.9,237.49,0.18,43.56,0.18,230.49,0.35,44.07,0.36,137.0,-1605,-1500,-1800,43.609166666666674,5.94,0 days 00:10:01,True,5,-1606.0,-1611.0,-1610.0,-1616.0,-1614.0,-1611.0,TARGET
2026-08-04 05:00:34,29.97,73.27,0.75,43.84,0.77,174.01,0.84,43.56,0.82,215.79,0.08,42.64,0.08,327.66,0.31,44.48,0.3,174.11,0.79,43.84,0.8,132.23,0.46,43.37,0.45,88.18,0.32,43.44,0.32,153.05,0.41,43.79,0.42,165.29,0.54,43.73,0.56,74.44,0.91,43.84,0.92,283.35,0.18,43.04,0.18,290.75,0.35,44.07,0.34,155.28,-1613,-1500,-1800,43.63666666666668,5.959999999999999,0 days 00:10:00,True,5,-1605.0,-1606.0,-1611.0,-1610.0,-1616.0,-1614.0,BELOW
2026-08-04 05:10:34,29.91,73.64,0.75,43.9,0.78,160.0,0.84,43.61,0.81,223.06,0.08,42.75,0.08,327.66,0.31,44.3,0.32,185.08,0.79,43.5,0.82,148.12,0.46,42.93,0.47,103.89,0.32,43.73,0.32,133.14,0.41,44.12,0.4,155.28,0.54,43.61,0.56,75.97,0.91,44.19,0.89,229.7,0.18,43.56,0.18,203.11,0.35,43.9,0.35,155.28,-1611,-1500,-1800,43.675000000000004,5.9799999999999995,0 days 00:10:00,True,5,-1613.0,-1605.0,-1606.0,-1611.0,-1610.0,-1616.0,BELOW
2026-08-04 05:20:34,29.65,74.13,0.75,43.5,0.75,199.9,0.84,44.12,0.84,177.12,0.08,42.29,0.08,327.66,0.31,44.02,0.3,211.2,0.79,43.73,0.8,134.8,0.46,43.27,0.47,93.85,0.32,44.07,0.31,118.43,0.41,43.9,0.41,190.69,0.54,43.37,0.52,78.15,0.91,44.19,0.91,249.89,0.18,43.61,0.18,212.76,0.35,43.61,0.36,173.1,-1609,-1500,-1800,43.63999999999999,5.930000000000001,0 days 00:10:00,True,5,-1611.0,-1613.0,-1605.0,-1606.0,-1611.0,-1610.0,TARGET
2026-08-04 05:30:33,29.49,75.07,0.75,43.61,0.74,307.32,0.84,43.96,0.83,196.32,0.08,42.46,0.08,327.66,0.31,44.3,0.32,169.25,0.79,44.02,0.81,128.05,0.46,43.56,0.46,83.7,0.32,43.67,0.33,169.1,0.41,43.61,0.41,181.97,0.54,43.21,0.54,83.04,0.91,43.61,0.93,293.85,0.18,43.15,0.18,280.38,0.35,44.07,0.34,160.42,-1602,-1500,-1800,43.6025,5.97,0 days 00:09:59,True,5,-1609.0,-1611.0,-1613.0,-1605.0,-1606.0,-1611.0,TARGET
2026-08-04 05:40:33,29.59,74.64,0.75,43.96,0.76,190.94,0.84,43.67,0.81,213.04,0.08,42.7,0.08,327.66,0.31,44.42,0.32,182.92,0.79,43.67,0.79,147.31,0.46,43.21,0.47,105.54,0.32,43.56,0.32,153.45,0.41,44.02,0.42,156.81,0.54,43.1,0.56,81.44,0.91,43.79,0.88,278.04,0.18,43.15,0.18,297.47,0.35,44.12,0.36,134.37,-1603,-1500,-1800,43.61416666666667,5.95,0 days 00:10:00,True,5,-1602.0,-1609.0,-1611.0,-1613.0,-1605.0,-1606.0,TARGET
2026-08-04 05:50:34,29.43,75.16,0.75,43.96,0.76,185.61,0.84,44.02,0.81,178.7,0.08,42.41,0.08,327.66,0.31,43.9,0.31,217.79,0.79,43.84,0.81,129.92,0.46,42.98,0.45,102.47,0.32,43.9,0.32,126.71,0.41,43.84,0.41,175.98,0.54,43.27,0.55,81.67,0.91,43.73,0.91,295.41,0.18,43.1,0.18,291.15,0.35,44.25,0.35,152.5,-1612,-1500,-1800,43.6,5.94,0 days 00:10:01,True,5,-1603.0,-1602.0,-1609.0,-1611.0,-1613.0,-1605.0,BELOW
2026-08-04 07:10:34,29.97,73.88,0.75,43.79,0.77,163.12,0.84,43.67,0.83,192.33,0.08,42.58,0.08,327.66,0.31,44.3,0.31,169.04,0.79,43.9,0.82,117.96,0.46,43.21,0.47,95.82,0.32,43.67,0.33,138.66,0.41,43.56,0.41,191.82,0.54,43.21,0.56,83.04,0.91,44.12,0.92,241.58,0.18,43.56,0.18,222.76,0.35,43.9,0.34,160.0,-1610,-1500,-1800,43.6225,6.02,0 days 00:10:00,True,6,-1609.0,-1610.0,-1600.0,-1607.0,-1611.0,-1608.0,TARGET
2026-08-04 07:20:34,30.18,73.7,0.75,43.27,0.78,208.15,0.84,43.5,0.86,233.78,0.08,42.46,0.08,327.66,0.31,44.25,0.31,192.19,0.79,43.73,0.76,139.87,0.46,43.1,0.47,98.43,0.32,43.5,0.33,151.56,0.41,44.07,0.4,151.89,0.54,43.61,0.55,79.47,0.91,43.79,0.91,278.04,0.18,43.27,0.18,259.22,0.35,43.84,0.36,167.5,-1606,-1500,-1800,43.5325,5.99,0 days 00:10:00,True,6,-1610.0,-1609.0,-1610.0,-1600.0,-1607.0,-1611.0,TARGET
2026-08-04 07:30:33,30.34,73.45,0.75,43.67,0.78,187.12,0.84,44.07,0.82,170.43,0.08,42.75,0.08,327.66,0.31,44.07,0.3,229.1,0.79,43.67,0.8,147.12,0.46,42.93,0.45,101.57,0.32,44.02,0.33,119.45,0.41,43.96,0.42,185.85,0.54,43.37,0.54,81.99,0.91,44.25,0.91,233.83,0.18,43.56,0.18,197.3,0.35,44.02,0.35,153.37,-1613,-1500,-1800,43.695,5.96,0 days 00:09:59,True,6,-1606.0,-1610.0,-1609.0,-1610.0,-1600.0,-1607.0,BELOW
2026-08-04 07:40:34,30.56,73.21,0.75,43.5,0.77,225.82,0.84,43.84,0.83,201.75,0.08,42.87,0.08,327.66,0.31,44.48,0.31,171.99,0.79,43.44,0.77,152.84,0.46,43.5,0.46,84.62,0.32,43.84,0.31,159.8,0.41,43.79,0.42,165.07,0.54,43.73,0.54,71.47,0.91,44.02,0.94,249.24,0.18,43.44,0.18,241.99,0.35,43.84,0.35,167.72,-1608,-1500,-1800,43.69083333333334,5.959999999999999,0 days 00:10:01,True,6,-1613.0,-1606.0,-1610.0,-1609.0,-1610.0,-1600.0,TARGET
2026-08-04 07:50:34,30.77,72.72,0.75,43.27,0.73,207.87,0.84,43.67,0.84,203.64,0.08,42.58,0.08,327.66,0.31,44.48,0.31,163.99,0.79,43.67,0.8,149.09,0.46,43.33,0.46,101.75,0.32,43.79,0.32,133.33,0.41,43.9,0.4,156.62,0.54,43.27,0.53,80.33,0.91,44.3,0.93,230.29,0.18,43.61,0.18,197.57,0.35,44.12,0.36,152.09,-1612,-1500,-1800,43.665833333333325,5.9399999999999995,0 days 00:10:00,True,6,-1608.0,-1613.0,-1606.0,-1610.0,-1609.0,-1610.0,BELOW
2026-08-04 08:00:34,30.98,72.05,0.75,43.44,0.76,281.12,0.84,44.12,0.87,181.97,0.08,42.18,0.08,327.66,0.31,44.19,0.31,206.06,0.79,44.02,0.76,126.88,0.46,43.33,0.47,92.7,0.32,43.79,0.31,127.38,0.41,43.9,0.41,160.22,0.54,43.21,0.56,81.18,0.91,43.96,0.9,258.13,0.18,43.27,0.18,280.38,0.35,43.96,0.35,158.39,-1614,-1500,-1800,43.61416666666667,5.96,0 days 00:10:00,True,6,-1612.0,-1608.0,-1613.0,-1606.0,-1610.0,-1609.0,BELOW
2026-08-04 08:10:34,31.14,70.92,0.75,43.96,0.77,160.0,0.84,44.36,0.85,173.66,0.08,42.58,0.08,327.66,0.31,44.48,0.3,167.89,0.79,43.56,0.78,140.73,0.46,43.15,0.46,90.14,0.32,43.79,0.31,132.23,0.41,43.67,0.41,184.64,0.54,43.1,0.53,82.32,0.91,43.84,0.89,289.63,0.18,43.33,0.18,298.66,0.35,44.25,0.35,136.03,-1615,-1500,-1800,43.67249999999999,5.909999999999999,0 days 00:10:00,True,6,-1614.0,-1612.0,-1608.0,-1613.0,-1606.0,-1610.0,BELOW
2026-08-04 08:20:34,31.52,69.45,0.75,43.67,0.75,187.12,0.84,43.84,0.85,210.64,0.08,42.64,0.08,327.66,0.31,44.25,0.31,197.61,0.79,43.5,0.8,143.48,0.46,43.27,0.47,90.86,0.32,43.56,0.31,145.37,0.41,44.07,0.41,153.76,0.54,43.67,0.55,79.68,0.91,43.67,0.9,314.72,0.18,43.1,0.18,253.07,0.35,43.9,0.34,160.0,-1611,-1500,-1800,43.595000000000006,5.95,0 days 00:10:00,True,6,-1615.0,-1614.0,-1612.0,-1608.0,-1613.0,-1606.0,BELOW
2026-08-04 08:30:34,31.78,68.69,0.75,43.37,0.78,202.3,0.84,43.67,0.81,170.96,0.08,42.58,0.08,327.66,0.31,44.25,0.31,187.31,0.79,43.73,0.76,128.56,0.46,42.98,0.45,100.95,0.32,44.02,0.31,120.48,0.41,43.96,0.41,167.94,0.54,43.44,0.53,82.48,0.91,44.19,0.94,327.66,0.18,43.61,0.18,288.5,0.35,43.84,0.35,165.5,-1612,-1500,-1800,43.63666666666666,5.91,0 days 00:10:00,True,6,-1611.0,-1615.0,-1614.0,-1612.0,-1608.0,-1613.0,BELOW
2026-08-04 08:40:33,32.05,66.13,0.75,43.61,0.77,179.6,0.84,43.84,0.83,210.92,0.08,42.35,0.08,327.66,0.31,44.25,0.31,200.43,0.79,43.84,0.81,132.39,0.46,43.56,0.46,87.53,0.32,43.84,0.31,131.14,0.41,43.73,0.42,195.55,0.54,43.1,0.53,81.83,0.91,44.12,0.92,263.69,0.18,43.5,0.18,233.78,0.35,43.61,0.35,177.3,-1620,-1500,-1800,43.61250000000001,5.97,0 days 00:09:59,True,6,-1612.0,-1611.0,-1615.0,-1614.0,-1612.0,-1608.0,BELOW
2026-08-04 11:30:34,36.33,57.31,0.75,43.61,0.74,186.89,0.84,44.07,0.86,174.69,0.08,42.75,0.08,327.66,0.31,44.48,0.32,166.12,0.79,43.67,0.77,145.75,0.46,43.04,0.47,96.79,0.32,43.79,0.32,137.47,0.41,43.73,0.42,182.69,0.54,43.1,0.56,79.44,0.91,43.84,0.92,296.19,0.18,43.21,0.18,279.63,0.35,43.67,0.35,175.29,-1637,-1500,-1800,43.580000000000005,5.989999999999999,0 days 00:10:00,True,7,-1640.0,-1642.0,-1640.0,-1632.0,-1633.0,-1625.0,BELOW
2026-08-04 12:00:34,37.02,55.72,0.75,43.79,0.72,272.24,0.84,44.25,0.82,171.32,0.08,42.52,0.08,327.66,0.31,44.53,0.3,164.2,0.79,43.79,0.82,137.47,0.46,43.61,0.45,83.81,0.32,44.02,0.33,114.55,0.41,43.73,0.4,184.64,0.54,43.61,0.53,75.06,0.91,44.02,0.9,258.13,0.18,43.37,0.18,245.65,0.35,43.73,0.36,167.06,-1634,-1500,-1800,43.7475,5.890000000000001,0 days 00:10:00,True,7,-1636.0,-1639.0,-1637.0,-1640.0,-1642.0,-1640.0,BELOW
2026-08-04 12:10:34,37.23,55.26,0.75,43.44,0.78,215.23,0.84,43.67,0.82,239.07,0.08,42.46,0.08,327.66,0.31,43.96,0.32,183.17,0.79,43.61,0.78,147.31,0.46,43.5,0.47,81.61,0.32,43.9,0.31,146.53,0.41,44.12,0.4,128.37,0.54,43.37,0.52,81.5,0.91,44.12,0.93,264.03,0.18,43.56,0.18,233.78,0.35,44.25,0.34,155.48,-1639,-1500,-1800,43.663333333333334,5.93,0 days 00:10:00,True,7,-1634.0,-1636.0,-1639.0,-1637.0,-1640.0,-1642.0,BELOW
2026-08-04 12:20:34,37.18,55.5,0.75,43.27,0.75,211.08,0.84,44.19,0.84,169.25,0.08,42.52,0.08,327.66,0.31,44.12,0.3,208.86,0.79,43.56,0.77,164.42,0.46,43.1,0.47,98.31,0.32,43.96,0.31,122.27,0.41,44.07,0.41,142.59,0.54,43.79,0.55,69.86,0.91,44.07,0.93,264.03,0.18,43.5,0.18,246.31,0.35,44.02,0.35,152.97,-1632,-1500,-1800,43.68083333333334,5.9399999999999995,0 days 00:10:00,True,7,-1639.0,-1634.0,-1636.0,-1639.0,-1637.0,-1640.0,BELOW
2026-08-04 12:30:34,37.66,54.25,0.75,43.73,0.74,182.21,0.84,44.02,0.82,188.36,0.08,42.64,0.08,327.66,0.31,44.12,0.3,197.09,0.79,43.67,0.77,157.36,0.46,43.44,0.45,85.56,0.32,44.02,0.33,121.36,0.41,43.79,0.42,157.98,0.54,43.37,0.53,82.37,0.91,44.3,0.93,242.21,0.18,43.79,0.18,187.62,0.35,44.02,0.35,142.42,-1637,-1500,-1800,43.74250000000001,5.8999999999999995,0 days 00:10:00,True,7,-1632.0,-1639.0,-1634.0,-1636.0,-1639.0,-1637.0,BELOW
2026-08-04 12:40:34,38.03,53.34,0.75,43.37,0.74,205.32,0.84,43.73,0.81,204.18,0.08,42.81,0.08,327.66,0.31,44.19,0.31,189.59,0.79,43.5,0.79,160.37,0.46,43.5,0.45,87.3,0.32,43.73,0.32,145.95,0.41,44.02,0.4,160.42,0.54,43.79,0.54,73.46,0.91,44.07,0.88,259.13,0.18,43.5,0.18,246.31,0.35,44.02,0.35,153.56,-1640,-1500,-1800,43.685833333333335,5.85,0 days 00:10:00,True,7,-1637.0,-1632.0,-1639.0,-1634.0,-1636.0,-1639.0,BELOW
2026-08-04 12:50:34,38.25,52.67,0.75,43.67,0.72,187.37,0.84,43.79,0.83,216.94,0.08,42.87,0.08,327.66,0.31,44.59,0.31,164.41,0.79,43.37,0.82,156.31,0.46,43.21,0.47,97.3,0.32,43.84,0.33,126.38,0.41,43.56,0.42,170.51,0.54,43.67,0.52,76.08,0.91,44.42,0.91,260.49,0.18,43.73,0.18,235.33,0.35,44.3,0.34,135.08,-1638,-1500,-1800,43.75166666666667,5.93,0 days 00:10:00,True,7,-1640.0,-1637.0,-1632.0,-1639.0,-1634.0,-1636.0,BELOW
2026-08-04 14:10:35,40.49,44.82,0.75,44.02,0.75,164.2,0.84,44.36,0.84,185.08,0.08,42.64,0.08,327.66,0.31,44.36,0.31,185.08,0.79,44.19,0.81,124.0,0.46,43.15,0.46,102.88,0.32,44.07,0.33,121.52,0.41,44.12,0.4,159.01,0.54,43.9,0.55,68.9,0.91,44.25,0.94,275.46,0.18,43.5,0.18,237.81,0.35,44.3,0.34,143.53,-1639,-1500,-1800,43.904999999999994,5.99,0 days 00:10:01,True,8,-1640.0,-1638.0,-1641.0,-1642.0,-1643.0,-1633.0,BELOW
2026-08-04 14:20:35,40.44,43.81,0.75,44.02,0.73,162.28,0.84,43.96,0.85,199.12,0.08,42.7,0.08,327.66,0.31,44.25,0.3,203.33,0.79,43.37,0.81,152.84,0.46,43.61,0.46,86.2,0.32,44.02,0.31,127.05,0.41,43.9,0.4,176.21,0.54,43.44,0.53,79.15,0.91,44.25,0.93,233.53,0.18,43.73,0.18,195.04,0.35,43.9,0.35,165.94,-1640,-1500,-1800,43.762499999999996,5.93,0 days 00:10:00,True,8,-1639.0,-1640.0,-1638.0,-1641.0,-1642.0,-1643.0,BELOW
2026-08-04 14:50:34,41.72,41.65,0.75,43.37,0.72,208.43,0.84,44.12,0.87,179.4,0.08,42.46,0.08,327.66,0.31,44.3,0.31,195.11,0.79,44.07,0.79,129.39,0.46,43.15,0.46,97.74,0.32,43.96,0.33,130.44,0.41,43.9,0.4,171.62,0.54,43.96,0.56,73.65,0.91,44.25,0.9,246.14,0.18,43.61,0.18,230.49,0.35,43.96,0.34,154.87,-1636,-1500,-1800,43.75916666666666,5.9399999999999995,0 days 00:10:00,True,8,-1641.0,-1639.0,-1640.0,-1639.0,-1640.0,-1638.0,BELOW
2026-08-04 15:00:34,41.93,41.46,0.75,44.02,0.78,170.43,0.84,43.79,0.83,220.37,0.08,43.04,0.08,327.66,0.31,44.12,0.32,199.9,0.79,44.19,0.76,126.23,0.46,43.44,0.46,90.62,0.32,43.79,0.33,137.28,0.41,43.73,0.41,182.45,0.54,43.84,0.53,69.51,0.91,44.48,0.88,276.16,0.18,43.84,0.18,223.94,0.35,43.9,0.35,174.01,-1643,-1500,-1800,43.848333333333336,5.909999999999999,0 days 00:10:00,True,8,-1636.0,-1641.0,-1639.0,-1640.0,-1639.0,-1640.0,BELOW
2026-08-04 15:10:35,42.15,40.73,0.75,43.61,0.74,300.63,0.84,43.96,0.83,196.58,0.08,42.64,0.08,327.66,0.31,44.71,0.3,166.76,0.79,43.5,0.81,151.76,0.46,43.33,0.47,93.97,0.32,43.61,0.31,150.31,0.41,44.12,0.4,150.47,0.54,43.73,0.53,75.04,0.91,44.25,0.88,230.0,0.18,43.79,0.18,187.37,0.35,44.12,0.35,149.06,-1642,-1500,-1800,43.780833333333334,5.879999999999999,0 days 00:10:01,True,8,-1643.0,-1636.0,-1641.0,-1639.0,-1640.0,-1639.0,BELOW
2026-08-04 15:20:35,42.47,40.94,0.75,43.56,0.77,194.78,0.84,43.84,0.86,213.6,0.08,42.46,0.08,327.66,0.31,44.3,0.3,184.84,0.79,44.02,0.76,131.5,0.46,43.15,0.45,104.45,0.32,44.07,0.32,115.5,0.41,44.12,0.41,161.05,0.54,43.56,0.54,76.83,0.91,44.42,0.91,287.44,0.18,43.79,0.18,204.18,0.35,44.42,0.36,137.89,-1640,-1500,-1800,43.80916666666667,5.94,0 days 00:10:00,True,8,-1642.0,-1643.0,-1636.0,-1641.0,-1639.0,-1640.0,BELOW
2026-08-04 15:30:35,43.22,39.36,0.75,43.96,0.76,168.16,0.84,44.3,0.81,178.06,0.08,42.7,0.08,327.66,0.31,44.02,0.3,211.75,0.79,43.79,0.79,136.12,0.46,43.61,0.46,83.81,0.32,43.96,0.31,162.08,0.41,43.9,0.41,178.47,0.54,43.67,0.54,80.97,0.91,44.25,0.9,255.09,0.18,43.61,0.18,234.4,0.35,44.3,0.36,130.06,-1639,-1500,-1800,43.839166666666664,5.900000000000001,0 days 00:10:00,True,8,-1640.0,-1642.0,-1643.0,-1636.0,-1641.0,-1639.0,BELOW
2026-08-04 15:50:34,44.55,37.98,0.75,43.9,0.78,169.76,0.84,43.73,0.83,216.65,0.08,42.46,0.08,327.66,0.31,44.48,0.3,178.75,0.79,43.67,0.82,147.5,0.46,43.33,0.46,95.4,0.32,43.73,0.32,128.22,0.41,44.02,0.4,188.61,0.54,43.27,0.56,84.8,0.91,44.42,0.88,230.6,0.18,43.84,0.18,207.23,0.35,44.12,0.35,159.22,-1636,-1500,-1800,43.7475,5.959999999999999,0 days 00:10:00,True,8,-1639.0,-1639.0,-1640.0,-1642.0,-1643.0,-1636.0,BELOW
2026-08-04 16:00:34,44.55,38.26,0.75,43.9,0.76,169.76,0.84,43.96,0.85,190.94,0.08,42.98,0.08,327.66,0.31,44.19,0.32,199.9,0.79,43.79,0.78,138.84,0.46,43.27,0.45,95.15,0.32,43.67,0.31,144.62,0.41,44.07,0.42,162.5,0.54,43.5,0.55,79.26,0.91,43.9,0.89,303.01,0.18,43.04,0.18,298.26,0.35,44.12,0.35,138.55,-1637,-1500,-1800,43.69916666666666,5.9399999999999995,0 days 00:10:00,True,8,-1636.0,-1639.0,-1639.0,-1640.0,-1642.0,-1643.0,BELOW
2026-08-04 16:10:34,44.82,37.28,0.75,43.96,0.76,162.08,0.84,44.19,0.86,179.64,0.08,42.58,0.08,327.66,0.31,44.65,0.3,179.21,0.79,43.96,0.79,138.0,0.46,42.98,0.47,97.35,0.32,44.02,0.32,135.5,0.41,44.12,0.42,148.87,0.54,43.9,0.53,72.11,0.91,44.12,0.91,259.47,0.18,43.5,0.18,255.76,0.35,44.42,0.34,136.56,-1641,-1500,-1800,43.86666666666667,5.959999999999999,0 days 00:10:00,True,8,-1637.0,-1636.0,-1639.0,-1639.0,-1640.0,-1642.0,BELOW
2026-08-04 16:20:35,44.77,36.79,0.75,43.84,0.77,167.5,0.84,43.84,0.82,201.22,0.08,42.87,0.08,327.66,0.31,44.07,0.3,218.65,0.79,44.12,0.81,137.19,0.46,43.44,0.46,95.0,0.32,44.07,0.33,121.36,0.41,44.36,0.41,151.25,0.54,43.9,0.52,72.4,0.91,44.48,0.91,239.03,0.18,43.84,0.18,195.81,0.35,43.9,0.35,169.76,-1635,-1500,-1800,43.89416666666667,5.9399999999999995,0 days 00:10:01,True,8,-1641.0,-1637.0,-1636.0,-1639.0,-1639.0,-1640.0,BELOW
2026-08-04 16:30:35,43.7,41.62,0.75,43.44,0.74,196.78,0.84,44.36,0.85,173.66,0.08,42.64,0.08,327.66,0.31,44.59,0.32,172.43,0.79,43.67,0.8,144.25,0.46,43.56,0.45,85.14,0.32,44.25,0.32,117.89,0.41,43.9,0.42,167.72,0.54,43.1,0.53,76.97,0.91,44.42,0.93,238.72,0.18,43.84,0.18,204.18,0.35,44.07,0.36,168.37,-1640,-1500,-1800,43.82,5.9799999999999995,0 days 00:10:00,True,8,-1635.0,-1641.0,-1637.0,-1636.0,-1639.0,-1639.0,BELOW
2026-08-04 16:40:35,43.22,42.93,0.75,43.5,0.78,218.94,0.84,43.79,0.87,220.37,0.08,42.52,0.08,327.66,0.31,44.19,0.3,203.07,0.79,44.07,0.78,139.75,0.46,43.79,0.45,87.2,0.32,43.79,0.33,147.7,0.41,44.25,0.42,156.09,0.54,43.5,0.55,79.83,0.91,44.65,0.94,262.18,0.18,43.67,0.18,227.01,0.35,44.36,0.34,139.27,-1634,-1500,-1800,43.84,6.02,0 days 00:10:00,True,8,-1640.0,-1635.0,-1641.0,-1637.0,-1636.0,-1639.0,BELOW
2026-08-04 16:50:35,41.83,48.15,0.75,43.9,0.77,180.79,0.84,44.42,0.85,167.46,0.08,42.87,0.08,327.66,0.31,44.48,0.31,180.57,0.79,44.07,0.82,116.31,0.46,43.33,0.45,98.84,0.32,44.07,0.31,123.67,0.41,43.67,0.4,173.1,0.54,43.9,0.52,74.74,0.91,44.19,0.94,291.91,0.18,43.56,0.18,265.6,0.35,44.42,0.36,131.62,-1643,-1500,-1800,43.906666666666666,5.989999999999999,0 days 00:10:00,True,8,-1634.0,-1640.0,-1635.0,-1641.0,-1637.0,-1636.0,BELOW
2026-08-04 23:10:35,29.22,87.68,0.75,43.67,0.75,184.39,0.84,43.9,0.81,182.93,0.08,42.75,0.08,327.66,0.31,44.36,0.32,187.31,0.79,43.67,0.8,139.87,0.46,43.15,0.46,95.15,0.32,44.02,0.31,110.77,0.41,43.37,0.4,179.12,0.54,43.33,0.55,77.61,0.91,44.25,0.9,237.79,0.18,43.61,0.18,203.64,0.35,43.56,0.34,151.97,-1645,-1500,-1800,43.63666666666666,5.9,0 days 00:10:00,True,8,-1649.0,-1647.0,-1651.0,-1654.0,-1652.0,-1648.0,BELOW
2026-08-04 23:20:35,29.33,85.57,0.75,43.61,0.78,189.7,0.84,43.5,0.81,209.26,0.18,43.56,0.18,212.76,0.31,44.3,0.31,200.69,0.79,43.9,0.78,115.85,0.46,43.37,0.47,79.51,0.32,43.5,0.33,149.92,0.41,43.79,0.4,159.8,0.54,43.61,0.55,74.04,0.91,43.96,0.92,263.0,0.18,43.33,0.18,264.19,0.35,43.79,0.34,159.8,-1639,-1500,-1800,43.685,6.05,0 days 00:10:00,True,8,-1645.0,-1649.0,-1647.0,-1651.0,-1654.0,-1652.0,BELOW
2026-08-04 23:50:35,29.27,88.65,0.75,43.73,0.73,163.12,0.91,44.19,0.94,245.82,0.08,42.7,0.08,327.66,0.31,44.42,0.31,171.76,0.79,43.9,0.77,116.82,0.46,43.5,0.47,80.65,0.32,43.44,0.31,154.76,0.41,43.79,0.42,167.28,0.54,43.27,0.55,79.65,0.91,44.02,0.91,244.86,0.18,43.44,0.18,254.75,0.35,44.25,0.36,138.91,-1634,-1500,-1800,43.72083333333334,6.03,0 days 00:10:00,True,8,-1640.0,-1639.0,-1639.0,-1645.0,-1649.0,-1647.0,BELOW
2026-08-05 00:00:35,29.33,86.95,0.75,43.79,0.75,178.24,0.84,43.84,0.82,195.55,0.08,42.35,0.08,327.66,0.31,44.42,0.3,171.76,0.79,43.37,0.81,151.17,0.46,42.93,0.47,101.57,0.32,43.79,0.31,128.56,0.41,44.12,0.4,157.23,0.54,43.37,0.56,81.99,0.91,43.84,0.94,262.31,0.18,43.21,0.18,274.04,0.35,44.07,0.35,118.28,-1631,-1500,-1800,43.59166666666667,5.969999999999999,0 days 00:10:00,True,8,-1634.0,-1640.0,-1639.0,-1639.0,-1645.0,-1649.0,BELOW
2026-08-05 00:10:35,29.01,88.93,0.75,43.67,0.77,166.84,0.84,44.02,0.87,176.67,0.08,42.41,0.08,327.66,0.31,44.25,0.32,170.87,0.79,43.61,0.8,138.28,0.46,43.21,0.46,91.96,0.32,44.02,0.31,118.28,0.41,44.12,0.41,150.47,0.54,43.67,0.53,74.04,0.91,44.07,0.91,279.5,0.18,43.37,0.18,250.45,0.35,43.84,0.34,147.7,-1632,-1500,-1800,43.68833333333333,5.9799999999999995,0 days 00:10:00,True,8,-1631.0,-1634.0,-1640.0,-1639.0,-1639.0,-1645.0,BELOW
2026-08-05 00:20:35,29.01,86.85,0.75,43.67,0.78,166.4,0.84,44.07,0.81,176.9,0.08,42.29,0.08,327.66,0.31,44.25,0.32,175.37,0.79,44.07,0.81,120.89,0.46,43.5,0.45,84.62,0.32,44.02,0.32,125.74,0.41,43.9,0.42,167.72,0.54,43.56,0.54,76.4,0.91,44.36,0.91,223.28,0.18,43.73,0.18,210.37,0.35,43.73,0.35,165.07,-1628,-1500,-1800,43.762499999999996,5.97,0 days 00:10:00,True,8,-1632.0,-1631.0,-1634.0,-1640.0,-1639.0,-1639.0,BELOW
2026-08-05 00:30:35,29.06,88.47,0.75,43.44,0.74,188.7,0.84,43.96,0.84,210.64,0.18,43.15,0.18,291.15,0.31,44.36,0.31,182.92,0.79,43.96,0.79,127.88,0.46,43.5,0.45,86.75,0.32,43.84,0.31,129.92,0.41,43.61,0.41,194.78,0.54,43.61,0.56,74.65,0.91,44.19,0.92,233.53,0.18,43.56,0.18,226.42,0.35,44.02,0.34,156.81,-1633,-1500,-1800,43.76666666666667,6.029999999999999,0 days 00:10:00,True,8,-1628.0,-1632.0,-1631.0,-1634.0,-1640.0,-1639.0,BELOW
2026-08-05 00:40:35,29.01,86.37,0.54,43.04,0.53,82.82,0.84,43.84,0.81,182.93,0.08,42.35,0.08,327.66,0.35,43.67,0.34,177.76,0.79,43.61,0.78,135.58,0.46,43.21,0.45,91.47,0.32,43.67,0.33,153.45,0.41,44.07,0.41,150.08,0.54,43.96,0.54,71.47,0.91,44.12,0.93,245.18,0.18,43.5,0.18,222.18,0.35,44.12,0.35,138.55,-1626,-1500,-1800,43.596666666666664,5.7299999999999995,0 days 00:10:00,True,8,-1633.0,-1628.0,-1632.0,-1631.0,-1634.0,-1640.0,BELOW
2026-08-05 00:50:35,28.95,88.65,0.75,43.27,0.76,211.08,0.84,43.33,0.84,196.26,0.08,42.64,0.08,327.66,0.31,43.96,0.32,214.44,0.79,43.33,0.76,154.36,0.46,42.93,0.46,100.68,0.32,43.96,0.33,120.0,0.41,43.61,0.4,181.73,0.54,43.56,0.54,77.04,0.91,44.25,0.88,219.22,0.18,43.56,0.18,191.82,0.35,44.12,0.35,145.95,-1619,-1500,-1800,43.54333333333333,5.8999999999999995,0 days 00:10:00,True,8,-1626.0,-1633.0,-1628.0,-1632.0,-1631.0,-1634.0,BELOW
2026-08-05 01:00:35,28.95,86.88,0.75,43.56,0.72,157.14,0.91,43.79,0.94,283.35,0.08,42.64,0.08,327.66,0.31,44.42,0.31,188.04,0.79,43.84,0.77,127.38,0.46,43.44,0.46,87.06,0.32,43.56,0.32,154.98,0.41,43.84,0.42,157.98,0.54,43.67,0.55,67.12,0.91,44.02,0.94,244.54,0.18,43.44,0.18,225.82,0.35,44.02,0.35,149.87,-1624,-1500,-1800,43.68666666666667,6.039999999999999,0 days 00:10:00,True,8,-1619.0,-1626.0,-1633.0,-1628.0,-1632.0,-1631.0,BELOW
2026-08-05 01:10:34,29.06,85.63,0.75,43.67,0.73,213.32,0.84,43.56,0.81,219.23,0.08,42.52,0.08,327.66,0.31,44.3,0.3,185.08,0.79,43.44,0.77,151.17,0.46,42.98,0.45,102.34,0.32,43.79,0.32,122.87,0.41,43.96,0.4,156.81,0.54,43.5,0.54,74.15,0.91,44.3,0.92,238.11,0.18,43.73,0.18,213.32,0.35,44.42,0.35,111.78,-1617,-1500,-1800,43.68083333333334,5.85,0 days 00:09:59,True,8,-1624.0,-1619.0,-1626.0,-1633.0,-1628.0,-1632.0,BELOW
2026-08-05 01:20:35,28.9,88.62,0.75,43.84,0.77,163.56,0.84,44.25,0.84,179.87,0.08,42.29,0.08,327.66,0.31,44.42,0.31,173.66,0.79,43.67,0.81,127.04,0.46,43.27,0.45,84.68,0.32,43.84,0.33,126.55,0.41,43.5,0.41,197.3,0.54,43.1,0.55,79.9,0.91,44.12,0.89,269.46,0.18,43.44,0.18,237.81,0.35,44.02,0.36,140.8,-1624,-1500,-1800,43.646666666666675,5.9799999999999995,0 days 00:10:01,True,8,-1617.0,-1624.0,-1619.0,-1626.0,-1633.0,-1628.0,BELOW
2026-08-05 02:40:35,28.95,85.6,0.75,43.61,0.74,166.4,0.84,43.79,0.82,207.23,0.08,42.35,0.08,327.66,0.31,44.25,0.31,182.21,0.79,43.37,0.77,160.17,0.46,42.81,0.47,103.75,0.32,44.02,0.32,111.64,0.41,44.02,0.4,158.39,0.54,43.33,0.54,76.75,0.91,43.96,0.91,236.25,0.18,43.5,0.18,221.87,0.35,43.84,0.36,178.24,-1610,-1500,-1800,43.570833333333326,5.9,0 days 00:10:00,True,9,-1616.0,-1610.0,-1618.0,-1618.0,-1620.0,-1616.0,TARGET
2026-08-05 02:50:35,28.9,86.55,0.75,43.67,0.77,161.01,0.84,43.96,0.84,181.01,0.08,42.64,0.08,327.66,0.31,44.3,0.32,167.01,0.79,43.9,0.8,117.96,0.46,43.5,0.46,80.65,0.32,43.84,0.33,129.92,0.41,43.84,0.42,167.5,0.54,42.87,0.56,76.79,0.91,44.25,0.94,222.7,0.18,43.61,0.18,206.4,0.35,43.96,0.35,135.33,-1611,-1500,-1800,43.695000000000014,6.049999999999999,0 days 00:10:00,True,9,-1610.0,-1616.0,-1610.0,-1618.0,-1618.0,-1620.0,BELOW
2026-08-05 03:00:35,28.9,88.69,0.75,43.44,0.77,167.99,0.84,43.96,0.82,172.08,0.08,42.41,0.08,327.66,0.31,44.36,0.31,169.47,0.79,43.73,0.82,138.66,0.46,43.15,0.46,92.7,0.32,43.9,0.32,121.95,0.41,43.73,0.41,178.0,0.54,43.37,0.56,73.96,0.91,43.79,0.92,295.01,0.18,43.33,0.18,274.41,0.35,44.19,0.34,125.1,-1616,-1500,-1800,43.61333333333334,5.989999999999999,0 days 00:10:00,True,9,-1611.0,-1610.0,-1616.0,-1610.0,-1618.0,-1618.0,BELOW
2026-08-05 04:20:34,28.53,88.5,0.75,43.44,0.73,205.6,0.84,43.67,0.83,251.78,0.18,42.98,0.18,186.7,0.31,44.12,0.31,191.69,0.79,43.56,0.8,145.37,0.46,42.93,0.47,95.98,0.32,43.9,0.32,138.0,0.41,44.19,0.42,168.82,0.54,43.1,0.53,84.35,0.91,43.79,0.91,272.24,0.18,43.73,0.18,195.3,0.35,44.07,0.35,157.03,-1601,-1500,-1800,43.623333333333335,6.029999999999999,0 days 00:09:59,True,10,-1604.0,-1600.0,-1609.0,-1605.0,-1602.0,-1603.0,TARGET
2026-08-05 04:30:36,28.58,88.5,0.75,43.44,0.77,199.9,0.84,43.84,0.86,204.72,0.08,42.64,0.08,327.66,0.35,43.56,0.35,260.59,0.79,43.9,0.78,114.1,0.46,43.5,0.47,80.18,0.32,44.02,0.32,112.56,0.41,43.67,0.42,192.33,0.79,43.84,0.78,128.56,0.91,44.3,0.93,226.58,0.18,43.67,0.18,189.7,0.35,43.61,0.36,223.06,-1599,-1500,-1800,43.66583333333333,6.3,0 days 00:10:02,True,10,-1601.0,-1604.0,-1600.0,-1609.0,-1605.0,-1602.0,TARGET
2026-08-05 04:40:35,28.58,88.29,0.75,43.9,0.77,163.99,0.91,43.79,0.94,247.61,0.08,42.58,0.08,327.66,0.31,44.42,0.3,178.29,0.79,44.02,0.78,236.87,0.46,43.33,0.46,81.76,0.32,43.79,0.33,113.95,0.41,44.02,0.41,160.22,0.54,43.44,0.52,77.04,0.91,44.19,0.89,250.21,0.18,43.21,0.18,285.46,0.35,44.19,0.35,132.19,-1603,-1500,-1800,43.74,6.009999999999999,0 days 00:09:59,True,10,-1599.0,-1601.0,-1604.0,-1600.0,-1609.0,-1605.0,TARGET
2026-08-05 04:50:36,28.85,87.04,0.75,43.44,0.78,194.26,0.84,43.67,0.86,198.09,0.08,42.35,0.08,327.66,0.31,44.12,0.3,197.35,0.79,43.44,0.78,154.76,0.46,42.98,0.47,102.47,0.32,43.56,0.31,150.12,0.41,43.84,0.41,175.98,0.54,43.1,0.55,81.83,0.91,43.73,0.88,301.44,0.18,43.73,0.18,198.09,0.35,44.25,0.36,124.16,-1604,-1500,-1800,43.517500000000005,5.96,0 days 00:10:01,True,10,-1603.0,-1599.0,-1601.0,-1604.0,-1600.0,-1609.0,TARGET
2026-08-05 05:00:35,28.9,86.98,0.75,43.37,0.75,214.95,0.84,44.25,0.84,215.85,0.08,42.29,0.08,327.66,0.31,44.02,0.3,214.44,0.79,43.5,0.78,151.56,0.46,43.5,0.47,87.41,0.32,44.02,0.31,122.11,0.41,43.9,0.41,158.19,0.54,43.67,0.54,74.75,0.91,44.19,0.94,327.66,0.18,43.56,0.18,230.19,0.35,43.73,0.35,173.55,-1601,-1500,-1800,43.666666666666664,5.949999999999999,0 days 00:09:59,True,10,-1604.0,-1603.0,-1599.0,-1601.0,-1604.0,-1600.0,TARGET
2026-08-05 05:10:35,28.85,87.92,0.75,43.61,0.75,179.84,0.84,43.79,0.82,213.87,0.08,42.58,0.08,327.66,0.31,44.48,0.32,201.73,0.79,43.5,0.8,153.25,0.46,43.21,0.45,96.49,0.32,43.79,0.31,136.12,0.41,44.12,0.4,147.3,0.54,43.21,0.53,78.74,0.91,43.84,0.94,267.0,0.18,43.1,0.18,327.66,0.35,44.3,0.36,141.72,-1593,-1500,-1800,43.6275,5.94,0 days 00:10:00,True,10,-1601.0,-1604.0,-1603.0,-1599.0,-1601.0,-1604.0,TARGET
2026-08-05 05:20:35,28.85,88.14,0.75,43.73,0.73,184.87,0.84,43.61,0.86,206.4,0.08,42.18,0.08,327.66,0.31,44.36,0.31,203.6,0.79,43.73,0.8,133.14,0.46,43.27,0.45,89.55,0.32,43.84,0.32,127.38,0.41,43.96,0.42,156.41,0.54,43.1,0.55,77.1,0.91,44.07,0.9,244.86,0.18,43.56,0.18,194.26,0.35,43.79,0.35,147.7,-1597,-1500,-1800,43.6,5.95,0 days 00:10:00,True,10,-1593.0,-1601.0,-1604.0,-1603.0,-1599.0,-1601.0,TARGET
2026-08-05 05:30:35,28.85,85.72,0.75,43.27,0.77,192.99,0.84,43.37,0.85,193.76,0.08,42.46,0.08,327.66,0.31,43.84,0.31,201.48,0.79,43.9,0.77,119.13,0.46,43.44,0.46,80.18,0.32,44.02,0.31,111.64,0.41,43.56,0.41,181.73,0.54,43.44,0.56,70.9,0.91,44.07,0.9,249.56,0.18,43.44,0.18,250.12,0.35,44.12,0.36,170.43,-1603,-1500,-1800,43.57749999999999,5.960000000000001,0 days 00:10:00,True,10,-1597.0,-1593.0,-1601.0,-1604.0,-1603.0,-1599.0,TARGET
2026-08-05 05:40:36,28.95,87.59,0.75,43.44,0.74,194.01,0.84,44.07,0.83,244.86,0.08,42.24,0.08,327.66,0.31,44.12,0.32,205.79,0.79,43.9,0.79,136.64,0.46,43.67,0.45,80.97,0.32,43.84,0.31,118.82,0.41,43.67,0.42,177.76,0.54,43.37,0.55,77.72,0.91,43.56,0.89,276.22,0.18,43.33,0.18,285.84,0.35,43.9,0.35,143.31,-1589,-1500,-1800,43.5925,5.909999999999999,0 days 00:10:01,True,10,-1603.0,-1597.0,-1593.0,-1601.0,-1604.0,-1603.0,ABOVE
2026-08-05 05:50:36,29.17,84.5,0.75,43.15,0.74,190.05,0.84,43.5,0.83,208.99,0.08,42.35,0.08,327.66,0.31,43.9,0.31,217.79,0.79,43.79,0.78,129.59,0.46,43.33,0.47,85.75,0.32,43.37,0.31,159.95,0.41,43.56,0.4,181.97,0.54,43.04,0.56,82.71,0.91,44.19,0.9,259.47,0.18,43.56,0.18,215.51,0.35,43.73,0.35,169.1,-1599,-1500,-1800,43.45583333333334,5.91,0 days 00:10:00,True,10,-1589.0,-1603.0,-1597.0,-1593.0,-1601.0,-1604.0,TARGET
2026-08-05 06:00:35,29.01,85.33,0.75,43.33,0.72,205.04,0.84,43.67,0.83,213.04,0.08,42.64,0.08,327.66,0.31,44.42,0.31,171.76,0.79,43.37,0.77,159.95,0.46,42.93,0.47,106.18,0.32,43.84,0.32,142.05,0.41,43.84,0.41,267.35,0.54,43.56,0.52,74.35,0.91,43.84,0.93,262.31,0.18,43.5,0.18,229.89,0.35,44.02,0.36,140.98,-1595,-1500,-1800,43.580000000000005,5.8999999999999995,0 days 00:09:59,True,10,-1599.0,-1589.0,-1603.0,-1597.0,-1593.0,-1601.0,TARGET
2026-08-05 06:10:35,28.74,87.92,0.75,43.79,0.75,163.34,0.84,43.27,0.84,214.37,0.08,42.7,0.08,327.66,0.31,44.42,0.3,163.76,0.79,43.15,0.79,145.56,0.46,43.27,0.45,100.15,0.32,43.44,0.31,151.37,0.41,43.67,0.42,177.76,0.54,43.21,0.53,82.54,0.91,43.96,0.93,263.34,0.18,43.04,0.18,284.32,0.35,44.02,0.36,145.58,-1588,-1500,-1800,43.495000000000005,5.9399999999999995,0 days 00:10:00,True,10,-1595.0,-1599.0,-1589.0,-1603.0,-1597.0,-1593.0,ABOVE
2026-08-05 06:20:35,28.63,87.4,0.75,43.73,0.75,163.12,0.84,43.56,0.85,203.37,0.08,42.52,0.08,327.66,0.31,44.42,0.32,163.76,0.79,43.61,0.77,144.06,0.46,42.87,0.46,103.11,0.32,43.84,0.33,136.48,0.41,43.73,0.41,187.37,0.54,43.1,0.55,90.5,0.91,44.3,0.93,226.58,0.18,43.61,0.18,226.71,0.35,43.67,0.36,165.07,-1593,-1500,-1800,43.58000000000001,5.99,0 days 00:10:00,True,10,-1588.0,-1595.0,-1599.0,-1589.0,-1603.0,-1597.0,TARGET
2026-08-05 06:30:35,28.85,85.18,0.75,43.79,0.76,150.91,0.84,44.02,0.87,176.9,0.08,42.35,0.08,327.66,0.31,44.12,0.3,191.44,0.79,43.67,0.77,168.87,0.46,43.1,0.46,95.68,0.32,43.56,0.33,146.92,0.41,44.07,0.4,142.59,0.54,43.15,0.54,95.82,0.91,44.3,0.88,222.99,0.18,43.21,0.18,274.04,0.35,44.12,0.36,141.34,-1594,-1500,-1800,43.62166666666666,5.93,0 days 00:10:00,True,10,-1593.0,-1588.0,-1595.0,-1599.0,-1589.0,-1603.0,TARGET
2026-08-05 06:40:36,28.95,85.88,0.75,43.5,0.75,186.15,0.84,44.02,0.82,186.34,0.18,43.33,0.18,228.67,0.35,43.96,0.35,146.53,0.79,43.5,0.82,154.98,0.46,42.98,0.45,102.61,0.32,43.61,0.31,144.25,0.41,43.84,0.41,171.62,0.54,43.73,0.55,73.36,0.91,43.9,0.91,267.71,0.18,43.15,0.18,285.46,0.35,43.84,0.34,174.01,-1602,-1500,-1800,43.61333333333334,6.069999999999999,0 days 00:10:01,True,10,-1594.0,-1593.0,-1588.0,-1595.0,-1599.0,-1589.0,TARGET
2026-08-05 06:50:36,29.06,85.36,0.54,43.44,0.55,76.85,0.84,44.07,0.83,170.21,0.08,42.64,0.08,327.66,0.31,44.42,0.31,299.29,0.79,43.5,0.8,153.45,0.46,43.1,0.47,105.12,0.32,43.79,0.31,128.56,0.41,44.02,0.4,153.37,0.54,43.67,0.52,71.75,0.91,44.25,0.94,250.54,0.18,43.61,0.18,186.89,0.35,43.67,0.35,227.31,-1600,-1500,-1800,43.68166666666667,5.739999999999998,0 days 00:10:00,True,10,-1602.0,-1594.0,-1593.0,-1588.0,-1595.0,-1599.0,TARGET
2026-08-05 07:00:36,29.17,84.41,0.75,43.9,0.77,176.21,0.91,43.9,0.88,244.22,0.08,42.64,0.08,327.66,0.31,44.36,0.32,190.33,0.79,43.67,0.78,138.48,0.46,43.33,0.46,90.25,0.32,44.02,0.31,114.39,0.41,44.07,0.41,151.7,0.54,43.67,0.53,67.54,0.91,44.36,0.88,250.86,0.18,43.33,0.18,280.75,0.35,44.12,0.34,135.86,-1594,-1500,-1800,43.780833333333334,5.9399999999999995,0 days 00:10:00,True,10,-1600.0,-1602.0,-1594.0,-1593.0,-1588.0,-1595.0,TARGET
2026-08-05 07:10:35,29.17,87.13,0.75,43.79,0.73,175.75,0.84,44.12,0.81,166.37,0.08,42.29,0.08,327.66,0.31,43.96,0.31,258.13,0.79,43.9,0.77,122.11,0.46,43.44,0.47,82.48,0.32,43.73,0.31,135.94,0.41,43.9,0.42,160.22,0.54,43.67,0.52,72.87,0.91,43.96,0.88,284.47,0.18,43.73,0.18,197.83,0.35,43.73,0.35,154.06,-1595,-1500,-1800,43.685,5.829999999999999,0 days 00:09:59,True,10,-1594.0,-1600.0,-1602.0,-1594.0,-1593.0,-1588.0,TARGET
2026-08-05 07:20:35,29.33,86.06,0.75,43.33,0.74,205.04,0.84,44.12,0.85,179.64,0.08,42.35,0.08,327.66,0.31,44.02,0.31,204.98,0.79,43.84,0.79,131.14,0.46,43.15,0.46,93.21,0.32,44.02,0.31,112.41,0.41,44.12,0.4,157.23,0.54,43.27,0.52,80.22,0.91,44.12,0.92,254.43,0.18,43.73,0.18,282.97,0.35,44.19,0.36,126.23,-1594,-1500,-1800,43.68833333333333,5.92,0 days 00:10:00,True,10,-1595.0,-1594.0,-1600.0,-1602.0,-1594.0,-1593.0,TARGET
2026-08-05 07:30:35,29.38,85.69,0.75,43.37,0.76,196.51,0.84,43.73,0.84,216.09,0.08,42.7,0.08,327.66,0.31,44.65,0.3,170.35,0.79,43.9,0.81,121.95,0.46,43.5,0.46,81.03,0.32,44.02,0.33,108.05,0.41,43.67,0.4,192.33,0.54,43.44,0.52,86.2,0.91,43.79,0.93,301.82,0.18,43.37,0.18,250.12,0.35,44.25,0.36,140.3,-1603,-1500,-1800,43.69916666666668,5.97,0 days 00:10:00,True,10,-1594.0,-1595.0,-1594.0,-1600.0,-1602.0,-1594.0,TARGET
2026-08-05 07:40:35,29.49,85.85,0.75,43.96,0.74,160.22,0.84,43.73,0.85,203.64,0.08,42.7,0.08,327.66,0.31,44.48,0.32,174.11,0.79,43.9,0.8,125.25,0.46,43.5,0.45,85.03,0.32,43.9,0.32,126.55,0.41,43.84,0.42,163.34,0.54,43.21,0.56,82.05,0.91,44.25,0.93,233.53,0.18,43.56,0.18,219.23,0.35,43.84,0.34,169.54,-1598,-1500,-1800,43.73916666666667,5.989999999999999,0 days 00:10:00,True,10,-1603.0,-1594.0,-1595.0,-1594.0,-1600.0,-1602.0,TARGET
2026-08-05 07:50:35,29.59,84.69,0.75,43.79,0.72,167.5,0.84,44.25,0.87,171.1,0.08,42.58,0.08,327.66,0.31,44.12,0.32,215.57,0.79,43.79,0.76,133.67,0.46,43.37,0.46,89.32,0.32,43.96,0.31,96.8,0.41,43.84,0.41,140.23,0.54,43.67,0.56,70.29,0.91,44.36,0.92,226.87,0.18,43.21,0.18,279.25,0.35,44.07,0.35,138.55,-1605,-1500,-1800,43.75083333333333,5.9399999999999995,0 days 00:10:00,True,10,-1598.0,-1603.0,-1594.0,-1595.0,-1594.0,-1600.0,TARGET
2026-08-05 08:00:36,30.02,83.56,0.75,43.56,0.77,197.3,0.84,44.12,0.83,181.73,0.18,43.5,0.18,205.87,0.35,43.73,0.35,138.66,0.79,44.07,0.76,117.43,0.46,43.44,0.45,94.35,0.32,43.61,0.31,155.39,0.41,43.56,0.42,184.15,0.54,43.73,0.55,68.29,0.91,44.3,0.88,216.12,0.18,43.27,0.18,190.31,0.35,43.79,0.34,166.84,-1603,-1500,-1800,43.72333333333333,6.02,0 days 00:10:01,True,10,-1605.0,-1598.0,-1603.0,-1594.0,-1595.0,-1594.0,TARGET
2026-08-05 08:10:36,30.56,83.16,0.54,43.61,0.56,73.17,0.84,43.79,0.87,204.18,0.08,42.46,0.08,327.66,0.31,44.42,0.3,161.67,0.79,43.44,0.81,156.53,0.46,42.98,0.47,104.04,0.32,43.73,0.31,129.42,0.41,44.07,0.42,162.7,0.54,43.79,0.52,75.04,0.91,44.19,0.93,233.83,0.18,43.67,0.18,187.12,0.35,43.79,0.35,128.39,-1611,-1500,-1800,43.66166666666667,5.799999999999999,0 days 00:10:00,True,10,-1603.0,-1605.0,-1598.0,-1603.0,-1594.0,-1595.0,BELOW
2026-08-05 08:20:35,30.34,82.7,0.75,43.79,0.76,152.56,0.91,44.25,0.9,226.58,0.08,42.64,0.08,327.66,0.31,44.19,0.31,200.43,0.79,43.67,0.79,138.28,0.46,43.44,0.46,90.5,0.32,43.79,0.32,137.28,0.41,43.67,0.42,180.08,0.54,43.56,0.53,73.85,0.91,43.73,0.93,327.66,0.18,43.67,0.18,197.83,0.35,44.19,0.36,129.73,-1603,-1500,-1800,43.71583333333334,6.04,0 days 00:09:59,True,10,-1611.0,-1603.0,-1605.0,-1598.0,-1603.0,-1594.0,TARGET
2026-08-05 08:30:35,30.56,82.64,0.75,43.56,0.72,189.45,0.84,43.96,0.84,163.99,0.08,42.75,0.08,327.66,0.31,44.53,0.31,166.12,0.79,43.73,0.8,177.76,0.46,43.04,0.46,95.31,0.32,43.5,0.31,146.73,0.41,43.73,0.4,179.84,0.54,43.04,0.52,80.75,0.91,43.84,0.89,327.66,0.18,43.5,0.18,209.26,0.35,44.3,0.34,137.73,-1609,-1500,-1800,43.623333333333335,5.849999999999999,0 days 00:10:00,True,10,-1603.0,-1611.0,-1603.0,-1605.0,-1598.0,-1603.0,TARGET
2026-08-05 08:40:35,30.66,81.91,0.75,43.9,0.76,163.99,0.84,43.9,0.87,204.72,0.08,42.81,0.08,327.66,0.31,44.42,0.32,176.29,0.79,43.37,0.8,156.31,0.46,42.93,0.47,100.07,0.32,44.02,0.33,120.32,0.41,43.61,0.4,197.57,0.54,43.1,0.53,81.44,0.91,43.9,0.92,257.44,0.18,43.15,0.18,291.15,0.35,44.07,0.34,141.34,-1616,-1500,-1800,43.598333333333336,6.0,0 days 00:10:00,True,10,-1609.0,-1603.0,-1611.0,-1603.0,-1605.0,-1598.0,BELOW
2026-08-05 08:50:35,30.82,79.74,0.75,43.84,0.78,167.5,0.84,44.19,0.81,179.64,0.08,42.7,0.08,327.66,0.31,44.3,0.3,185.08,0.79,43.9,0.76,132.58,0.46,43.44,0.45,84.5,0.32,43.84,0.31,149.48,0.41,43.56,0.42,194.78,0.54,43.37,0.54,74.65,0.91,43.73,0.94,271.88,0.18,43.27,0.18,304.9,0.35,43.61,0.36,168.65,-1611,-1500,-1800,43.645833333333336,5.930000000000001,0 days 00:10:00,True,10,-1616.0,-1609.0,-1603.0,-1611.0,-1603.0,-1605.0,BELOW
2026-08-05 09:00:35,31.14,78.83,0.75,43.73,0.78,177.76,0.84,44.12,0.86,184.12,0.08,42.35,0.08,327.66,0.31,44.07,0.31,205.25,0.79,43.27,0.76,149.12,0.46,43.1,0.47,101.49,0.32,43.67,0.33,142.75,0.41,43.67,0.42,194.78,0.54,43.21,0.54,82.43,0.91,44.19,0.92,229.7,0.18,43.33,0.18,249.79,0.35,43.67,0.36,171.18,-1608,-1500,-1800,43.531666666666666,6.01,0 days 00:10:00,True,10,-1611.0,-1616.0,-1609.0,-1603.0,-1611.0,-1603.0,TARGET
2026-08-05 09:10:36,31.09,78.31,0.75,43.33,0.76,199.11,0.84,44.02,0.84,186.09,0.08,41.78,0.08,327.66,0.31,43.67,0.31,203.64,0.79,43.5,0.8,146.53,0.46,43.04,0.46,98.05,0.32,43.56,0.32,233.78,0.41,43.84,0.42,173.78,0.54,43.21,0.55,94.49,0.91,43.9,0.91,272.96,0.18,43.21,0.18,268.66,0.35,43.9,0.36,154.47,-1615,-1500,-1800,43.41333333333333,5.99,0 days 00:10:01,True,10,-1608.0,-1611.0,-1616.0,-1609.0,-1603.0,-1611.0,BELOW
2026-08-05 09:20:36,31.68,77.91,0.75,43.33,0.74,201.76,0.84,43.61,0.86,242.62,0.08,42.41,0.08,327.66,0.31,44.07,0.31,199.65,0.79,43.37,0.77,167.76,0.46,42.93,0.46,123.73,0.32,43.44,0.31,148.12,0.41,44.02,0.4,183.4,0.54,43.21,0.52,82.05,0.91,44.36,0.91,238.11,0.18,43.44,0.18,265.25,0.35,43.67,0.34,168.87,-1616,-1500,-1800,43.48833333333332,5.88,0 days 00:10:00,True,10,-1615.0,-1608.0,-1611.0,-1616.0,-1609.0,-1603.0,BELOW
2026-08-05 09:30:36,31.62,77.82,0.75,43.5,0.77,194.01,0.84,43.37,0.86,214.95,0.08,42.46,0.08,327.66,0.31,44.12,0.32,199.9,0.79,43.44,0.82,158.33,0.46,42.93,0.47,101.57,0.32,43.37,0.32,154.76,0.41,43.84,0.41,163.34,0.54,43.79,0.53,74.24,0.91,43.79,0.9,271.88,0.18,43.21,0.18,263.85,0.35,43.84,0.34,232.01,-1616,-1500,-1800,43.471666666666664,5.999999999999999,0 days 00:10:00,True,10,-1616.0,-1615.0,-1608.0,-1611.0,-1616.0,-1609.0,BELOW
2026-08-05 12:30:35,34.78,66.86,0.75,43.84,0.77,171.62,0.84,44.02,0.84,196.58,0.08,42.7,0.08,327.66,0.31,44.42,0.3,171.76,0.79,43.61,0.82,327.66,0.46,42.81,0.47,105.23,0.32,44.07,0.31,121.68,0.41,43.96,0.4,154.67,0.54,43.61,0.52,75.25,0.91,43.79,0.94,282.97,0.18,43.1,0.18,297.47,0.35,44.3,0.34,136.39,-1642,-1500,-1800,43.685833333333335,5.969999999999999,0 days 00:10:00,True,11,-1648.0,-1648.0,-1639.0,-1642.0,-1634.0,-1635.0,BELOW
2026-08-05 15:40:36,37.39,57.06,0.54,43.84,0.56,73.46,0.91,44.42,0.92,238.4,0.08,42.7,0.08,327.66,0.31,44.53,0.31,176.51,0.79,43.9,0.76,139.02,0.46,43.1,0.46,102.88,0.32,44.19,0.31,119.6,0.41,43.96,0.41,156.41,0.54,43.15,0.52,82.43,0.91,43.9,0.88,278.04,0.18,43.21,0.18,280.0,0.35,43.96,0.36,153.17,-1643,-1500,-1800,43.73833333333332,5.75,0 days 00:10:00,True,13,-1645.0,-1647.0,-1654.0,-1646.0,-1650.0,-1648.0,BELOW
2026-08-05 15:50:35,37.77,58.74,0.75,43.73,0.72,182.45,0.84,43.96,0.83,205.25,0.08,42.75,0.08,327.66,0.31,44.02,0.3,218.36,0.79,44.02,0.76,146.92,0.46,43.61,0.47,86.43,0.32,43.84,0.31,159.8,0.41,44.25,0.41,152.5,0.54,43.79,0.53,73.17,0.91,44.25,0.93,255.09,0.18,43.73,0.18,227.61,0.35,44.36,0.34,130.06,-1653,-1500,-1800,43.859166666666674,5.859999999999999,0 days 00:09:59,True,13,-1643.0,-1645.0,-1647.0,-1654.0,-1646.0,-1650.0,BELOW
2026-08-05 17:20:36,38.78,55.96,0.75,43.37,0.77,211.64,0.84,44.3,0.84,187.31,0.18,43.27,0.18,298.26,0.31,44.02,0.3,202.28,0.79,44.02,0.76,117.13,0.46,43.56,0.45,104.77,0.32,44.07,0.31,123.67,0.41,44.3,0.4,147.87,0.54,43.79,0.55,71.93,0.91,44.48,0.9,247.42,0.18,43.37,0.18,259.56,0.35,43.79,0.34,159.8,-1644,-1500,-1800,43.86166666666667,5.9799999999999995,0 days 00:10:00,True,13,-1653.0,-1651.0,-1649.0,-1649.0,-1648.0,-1646.0,BELOW
2026-08-05 21:00:36,32.32,73.58,0.75,43.44,0.73,211.64,0.84,44.07,0.87,188.86,0.08,42.35,0.08,312.29,0.31,44.02,0.31,218.08,0.79,43.9,0.77,123.18,0.46,43.37,0.45,88.87,0.32,44.07,0.32,113.47,0.41,43.96,0.42,155.08,0.54,43.73,0.54,71.93,0.91,44.36,0.92,230.6,0.18,43.73,0.18,200.96,0.35,44.02,0.35,153.56,-1672,-1500,-1800,43.751666666666665,5.9399999999999995,0 days 00:10:00,True,16,-1669.0,-1669.0,-1671.0,-1664.0,-1659.0,-1655.0,BELOW
2026-08-05 23:20:36,31.14,75.68,0.75,43.84,0.73,156.0,0.84,43.56,0.82,222.76,0.08,42.35,0.08,327.66,0.31,44.42,0.32,171.76,0.79,43.67,0.79,142.75,0.46,43.04,0.45,100.35,0.32,43.84,0.32,145.0,0.41,43.9,0.42,178.24,0.54,43.5,0.56,78.82,0.91,43.79,0.91,289.25,0.18,43.5,0.18,211.92,0.35,44.19,0.35,134.89,-1642,-1500,-1800,43.63333333333333,5.93,0 days 00:10:00,True,17,-1642.0,-1654.0,-1655.0,-1657.0,-1663.0,-1661.0,BELOW
2026-08-05 23:30:36,31.04,77.18,0.75,43.5,0.76,191.57,0.84,43.96,0.82,185.85,0.08,42.46,0.08,327.66,0.31,44.02,0.31,208.32,0.79,43.5,0.78,153.25,0.46,43.21,0.47,90.25,0.32,43.44,0.33,222.47,0.41,43.79,0.4,175.75,0.54,43.1,0.56,84.88,0.91,43.67,0.9,294.63,0.18,43.1,0.18,284.69,0.35,44.02,0.34,134.2,-1635,-1500,-1800,43.480833333333344,5.93,0 days 00:10:00,True,17,-1642.0,-1642.0,-1654.0,-1655.0,-1657.0,-1663.0,BELOW
2026-08-06 00:50:36,30.77,75.62,0.75,43.79,0.78,169.32,0.84,43.67,0.85,216.65,0.08,42.75,0.08,327.66,0.31,44.12,0.31,181.73,0.79,43.96,0.76,138.0,0.46,43.44,0.47,88.87,0.32,43.96,0.32,131.5,0.41,43.96,0.4,169.99,0.54,43.15,0.53,84.58,0.91,44.12,0.93,241.26,0.18,43.61,0.18,203.11,0.35,43.67,0.36,166.62,-1628,-1500,-1800,43.68333333333333,5.97,0 days 00:10:00,True,18,-1623.0,-1626.0,-1630.0,-1633.0,-1639.0,-1635.0,BELOW
2026-08-06 01:00:36,30.93,75.53,0.75,43.5,0.76,212.2,0.84,44.07,0.85,181.5,0.08,42.41,0.08,327.66,0.31,43.96,0.32,221.25,0.79,43.44,0.81,158.33,0.46,42.93,0.45,103.11,0.32,43.61,0.32,142.75,0.41,43.73,0.41,180.08,0.54,43.1,0.56,84.88,0.91,44.19,0.9,259.47,0.18,43.56,0.18,238.12,0.35,43.67,0.34,322.03,-1629,-1500,-1800,43.514166666666675,5.98,0 days 00:10:00,True,18,-1628.0,-1623.0,-1626.0,-1630.0,-1633.0,-1639.0,BELOW
2026-08-06 01:20:37,30.82,75.5,0.75,43.67,0.76,163.12,0.84,43.79,0.84,204.45,0.08,42.46,0.08,327.66,0.31,44.07,0.3,194.1,0.79,43.84,0.76,161.66,0.46,43.27,0.46,94.75,0.32,44.02,0.33,126.71,0.41,43.73,0.41,182.45,0.54,43.27,0.53,79.86,0.91,43.79,0.92,301.82,0.18,43.1,0.18,303.68,0.35,43.79,0.36,157.98,-1622,-1500,-1800,43.56666666666667,5.930000000000001,0 days 00:10:00,True,18,-1627.0,-1629.0,-1628.0,-1623.0,-1626.0,-1630.0,BELOW
2026-08-06 01:30:37,30.72,75.9,0.75,43.33,0.72,211.36,0.84,43.96,0.85,196.32,0.08,42.46,0.08,327.66,0.31,43.9,0.32,211.2,0.79,43.67,0.78,141.3,0.46,43.5,0.47,80.65,0.32,43.5,0.32,151.56,0.41,43.84,0.42,161.87,0.54,43.37,0.52,83.37,0.91,43.79,0.88,283.35,0.18,43.15,0.18,304.09,0.35,44.07,0.34,137.0,-1618,-1500,-1800,43.544999999999995,5.879999999999999,0 days 00:10:00,True,18,-1622.0,-1627.0,-1629.0,-1628.0,-1623.0,-1626.0,BELOW
2026-08-06 01:40:35,30.72,74.8,0.75,43.67,0.75,168.65,0.84,44.07,0.86,218.36,0.08,42.64,0.08,327.66,0.31,43.9,0.32,232.01,0.79,43.33,0.78,154.36,0.46,43.33,0.47,90.98,0.32,43.67,0.32,137.11,0.41,44.02,0.4,183.65,0.54,43.56,0.55,77.92,0.91,44.02,0.94,279.13,0.18,43.33,0.18,259.22,0.35,44.12,0.36,145.75,-1624,-1500,-1800,43.63833333333333,6.009999999999999,0 days 00:09:58,True,18,-1618.0,-1622.0,-1627.0,-1629.0,-1628.0,-1623.0,BELOW
2026-08-06 01:50:36,30.72,74.67,0.75,43.73,0.76,159.17,0.84,43.67,0.82,223.35,0.08,42.35,0.08,327.66,0.31,44.3,0.3,169.04,0.79,43.37,0.81,221.87,0.46,43.04,0.47,99.02,0.32,43.61,0.33,151.97,0.41,44.12,0.41,145.75,0.54,43.5,0.56,75.36,0.91,43.9,0.88,296.19,0.18,43.15,0.18,182.69,0.35,43.73,0.35,167.06,-1622,-1500,-1800,43.53916666666667,5.95,0 days 00:10:01,True,18,-1624.0,-1618.0,-1622.0,-1627.0,-1629.0,-1628.0,BELOW
2026-08-06 02:00:36,30.29,76.32,0.75,43.37,0.74,205.32,0.84,44.07,0.82,172.76,0.08,42.41,0.08,327.66,0.31,43.96,0.32,183.65,0.79,43.56,0.79,151.56,0.46,42.87,0.47,101.43,0.32,43.84,0.32,132.39,0.41,43.79,0.41,173.78,0.54,43.5,0.54,79.72,0.91,44.07,0.93,244.86,0.18,43.61,0.18,222.76,0.35,43.61,0.36,175.06,-1614,-1500,-1800,43.55500000000001,5.96,0 days 00:10:00,True,18,-1622.0,-1624.0,-1618.0,-1622.0,-1627.0,-1629.0,BELOW
2026-08-06 02:10:36,29.97,78.09,0.75,43.84,0.78,156.2,0.84,43.96,0.86,171.86,0.08,42.7,0.08,327.66,0.31,44.36,0.32,165.7,0.79,43.9,0.77,127.71,0.46,43.1,0.47,99.02,0.32,44.02,0.33,113.47,0.41,43.56,0.4,202.84,0.54,43.1,0.52,88.16,0.91,44.07,0.93,244.86,0.18,43.5,0.18,222.18,0.35,43.56,0.36,181.97,-1621,-1500,-1800,43.639166666666675,6.000000000000001,0 days 00:10:00,True,18,-1614.0,-1622.0,-1624.0,-1618.0,-1622.0,-1627.0,BELOW
2026-08-06 02:20:37,29.7,78.55,0.75,43.44,0.74,233.47,0.84,44.12,0.84,170.87,0.08,42.35,0.08,327.66,0.31,44.48,0.31,165.92,0.79,43.44,0.79,140.56,0.46,43.21,0.45,96.49,0.32,43.84,0.32,126.38,0.41,44.07,0.41,157.03,0.54,43.67,0.54,75.67,0.91,44.12,0.91,229.7,0.18,43.5,0.18,219.23,0.35,43.9,0.34,152.97,-1610,-1500,-1800,43.678333333333335,5.91,0 days 00:10:01,True,18,-1621.0,-1614.0,-1622.0,-1624.0,-1618.0,-1622.0,TARGET
2026-08-06 02:30:37,29.65,78.76,0.75,43.27,0.75,214.37,0.84,43.73,0.81,220.1,0.08,42.35,0.08,327.66,0.31,44.36,0.31,175.83,0.79,43.33,0.76,154.36,0.46,43.37,0.46,85.22,0.32,43.61,0.33,148.7,0.41,43.84,0.4,167.28,0.54,43.44,0.56,72.4,0.91,43.96,0.91,258.47,0.18,43.15,0.18,263.15,0.35,43.84,0.34,183.17,-1615,-1500,-1800,43.520833333333336,5.89,0 days 00:10:00,True,18,-1610.0,-1621.0,-1614.0,-1622.0,-1624.0,-1618.0,BELOW
2026-08-06 02:40:37,29.65,79.1,0.75,43.67,0.73,173.1,0.84,43.79,0.84,283.35,0.08,42.29,0.08,327.66,0.31,44.42,0.31,176.06,0.79,43.9,0.82,125.41,0.46,43.5,0.45,84.62,0.32,43.73,0.31,127.21,0.41,43.79,0.4,173.55,0.54,43.5,0.55,78.36,0.91,44.36,0.9,242.53,0.18,43.67,0.18,209.82,0.35,44.02,0.35,131.67,-1618,-1500,-1800,43.720000000000006,5.92,0 days 00:10:00,True,18,-1615.0,-1610.0,-1621.0,-1614.0,-1622.0,-1624.0,BELOW
2026-08-06 02:50:36,29.38,79.74,0.75,43.73,0.73,150.51,0.84,43.67,0.83,179.84,0.08,42.52,0.08,327.66,0.31,43.9,0.31,232.01,0.79,43.96,0.77,121.21,0.46,43.15,0.46,98.43,0.32,43.44,0.32,153.05,0.41,44.07,0.42,155.28,0.54,43.67,0.53,72.5,0.91,43.96,0.88,258.13,0.18,43.37,0.18,249.46,0.35,44.02,0.36,163.99,-1611,-1500,-1800,43.62166666666667,5.87,0 days 00:09:59,True,18,-1618.0,-1615.0,-1610.0,-1621.0,-1614.0,-1622.0,BELOW
2026-08-06 03:00:36,29.38,78.49,0.75,43.67,0.76,164.64,0.84,43.79,0.86,182.69,0.08,42.35,0.08,327.66,0.31,44.36,0.31,182.68,0.79,43.73,0.81,130.47,0.46,42.98,0.46,98.63,0.32,43.61,0.32,145.56,0.41,44.12,0.4,147.11,0.54,43.61,0.54,72.78,0.91,43.84,0.88,248.9,0.18,43.5,0.18,222.18,0.35,44.07,0.35,151.89,-1610,-1500,-1800,43.635833333333345,5.949999999999999,0 days 00:10:00,True,18,-1611.0,-1618.0,-1615.0,-1610.0,-1621.0,-1614.0,TARGET
2026-08-06 03:10:37,29.54,77.97,0.75,43.79,0.74,157.98,0.84,43.61,0.86,213.04,0.08,42.7,0.08,327.66,0.31,44.25,0.3,187.31,0.79,43.84,0.77,128.56,0.46,43.33,0.47,89.91,0.32,43.73,0.31,140.06,0.41,43.56,0.42,184.15,0.54,43.04,0.52,81.72,0.91,44.25,0.89,237.79,0.18,43.33,0.18,199.11,0.35,43.61,0.36,265.94,-1607,-1500,-1800,43.58666666666667,5.8999999999999995,0 days 00:10:01,True,18,-1610.0,-1611.0,-1618.0,-1615.0,-1610.0,-1621.0,TARGET
2026-08-06 03:20:36,29.17,80.08,0.75,43.33,0.73,221.87,0.84,44.02,0.85,178.94,0.08,42.64,0.08,327.66,0.31,44.19,0.31,203.33,0.79,43.5,0.76,149.73,0.46,43.27,0.45,89.67,0.32,43.96,0.32,127.54,0.41,43.67,0.4,177.3,0.54,43.33,0.54,78.4,0.91,44.25,0.89,238.11,0.18,43.61,0.18,219.51,0.35,44.12,0.35,157.23,-1603,-1500,-1800,43.6575,5.859999999999999,0 days 00:09:59,True,18,-1607.0,-1610.0,-1611.0,-1618.0,-1615.0,-1610.0,TARGET
2026-08-06 03:30:37,29.17,80.44,0.75,43.84,0.75,159.8,0.84,43.79,0.83,200.96,0.08,42.46,0.08,327.66,0.31,43.96,0.31,199.12,0.79,43.73,0.82,142.95,0.46,43.1,0.47,100.48,0.32,44.07,0.32,115.5,0.41,43.73,0.41,207.23,0.54,43.04,0.55,81.72,0.91,43.67,0.89,288.5,0.18,43.04,0.18,303.28,0.35,43.9,0.36,159.8,-1615,-1500,-1800,43.5275,5.97,0 days 00:10:01,True,18,-1603.0,-1607.0,-1610.0,-1611.0,-1618.0,-1615.0,BELOW
2026-08-06 03:40:37,29.22,79.44,0.75,43.15,0.75,198.32,0.84,43.61,0.83,219.51,0.08,42.64,0.08,327.66,0.31,44.36,0.32,163.56,0.79,43.44,0.78,153.25,0.46,43.5,0.47,83.09,0.32,43.73,0.33,140.06,0.41,43.56,0.41,184.15,0.54,43.44,0.54,77.04,0.91,43.9,0.93,262.31,0.18,43.27,0.18,253.74,0.35,44.07,0.36,139.92,-1599,-1500,-1800,43.55583333333333,5.98,0 days 00:10:00,True,18,-1615.0,-1603.0,-1607.0,-1610.0,-1611.0,-1618.0,TARGET
2026-08-06 03:50:37,29.27,80.57,0.75,43.5,0.75,183.9,0.84,43.61,0.81,306.91,0.08,42.24,0.08,327.66,0.31,44.53,0.31,168.11,0.79,43.44,0.77,158.33,0.46,43.56,0.46,83.2,0.32,43.44,0.32,156.53,0.41,43.9,0.4,156.2,0.54,43.1,0.53,81.44,0.91,43.67,0.91,308.13,0.18,43.15,0.18,304.09,0.35,43.79,0.36,144.25,-1606,-1500,-1800,43.494166666666665,5.88,0 days 00:10:00,True,18,-1599.0,-1615.0,-1603.0,-1607.0,-1610.0,-1611.0,TARGET
2026-08-06 04:00:36,29.38,78.83,0.75,43.73,0.75,171.18,0.84,44.02,0.85,176.44,0.08,42.64,0.08,327.66,0.31,43.9,0.31,207.76,0.79,43.9,0.79,126.55,0.46,42.87,0.46,103.75,0.32,43.84,0.31,125.25,0.41,44.02,0.41,164.2,0.54,43.15,0.56,82.54,0.91,44.12,0.89,245.82,0.18,43.56,0.18,219.23,0.35,44.12,0.36,148.87,-1603,-1500,-1800,43.65583333333333,5.95,0 days 00:09:59,True,18,-1606.0,-1599.0,-1615.0,-1603.0,-1607.0,-1610.0,TARGET
2026-08-06 05:20:36,29.17,79.47,0.75,43.33,0.76,208.15,0.84,44.02,0.85,176.9,0.08,42.29,0.08,327.66,0.31,44.19,0.31,186.82,0.79,43.44,0.76,154.98,0.46,43.15,0.45,95.02,0.32,43.61,0.33,145.37,0.41,43.9,0.4,156.2,0.54,43.73,0.53,72.31,0.91,44.19,0.88,237.79,0.18,43.61,0.18,216.09,0.35,43.79,0.35,161.23,-1599,-1500,-1800,43.604166666666664,5.879999999999999,0 days 00:10:00,True,19,-1602.0,-1605.0,-1603.0,-1602.0,-1600.0,-1610.0,TARGET
2026-08-06 07:40:36,29.97,78.0,0.75,43.73,0.72,161.44,0.84,44.07,0.85,179.17,0.08,42.7,0.08,327.66,0.31,44.07,0.32,232.92,0.79,43.61,0.8,138.48,0.46,43.5,0.47,82.59,0.32,44.02,0.33,111.5,0.41,44.12,0.41,147.3,0.54,43.67,0.55,68.89,0.91,44.12,0.91,245.82,0.18,43.61,0.18,216.09,0.35,44.19,0.34,134.73,-1610,-1500,-1800,43.78416666666667,5.96,0 days 00:10:00,True,22,-1612.0,-1601.0,-1606.0,-1601.0,-1601.0,-1599.0,TARGET
2026-08-06 07:50:37,30.24,77.02,0.75,43.84,0.74,167.5,0.84,43.21,0.84,210.79,0.08,42.64,0.08,327.66,0.31,44.19,0.31,194.86,0.79,43.84,0.79,152.76,0.46,43.67,0.47,83.81,0.32,43.9,0.33,130.09,0.41,44.12,0.42,133.27,0.54,43.84,0.52,72.4,0.91,44.25,0.92,237.79,0.18,43.67,0.18,200.69,0.35,43.67,0.34,189.95,-1607,-1500,-1800,43.73666666666667,5.9399999999999995,0 days 00:10:01,True,22,-1610.0,-1612.0,-1601.0,-1606.0,-1601.0,-1601.0,TARGET
2026-08-06 08:00:37,30.5,76.32,0.75,43.33,0.76,199.11,0.84,43.56,0.85,327.66,0.08,42.75,0.08,327.66,0.31,44.48,0.3,156.7,0.79,43.33,0.8,154.36,0.46,43.37,0.46,84.92,0.32,43.96,0.33,121.21,0.41,43.79,0.42,155.8,0.54,43.15,0.56,82.05,0.91,44.3,0.93,238.11,0.18,43.67,0.18,192.33,0.35,44.19,0.34,134.55,-1612,-1500,-1800,43.656666666666666,6.01,0 days 00:10:00,True,22,-1607.0,-1610.0,-1612.0,-1601.0,-1606.0,-1601.0,BELOW
2026-08-06 08:10:37,30.45,76.08,0.75,43.79,0.74,159.37,0.84,43.9,0.86,207.76,0.08,42.75,0.08,242.08,0.31,44.53,0.32,162.31,0.79,43.73,0.79,134.44,0.46,43.5,0.46,81.12,0.32,43.67,0.33,138.11,0.41,43.9,0.41,167.94,0.54,43.56,0.54,75.47,0.91,44.42,0.94,246.78,0.18,43.61,0.18,150.12,0.35,43.84,0.36,171.41,-1616,-1500,-1800,43.76666666666667,6.010000000000001,0 days 00:10:00,True,22,-1612.0,-1607.0,-1610.0,-1612.0,-1601.0,-1606.0,BELOW
2026-08-06 08:20:37,31.09,74.86,0.75,43.33,0.78,188.2,0.84,43.56,0.81,215.51,0.08,42.58,0.08,327.66,0.31,44.36,0.31,201.21,0.79,43.67,0.82,134.27,0.46,42.98,0.45,97.22,0.32,44.07,0.32,115.35,0.41,44.12,0.42,164.62,0.54,43.5,0.53,72.5,0.91,43.79,0.93,327.66,0.18,43.15,0.18,285.46,0.35,44.07,0.35,145.58,-1611,-1500,-1800,43.598333333333336,5.9799999999999995,0 days 00:10:00,True,22,-1616.0,-1612.0,-1607.0,-1610.0,-1612.0,-1601.0,BELOW
2026-08-06 08:30:36,31.41,73.82,0.75,43.27,0.78,208.15,0.84,44.12,0.81,159.01,0.08,42.18,0.08,327.66,0.31,44.02,0.31,327.66,0.79,43.44,0.76,149.92,0.46,43.27,0.46,90.98,0.32,44.12,0.33,119.6,0.41,44.07,0.4,196.84,0.54,43.33,0.56,78.85,0.91,44.36,0.9,250.86,0.18,43.61,0.18,223.06,0.35,44.19,0.35,141.53,-1616,-1500,-1800,43.665,5.92,0 days 00:09:59,True,22,-1611.0,-1616.0,-1612.0,-1607.0,-1610.0,-1612.0,BELOW
2026-08-06 08:40:36,31.68,72.2,0.75,43.33,0.76,208.43,0.84,44.07,0.85,177.12,0.08,42.46,0.08,327.66,0.31,44.42,0.3,171.54,0.79,43.61,0.8,151.97,0.46,42.87,0.46,100.68,0.32,43.96,0.33,121.21,0.41,43.67,0.4,182.45,0.54,43.44,0.54,79.61,0.91,44.07,0.93,258.47,0.18,43.5,0.18,186.15,0.35,44.19,0.36,130.95,-1616,-1500,-1800,43.6325,5.989999999999999,0 days 00:10:00,True,22,-1616.0,-1611.0,-1616.0,-1612.0,-1607.0,-1610.0,BELOW
2026-08-06 08:50:37,31.94,70.92,0.75,43.73,0.72,203.9,0.84,44.19,0.83,166.81,0.08,42.7,0.08,327.66,0.31,44.48,0.32,154.78,0.79,43.27,0.78,129.42,0.46,43.5,0.45,84.73,0.32,44.02,0.32,111.64,0.41,44.07,0.41,140.98,0.54,43.67,0.56,70.56,0.91,43.96,0.94,327.66,0.18,43.37,0.18,327.66,0.35,44.25,0.34,159.42,-1615,-1500,-1800,43.767500000000005,5.93,0 days 00:10:01,True,22,-1616.0,-1616.0,-1611.0,-1616.0,-1612.0,-1607.0,BELOW
2026-08-06 09:50:37,33.28,66.98,0.75,43.96,0.75,158.39,0.84,44.02,0.86,186.34,0.08,42.87,0.08,327.66,0.31,44.59,0.32,174.56,0.79,43.67,0.8,144.25,0.46,43.56,0.46,82.59,0.32,43.9,0.32,122.11,0.41,44.02,0.41,172.31,0.54,43.27,0.53,71.65,0.91,44.12,0.88,245.5,0.18,43.56,0.18,327.66,0.35,44.19,0.35,144.25,-1631,-1500,-1800,43.810833333333335,5.939999999999999,0 days 00:10:01,True,22,-1631.0,-1628.0,-1620.0,-1624.0,-1622.0,-1615.0,BELOW
2026-08-06 10:10:37,33.44,66.37,0.75,43.84,0.75,163.56,0.84,43.73,0.87,322.47,0.08,42.7,0.08,327.66,0.31,44.42,0.32,169.91,0.79,43.5,0.78,156.95,0.46,43.37,0.45,89.43,0.32,44.07,0.31,110.91,0.41,43.96,0.41,162.28,0.54,43.73,0.54,73.75,0.91,43.96,0.89,240.01,0.18,43.37,0.18,241.35,0.35,44.19,0.34,134.89,-1638,-1500,-1800,43.73666666666666,5.919999999999999,0 days 00:10:00,True,22,-1634.0,-1631.0,-1631.0,-1628.0,-1620.0,-1624.0,BELOW
2026-08-06 10:20:37,33.65,65.73,0.75,43.37,0.74,202.3,0.84,43.84,0.83,193.09,0.08,42.64,0.08,327.66,0.31,44.42,0.31,176.06,0.79,43.96,0.81,124.29,0.46,43.15,0.45,95.82,0.32,44.07,0.31,116.46,0.41,44.12,0.41,155.48,0.54,43.5,0.56,79.26,0.91,44.42,0.93,234.74,0.18,43.79,0.18,204.18,0.35,43.73,0.34,165.07,-1639,-1500,-1800,43.75083333333334,5.949999999999999,0 days 00:10:00,True,22,-1638.0,-1634.0,-1631.0,-1631.0,-1628.0,-1620.0,BELOW
2026-08-06 10:30:37,33.97,64.14,0.75,43.73,0.74,189.7,0.84,44.07,0.82,184.12,0.08,42.46,0.08,327.66,0.31,44.36,0.31,219.79,0.79,43.9,0.81,125.25,0.46,43.04,0.46,104.84,0.32,44.25,0.33,117.74,0.41,44.19,0.42,150.66,0.54,43.73,0.53,69.58,0.91,44.12,0.88,264.37,0.18,43.5,0.18,246.62,0.35,44.07,0.34,141.16,-1639,-1500,-1800,43.785000000000004,5.8999999999999995,0 days 00:10:00,True,22,-1639.0,-1638.0,-1634.0,-1631.0,-1631.0,-1628.0,BELOW
2026-08-06 10:40:37,34.13,64.57,0.75,43.84,0.74,157.76,0.84,44.19,0.86,170.87,0.08,42.41,0.08,327.66,0.31,44.07,0.32,199.65,0.79,43.79,0.8,138.84,0.46,43.44,0.46,91.22,0.32,44.07,0.32,114.55,0.41,44.02,0.41,163.99,0.54,43.61,0.53,79.01,0.91,44.25,0.88,226.29,0.18,43.61,0.18,186.64,0.35,44.25,0.35,131.12,-1639,-1500,-1800,43.79583333333333,5.929999999999999,0 days 00:10:00,True,22,-1639.0,-1639.0,-1638.0,-1634.0,-1631.0,-1631.0,BELOW
2026-08-06 10:50:37,34.46,63.17,0.75,43.61,0.77,203.64,0.84,44.12,0.84,189.1,0.08,42.35,0.08,327.66,0.31,44.3,0.3,192.44,0.79,43.5,0.79,154.98,0.46,43.37,0.47,101.15,0.32,43.56,0.31,151.76,0.41,44.07,0.4,157.03,0.54,43.84,0.54,72.68,0.91,44.25,0.92,255.09,0.18,43.56,0.18,234.09,0.35,43.96,0.36,152.97,-1639,-1500,-1800,43.7075,5.96,0 days 00:10:00,True,22,-1639.0,-1639.0,-1639.0,-1638.0,-1634.0,-1631.0,BELOW
2026-08-06 11:00:37,34.83,61.55,0.75,43.61,0.77,197.83,0.84,43.9,0.81,204.45,0.08,42.7,0.08,327.66,0.31,44.48,0.31,213.4,0.79,43.44,0.82,149.53,0.46,43.56,0.45,83.31,0.32,43.79,0.33,123.96,0.41,44.12,0.42,152.3,0.54,43.73,0.55,73.85,0.91,44.36,0.88,230.6,0.18,43.79,0.18,204.18,0.35,44.3,0.35,143.34,-1641,-1500,-1800,43.815,5.949999999999999,0 days 00:10:00,True,22,-1639.0,-1639.0,-1639.0,-1639.0,-1638.0,-1634.0,BELOW
2026-08-06 11:10:37,34.99,61.49,0.75,43.61,0.76,197.83,0.84,44.12,0.82,181.5,0.08,42.81,0.08,327.66,0.31,44.19,0.31,197.35,0.79,43.73,0.8,137.28,0.46,43.37,0.45,91.22,0.32,43.96,0.33,125.57,0.41,43.84,0.42,167.72,0.54,43.96,0.53,73.36,0.91,44.3,0.9,327.66,0.18,43.73,0.18,198.09,0.35,44.07,0.34,150.26,-1644,-1500,-1800,43.807500000000005,5.920000000000001,0 days 00:10:00,True,22,-1641.0,-1639.0,-1639.0,-1639.0,-1639.0,-1638.0,BELOW
2026-08-06 15:20:38,40.49,46.65,0.75,43.79,0.74,169.1,0.84,44.12,0.86,208.86,0.08,42.24,0.08,327.66,0.31,44.48,0.32,162.09,0.79,43.67,0.76,148.7,0.46,43.44,0.47,87.85,0.32,43.79,0.31,141.86,0.41,44.12,0.41,152.5,0.54,43.84,0.55,69.76,0.91,44.07,0.89,279.87,0.18,43.84,0.18,192.84,0.35,44.3,0.35,138.91,-1648,-1500,-1800,43.80833333333333,5.919999999999999,0 days 00:10:01,True,24,-1645.0,-1652.0,-1651.0,-1650.0,-1651.0,-1653.0,BELOW
2026-08-06 15:40:37,41.29,45.13,0.75,43.84,0.75,180.55,0.84,44.07,0.84,181.73,0.08,42.81,0.08,327.66,0.31,44.53,0.3,170.12,0.79,43.61,0.82,146.92,0.46,43.5,0.46,85.56,0.32,44.02,0.33,119.29,0.41,43.73,0.42,216.65,0.54,43.44,0.53,83.48,0.91,44.3,0.88,251.18,0.18,43.5,0.18,260.25,0.35,44.19,0.34,155.69,-1644,-1500,-1800,43.794999999999995,5.93,0 days 00:09:59,True,24,-1650.0,-1648.0,-1645.0,-1652.0,-1651.0,-1650.0,BELOW
2026-08-06 22:40:38,30.5,75.86,0.75,43.33,0.72,221.59,0.84,44.12,0.84,166.59,0.08,42.35,0.08,327.66,0.31,44.42,0.3,183.15,0.79,43.44,0.77,156.53,0.46,43.1,0.47,101.09,0.32,44.02,0.32,122.43,0.41,43.67,0.4,182.21,0.54,43.67,0.55,70.19,0.91,43.73,0.93,327.66,0.18,43.61,0.18,197.04,0.35,44.19,0.34,138.91,-1638,-1500,-1800,43.63750000000001,5.899999999999999,0 days 00:10:00,True,25,-1649.0,-1646.0,-1655.0,-1656.0,-1661.0,-1661.0,BELOW
2026-08-06 22:50:37,30.56,75.93,0.75,43.67,0.72,200.43,0.84,43.61,0.87,219.51,0.08,42.64,0.08,327.66,0.31,44.25,0.32,182.21,0.79,43.37,0.77,149.53,0.46,42.93,0.47,102.34,0.32,44.02,0.31,111.64,0.41,43.67,0.42,186.89,0.54,42.98,0.55,82.6,0.91,44.12,0.94,254.43,0.18,43.15,0.18,327.66,0.35,43.84,0.36,152.56,-1637,-1500,-1800,43.520833333333336,5.989999999999999,0 days 00:09:59,True,25,-1638.0,-1649.0,-1646.0,-1655.0,-1656.0,-1661.0,BELOW
2026-08-06 23:00:38,30.61,76.08,0.75,43.44,0.78,188.7,0.84,43.9,0.83,323.31,0.08,42.41,0.08,327.66,0.31,43.84,0.31,180.31,0.79,43.37,0.76,156.31,0.46,42.93,0.47,103.11,0.32,43.61,0.31,145.56,0.41,43.61,0.41,197.57,0.54,43.5,0.53,83.7,0.91,43.73,0.92,295.01,0.18,43.5,0.18,238.12,0.35,43.96,0.34,167.94,-1637,-1500,-1800,43.48333333333334,5.919999999999999,0 days 00:10:01,True,25,-1637.0,-1638.0,-1649.0,-1646.0,-1655.0,-1656.0,BELOW
2026-08-06 23:50:38,30.5,75.77,0.75,43.5,0.77,202.84,0.84,44.07,0.81,183.89,0.08,42.52,0.08,327.66,0.31,44.07,0.3,208.59,0.79,43.73,0.79,133.5,0.46,42.93,0.46,96.66,0.32,43.5,0.33,145.37,0.41,43.96,0.4,160.0,0.54,43.15,0.55,82.82,0.91,44.19,0.94,259.47,0.18,43.21,0.18,326.24,0.35,44.12,0.36,138.73,-1630,-1500,-1800,43.57916666666666,5.97,0 days 00:10:00,True,25,-1639.0,-1638.0,-1633.0,-1638.0,-1637.0,-1637.0,BELOW
2026-08-07 00:00:38,30.45,76.11,0.75,43.5,0.76,165.96,0.84,43.73,0.87,207.23,0.08,42.46,0.08,327.66,0.31,43.96,0.3,211.2,0.79,43.67,0.77,157.36,0.46,42.87,0.45,108.74,0.32,43.5,0.31,148.12,0.41,43.67,0.4,200.69,0.54,43.73,0.53,70.29,0.91,44.36,0.94,226.87,0.18,43.61,0.18,203.37,0.35,44.12,0.34,138.55,-1635,-1500,-1800,43.598333333333336,5.93,0 days 00:10:00,True,25,-1630.0,-1639.0,-1638.0,-1633.0,-1638.0,-1637.0,BELOW
2026-08-07 00:10:38,30.5,75.47,0.75,43.44,0.73,199.37,0.84,44.19,0.87,172.98,0.08,42.58,0.08,327.66,0.31,44.36,0.31,185.56,0.79,43.61,0.8,155.59,0.46,43.04,0.47,105.79,0.32,43.5,0.33,149.73,0.41,44.02,0.42,156.81,0.54,43.79,0.56,73.85,0.91,43.44,0.89,280.75,0.18,43.73,0.18,195.3,0.35,44.25,0.34,136.2,-1632,-1500,-1800,43.6625,5.9799999999999995,0 days 00:10:00,True,25,-1635.0,-1630.0,-1639.0,-1638.0,-1633.0,-1638.0,BELOW
2026-08-07 00:20:38,30.18,76.48,0.75,43.79,0.75,167.5,0.84,43.73,0.82,227.01,0.08,42.64,0.08,327.66,0.31,44.02,0.3,193.85,0.79,43.96,0.82,120.16,0.46,43.15,0.47,97.61,0.32,43.44,0.31,151.37,0.41,43.9,0.4,163.76,0.54,42.81,0.55,78.81,0.91,44.25,0.93,222.99,0.18,43.5,0.18,287.35,0.35,44.12,0.36,142.78,-1625,-1500,-1800,43.60916666666666,5.97,0 days 00:10:00,True,25,-1632.0,-1635.0,-1630.0,-1639.0,-1638.0,-1633.0,BELOW
2026-08-07 00:30:38,30.24,76.78,0.75,43.37,0.72,245.65,0.84,44.07,0.85,176.9,0.08,42.41,0.08,327.66,0.31,43.9,0.32,207.5,0.79,43.79,0.77,128.39,0.46,43.33,0.45,89.21,0.32,43.44,0.33,153.25,0.41,43.67,0.41,179.84,0.54,43.67,0.54,76.6,0.91,44.12,0.93,254.76,0.18,43.61,0.18,200.69,0.35,43.73,0.35,173.32,-1630,-1500,-1800,43.5925,5.93,0 days 00:10:00,True,25,-1625.0,-1632.0,-1635.0,-1630.0,-1639.0,-1638.0,BELOW
2026-08-07 00:40:38,30.13,76.23,0.75,43.27,0.76,211.08,0.84,43.61,0.81,327.66,0.08,42.24,0.08,327.66,0.31,44.42,0.32,185.08,0.79,43.56,0.81,146.73,0.46,43.04,0.47,104.98,0.32,43.56,0.33,151.76,0.41,44.07,0.42,144.06,0.54,43.44,0.52,75.78,0.91,43.84,0.9,296.19,0.18,43.56,0.18,222.76,0.35,43.73,0.35,175.51,-1618,-1500,-1800,43.528333333333336,5.949999999999999,0 days 00:10:00,True,25,-1630.0,-1625.0,-1632.0,-1635.0,-1630.0,-1639.0,BELOW
2026-08-07 00:50:38,29.97,76.75,0.75,43.33,0.73,196.26,0.84,43.61,0.86,219.51,0.08,42.46,0.08,327.66,0.31,44.48,0.32,173.87,0.79,43.9,0.79,131.33,0.46,43.33,0.46,88.63,0.32,43.67,0.33,145.75,0.41,44.12,0.42,150.26,0.54,43.21,0.56,86.83,0.91,44.02,0.88,248.9,0.18,43.27,0.18,291.91,0.35,43.96,0.35,153.17,-1619,-1500,-1800,43.61333333333334,5.96,0 days 00:10:00,True,25,-1618.0,-1630.0,-1625.0,-1632.0,-1635.0,-1630.0,BELOW
2026-08-07 01:00:38,29.7,77.24,0.75,43.84,0.76,163.56,0.84,43.56,0.83,212.76,0.08,42.41,0.08,327.66,0.31,44.12,0.32,199.9,0.79,43.56,0.8,146.92,0.46,43.21,0.46,93.85,0.32,43.84,0.31,126.38,0.41,43.79,0.41,167.06,0.54,43.61,0.53,75.06,0.91,44.12,0.91,245.5,0.18,43.5,0.18,221.87,0.35,44.02,0.36,146.92,-1619,-1500,-1800,43.63166666666667,5.95,0 days 00:10:00,True,25,-1619.0,-1618.0,-1630.0,-1625.0,-1632.0,-1635.0,BELOW
2026-08-07 01:10:38,29.86,76.38,0.75,43.37,0.73,199.37,0.84,44.19,0.83,172.98,0.08,42.64,0.08,327.66,0.31,44.12,0.3,199.9,0.79,43.9,0.8,123.18,0.46,43.33,0.45,101.02,0.32,43.61,0.32,189.45,0.41,44.02,0.41,139.56,0.54,43.61,0.56,69.83,0.91,43.79,0.94,289.25,0.18,43.5,0.18,205.6,0.35,44.3,0.36,136.39,-1621,-1500,-1800,43.69833333333333,5.96,0 days 00:10:00,True,25,-1619.0,-1619.0,-1618.0,-1630.0,-1625.0,-1632.0,BELOW
2026-08-07 01:20:38,29.91,76.54,0.75,43.84,0.75,156.0,0.84,43.73,0.86,203.64,0.08,42.35,0.08,327.66,0.31,44.36,0.3,175.37,0.79,43.9,0.82,122.11,0.46,43.61,0.47,79.83,0.32,43.9,0.32,125.41,0.41,43.73,0.42,179.84,0.54,43.15,0.55,82.32,0.91,44.19,0.92,279.87,0.18,43.21,0.18,285.46,0.35,44.12,0.34,141.16,-1616,-1500,-1800,43.67416666666666,6.01,0 days 00:10:00,True,25,-1621.0,-1619.0,-1619.0,-1618.0,-1630.0,-1625.0,BELOW
2026-08-07 01:30:38,29.7,76.75,0.75,43.79,0.77,165.07,0.84,44.07,0.86,164.2,0.08,42.24,0.08,327.66,0.31,43.9,0.31,220.96,0.79,43.73,0.8,150.51,0.46,42.93,0.45,86.81,0.32,43.79,0.33,134.8,0.41,44.07,0.42,146.92,0.54,43.61,0.53,69.4,0.91,44.07,0.91,244.54,0.18,43.61,0.18,265.94,0.35,43.79,0.34,169.32,-1617,-1500,-1800,43.63333333333333,5.98,0 days 00:10:00,True,25,-1616.0,-1621.0,-1619.0,-1619.0,-1618.0,-1630.0,BELOW
2026-08-07 01:40:38,29.81,76.72,0.75,43.79,0.72,171.41,0.84,44.02,0.82,172.31,0.08,42.46,0.08,327.66,0.31,44.07,0.3,218.65,0.79,43.73,0.79,134.44,0.46,43.15,0.45,93.07,0.32,43.61,0.32,145.56,0.41,43.61,0.4,194.78,0.54,43.61,0.53,73.46,0.91,44.07,0.88,236.25,0.18,43.61,0.18,212.2,0.35,44.19,0.34,138.73,-1622,-1500,-1800,43.660000000000004,5.81,0 days 00:10:00,True,25,-1617.0,-1616.0,-1621.0,-1619.0,-1619.0,-1618.0,BELOW
2026-08-07 01:50:38,29.7,76.78,0.75,43.79,0.76,163.34,0.84,44.02,0.85,191.44,0.08,42.64,0.08,327.66,0.31,43.67,0.32,206.4,0.79,43.67,0.77,144.44,0.46,43.5,0.47,80.65,0.32,44.07,0.32,110.91,0.41,43.96,0.42,224.82,0.54,43.56,0.55,71.18,0.91,44.07,0.93,268.75,0.18,43.5,0.18,208.71,0.35,43.84,0.36,175.98,-1620,-1500,-1800,43.69083333333333,6.01,0 days 00:10:00,True,25,-1622.0,-1617.0,-1616.0,-1621.0,-1619.0,-1619.0,BELOW
2026-08-07 02:00:38,29.7,76.84,0.75,43.44,0.73,196.78,0.84,44.12,0.82,175.15,0.08,42.52,0.08,327.66,0.31,44.07,0.32,254.1,0.79,43.37,0.77,163.76,0.46,43.15,0.47,92.32,0.32,44.07,0.31,123.5,0.41,43.79,0.41,180.31,0.54,43.37,0.52,78.61,0.91,44.36,0.88,234.43,0.18,43.44,0.18,255.09,0.35,43.67,0.34,177.54,-1613,-1500,-1800,43.61416666666667,5.829999999999999,0 days 00:10:00,True,25,-1620.0,-1622.0,-1617.0,-1616.0,-1621.0,-1619.0,BELOW
2026-08-07 02:10:37,29.59,76.44,0.75,43.73,0.78,163.34,0.84,43.73,0.84,216.94,0.08,42.52,0.08,327.66,0.31,44.07,0.32,196.84,0.79,43.44,0.79,154.76,0.46,43.5,0.47,81.03,0.32,43.73,0.33,137.11,0.41,44.07,0.41,159.01,0.54,43.67,0.53,72.58,0.91,44.19,0.92,241.58,0.18,43.73,0.18,200.96,0.35,44.12,0.35,141.34,-1616,-1500,-1800,43.708333333333336,6.0,0 days 00:09:59,True,25,-1613.0,-1620.0,-1622.0,-1617.0,-1616.0,-1621.0,BELOW
2026-08-07 02:20:38,29.59,76.69,0.75,43.79,0.73,161.44,0.84,44.02,0.84,186.09,0.08,42.41,0.08,327.66,0.31,44.36,0.3,190.33,0.79,43.44,0.82,164.2,0.46,43.44,0.47,80.18,0.32,43.96,0.33,114.25,0.41,43.84,0.41,175.51,0.54,43.56,0.52,76.72,0.91,44.3,0.88,219.5,0.18,43.56,0.18,215.79,0.35,43.67,0.34,169.1,-1616,-1500,-1800,43.69583333333333,5.8999999999999995,0 days 00:10:01,True,25,-1616.0,-1613.0,-1620.0,-1622.0,-1617.0,-1616.0,BELOW
2026-08-07 02:30:38,29.43,77.18,0.75,43.84,0.76,157.76,0.84,44.12,0.85,164.41,0.08,42.35,0.08,327.66,0.31,44.53,0.31,168.11,0.79,44.02,0.77,140.8,0.46,43.33,0.46,86.4,0.32,43.67,0.33,136.92,0.41,43.5,0.42,181.49,0.54,43.73,0.52,74.15,0.91,44.12,0.88,327.66,0.18,43.67,0.18,200.96,0.35,43.96,0.36,160.22,-1615,-1500,-1800,43.73666666666667,5.92,0 days 00:10:00,True,25,-1616.0,-1616.0,-1613.0,-1620.0,-1622.0,-1617.0,BELOW
2026-08-07 02:40:38,29.43,77.39,0.75,43.61,0.73,186.89,0.84,44.12,0.84,166.37,0.08,42.46,0.08,327.66,0.31,44.19,0.32,181.73,0.79,43.56,0.78,139.5,0.46,43.37,0.46,85.86,0.32,44.07,0.32,113.47,0.41,44.07,0.42,147.11,0.54,43.84,0.55,74.74,0.91,43.73,0.94,271.88,0.18,43.56,0.18,172.64,0.35,44.25,0.35,136.39,-1616,-1500,-1800,43.735833333333325,5.969999999999999,0 days 00:10:00,True,25,-1615.0,-1616.0,-1616.0,-1613.0,-1620.0,-1622.0,BELOW
2026-08-07 02:50:38,29.38,77.42,0.75,43.44,0.72,202.84,0.84,43.9,0.86,193.34,0.08,41.78,0.08,327.66,0.31,44.12,0.31,208.86,0.79,43.84,0.77,129.92,0.46,43.27,0.46,89.79,0.32,43.5,0.32,181.49,0.41,44.12,0.4,133.09,0.54,43.21,0.52,80.97,0.91,44.12,0.92,245.5,0.18,43.15,0.18,297.07,0.35,44.12,0.34,145.75,-1617,-1500,-1800,43.54749999999999,5.879999999999999,0 days 00:10:00,True,25,-1616.0,-1615.0,-1616.0,-1616.0,-1613.0,-1620.0,BELOW
2026-08-07 03:00:38,28.95,78.43,0.75,43.33,0.75,211.36,0.84,43.73,0.83,210.37,0.08,42.46,0.08,327.66,0.31,44.19,0.32,200.17,0.79,43.9,0.77,119.85,0.46,42.93,0.46,120.45,0.32,43.84,0.32,128.72,0.41,43.73,0.41,163.34,0.54,43.5,0.55,79.72,0.91,44.3,0.89,246.46,0.18,43.56,0.18,219.23,0.35,44.25,0.34,140.3,-1607,-1500,-1800,43.64333333333334,5.8999999999999995,0 days 00:10:00,True,25,-1617.0,-1616.0,-1615.0,-1616.0,-1616.0,-1613.0,TARGET
2026-08-07 03:10:38,28.85,78.37,0.75,43.5,0.73,194.53,0.84,43.61,0.87,226.71,0.08,42.52,0.08,327.66,0.31,44.36,0.3,173.66,0.79,43.37,0.79,154.56,0.46,43.04,0.45,100.21,0.32,43.33,0.31,138.77,0.41,43.56,0.4,179.37,0.54,43.73,0.54,70.65,0.91,44.25,0.93,269.81,0.18,43.67,0.18,197.57,0.35,44.25,0.34,149.06,-1603,-1500,-1800,43.59916666666667,5.92,0 days 00:10:00,True,25,-1607.0,-1617.0,-1616.0,-1615.0,-1616.0,-1616.0,TARGET
2026-08-07 03:20:38,28.9,77.73,0.75,44.02,0.75,169.76,0.84,43.79,0.86,204.18,0.08,42.64,0.08,327.66,0.31,44.19,0.32,189.35,0.79,43.56,0.82,148.5,0.46,42.93,0.47,105.64,0.32,43.96,0.31,122.27,0.41,44.02,0.4,148.28,0.54,43.56,0.55,74.65,0.91,43.73,0.93,295.01,0.18,43.61,0.18,226.71,0.35,43.73,0.34,164.85,-1607,-1500,-1800,43.645,6.009999999999999,0 days 00:10:00,True,25,-1603.0,-1607.0,-1617.0,-1616.0,-1615.0,-1616.0,TARGET
2026-08-07 03:30:38,28.95,76.48,0.75,43.79,0.75,161.44,0.84,44.19,0.87,184.12,0.08,42.7,0.08,327.66,0.31,44.53,0.32,167.89,0.79,43.27,0.76,155.91,0.46,43.33,0.46,85.86,0.32,43.67,0.31,162.7,0.41,43.67,0.4,170.96,0.54,43.1,0.54,82.82,0.91,43.73,0.89,307.72,0.18,43.1,0.18,310.57,0.35,44.07,0.35,164.62,-1606,-1500,-1800,43.59583333333334,5.909999999999999,0 days 00:10:00,True,25,-1607.0,-1603.0,-1607.0,-1617.0,-1616.0,-1615.0,TARGET
2026-08-07 03:40:38,29.06,75.53,0.75,43.84,0.78,171.62,0.84,44.07,0.86,205.25,0.08,42.35,0.08,327.66,0.31,43.84,0.32,207.5,0.79,43.79,0.81,132.39,0.46,43.15,0.45,89.31,0.32,43.44,0.31,153.05,0.41,43.73,0.42,171.41,0.54,43.56,0.54,74.96,0.91,44.19,0.88,232.92,0.18,42.81,0.18,229.76,0.35,44.19,0.36,130.78,-1608,-1500,-1800,43.580000000000005,5.99,0 days 00:10:00,True,25,-1606.0,-1607.0,-1603.0,-1607.0,-1617.0,-1616.0,TARGET
2026-08-07 03:50:38,28.85,76.35,0.75,43.84,0.77,163.56,0.84,44.07,0.87,177.12,0.08,42.46,0.08,327.66,0.31,44.07,0.32,202.54,0.79,43.56,0.79,162.48,0.46,43.37,0.45,86.52,0.32,43.96,0.32,112.56,0.41,43.79,0.41,165.29,0.54,43.67,0.56,73.56,0.91,44.02,0.9,225.4,0.18,43.56,0.18,205.87,0.35,44.07,0.34,138.55,-1606,-1500,-1800,43.70333333333334,5.99,0 days 00:10:00,True,25,-1608.0,-1606.0,-1607.0,-1603.0,-1607.0,-1617.0,TARGET
2026-08-07 04:00:38,28.74,76.02,0.75,43.21,0.73,207.61,0.84,44.19,0.85,170.65,0.08,42.52,0.08,327.66,0.31,44.36,0.31,167.46,0.79,43.84,0.77,128.72,0.46,43.44,0.45,80.54,0.32,44.19,0.32,119.75,0.41,43.61,0.4,189.45,0.54,43.37,0.52,82.87,0.91,44.19,0.92,222.4,0.18,43.44,0.18,225.82,0.35,43.61,0.35,179.6,-1606,-1500,-1800,43.66416666666667,5.879999999999999,0 days 00:10:00,True,25,-1606.0,-1608.0,-1606.0,-1607.0,-1603.0,-1607.0,TARGET
2026-08-07 04:10:38,28.9,74.8,0.75,43.5,0.72,181.73,0.84,43.5,0.87,270.44,0.08,42.81,0.08,327.66,0.31,44.48,0.32,183.15,0.79,43.96,0.76,124.45,0.46,42.98,0.47,101.22,0.32,43.79,0.32,132.23,0.41,43.9,0.41,169.76,0.54,43.67,0.53,70.19,0.91,43.73,0.88,301.44,0.18,43.67,0.18,189.45,0.35,44.07,0.35,153.17,-1593,-1500,-1800,43.671666666666674,5.889999999999999,0 days 00:10:00,True,25,-1606.0,-1606.0,-1608.0,-1606.0,-1607.0,-1603.0,TARGET
2026-08-07 04:20:37,28.85,75.19,0.75,43.44,0.72,186.39,0.84,43.9,0.83,193.34,0.08,42.7,0.08,327.66,0.31,44.07,0.31,194.1,0.79,43.5,0.81,156.73,0.46,43.1,0.47,96.92,0.32,43.61,0.33,148.89,0.41,43.79,0.4,182.93,0.54,43.04,0.52,80.28,0.91,44.19,0.88,241.9,0.18,43.1,0.18,291.15,0.35,44.07,0.36,148.48,-1609,-1500,-1800,43.54250000000001,5.89,0 days 00:09:59,True,25,-1593.0,-1606.0,-1606.0,-1608.0,-1606.0,-1607.0,TARGET
2026-08-07 04:30:38,28.69,76.11,0.75,43.84,0.74,190.44,0.84,43.84,0.82,220.67,0.08,42.7,0.08,327.66,0.31,44.25,0.32,206.59,0.79,43.73,0.76,127.38,0.46,42.98,0.45,101.98,0.32,43.9,0.32,116.0,0.41,44.12,0.4,144.25,0.54,43.61,0.54,72.78,0.91,43.96,0.88,278.78,0.18,43.61,0.18,195.04,0.35,43.96,0.35,162.08,-1599,-1500,-1800,43.708333333333336,5.839999999999999,0 days 00:10:01,True,25,-1609.0,-1593.0,-1606.0,-1606.0,-1608.0,-1606.0,TARGET
2026-08-07 04:40:38,28.74,76.38,0.75,43.27,0.78,218.07,0.84,44.07,0.84,168.37,0.08,42.29,0.08,327.66,0.31,44.48,0.31,162.09,0.79,43.44,0.82,154.56,0.46,43.33,0.47,87.62,0.32,43.61,0.33,138.11,0.41,44.12,0.4,147.3,0.54,43.1,0.53,78.64,0.91,44.3,0.9,222.99,0.18,43.27,0.18,285.84,0.35,44.07,0.36,139.56,-1596,-1500,-1800,43.612500000000004,6.000000000000001,0 days 00:10:00,True,25,-1599.0,-1609.0,-1593.0,-1606.0,-1606.0,-1608.0,TARGET
2026-08-07 04:50:38,28.74,76.48,0.75,43.79,0.76,159.59,0.84,43.56,0.84,219.23,0.08,42.24,0.08,327.66,0.31,44.53,0.32,170.35,0.79,43.96,0.79,140.8,0.46,42.93,0.47,112.64,0.32,43.61,0.32,139.87,0.41,43.56,0.4,194.78,0.54,43.67,0.54,72.87,0.91,44.25,0.92,250.54,0.18,43.67,0.18,203.64,0.35,43.73,0.34,171.18,-1601,-1500,-1800,43.625,5.959999999999999,0 days 00:10:00,True,25,-1596.0,-1599.0,-1609.0,-1593.0,-1606.0,-1606.0,TARGET
2026-08-07 05:00:38,28.79,76.11,0.75,43.9,0.76,156.41,0.84,44.12,0.84,174.92,0.08,42.58,0.08,327.66,0.31,43.96,0.32,240.64,0.79,43.9,0.79,126.55,0.46,43.37,0.46,84.92,0.32,43.67,0.33,131.87,0.41,43.96,0.41,167.94,0.54,43.67,0.52,71.37,0.91,43.9,0.94,262.31,0.18,43.56,0.18,230.19,0.35,44.19,0.34,141.53,-1593,-1500,-1800,43.73166666666666,5.969999999999999,0 days 00:10:00,True,25,-1601.0,-1596.0,-1599.0,-1609.0,-1593.0,-1606.0,TARGET
2026-08-07 05:10:38,28.69,76.48,0.75,43.27,0.75,217.78,0.84,44.19,0.81,181.97,0.08,42.58,0.08,327.66,0.31,44.48,0.3,174.11,0.79,43.73,0.78,133.14,0.46,43.56,0.47,83.7,0.32,43.5,0.32,148.5,0.41,44.02,0.4,165.94,0.54,43.33,0.56,76.22,0.91,44.12,0.92,241.58,0.18,43.33,0.18,254.08,0.35,43.73,0.36,175.51,-1593,-1500,-1800,43.65333333333333,5.930000000000001,0 days 00:10:00,True,25,-1593.0,-1601.0,-1596.0,-1599.0,-1609.0,-1593.0,TARGET
2026-08-07 05:20:38,28.63,76.57,0.75,43.96,0.76,174.01,0.84,43.61,0.84,223.06,0.08,42.41,0.08,327.66,0.31,43.96,0.3,228.51,0.79,43.84,0.81,119.68,0.46,43.04,0.46,135.12,0.32,43.73,0.32,106.8,0.41,43.96,0.4,174.24,0.54,43.44,0.52,75.36,0.91,44.25,0.93,246.14,0.18,43.61,0.18,213.04,0.35,44.19,0.35,141.72,-1599,-1500,-1800,43.666666666666664,5.949999999999999,0 days 00:10:00,True,25,-1593.0,-1593.0,-1601.0,-1596.0,-1599.0,-1609.0,TARGET
2026-08-07 05:30:38,28.74,75.62,0.75,43.61,0.77,164.42,0.84,44.07,0.86,232.62,0.08,42.7,0.08,327.66,0.31,44.19,0.3,173.21,0.79,43.56,0.81,151.97,0.46,43.44,0.46,85.03,0.32,43.67,0.31,140.06,0.41,44.07,0.4,148.87,0.54,43.67,0.55,72.03,0.91,44.02,0.94,254.1,0.18,43.67,0.18,212.76,0.35,44.12,0.36,145.95,-1594,-1500,-1800,43.732499999999995,6.0200000000000005,0 days 00:10:00,True,25,-1599.0,-1593.0,-1593.0,-1601.0,-1596.0,-1599.0,TARGET
2026-08-07 05:40:38,28.69,76.14,0.75,43.79,0.75,248.26,0.84,43.9,0.87,193.09,0.08,42.64,0.08,327.66,0.31,44.36,0.3,175.83,0.79,43.61,0.78,175.06,0.46,43.04,0.47,100.95,0.32,44.07,0.33,118.43,0.41,43.9,0.41,152.97,0.54,43.33,0.56,82.37,0.91,44.12,0.92,241.58,0.18,43.56,0.18,242.31,0.35,43.9,0.35,160.0,-1603,-1500,-1800,43.685,6.0,0 days 00:10:00,True,25,-1594.0,-1599.0,-1593.0,-1593.0,-1601.0,-1596.0,TARGET
2026-08-07 05:50:38,28.74,76.44,0.75,43.79,0.78,157.76,0.84,44.12,0.87,157.23,0.08,42.75,0.08,327.66,0.31,44.07,0.32,196.84,0.79,43.73,0.76,135.94,0.46,43.44,0.47,100.54,0.32,43.9,0.31,92.18,0.41,44.02,0.42,145.39,0.54,43.44,0.52,75.36,0.91,44.25,0.93,230.0,0.18,43.5,0.18,197.3,0.35,44.19,0.35,157.42,-1597,-1500,-1800,43.76666666666666,5.989999999999998,0 days 00:10:00,True,25,-1603.0,-1594.0,-1599.0,-1593.0,-1593.0,-1601.0,TARGET
2026-08-07 06:00:38,28.74,75.5,0.75,43.44,0.76,180.76,0.84,44.07,0.85,172.53,0.08,42.46,0.08,327.66,0.31,44.48,0.3,169.91,0.79,43.44,0.82,159.95,0.46,42.87,0.45,81.99,0.32,43.56,0.33,156.95,0.41,44.07,0.42,202.28,0.54,43.67,0.54,75.67,0.91,44.19,0.93,245.82,0.18,43.61,0.18,203.64,0.35,44.12,0.34,134.55,-1599,-1500,-1800,43.665,6.0,0 days 00:10:00,True,25,-1597.0,-1603.0,-1594.0,-1599.0,-1593.0,-1593.0,TARGET
2026-08-07 07:20:38,29.22,74.95,0.75,43.33,0.72,218.07,0.84,43.73,0.86,213.6,0.08,42.75,0.08,327.66,0.31,44.42,0.32,180.34,0.79,43.5,0.77,153.25,0.46,43.21,0.46,101.49,0.32,44.19,0.33,114.7,0.41,43.96,0.42,154.87,0.54,43.33,0.53,75.9,0.91,44.25,0.9,259.82,0.18,43.37,0.18,250.45,0.35,44.12,0.36,136.03,-1612,-1500,-1800,43.68,5.930000000000001,0 days 00:10:00,True,26,-1612.0,-1605.0,-1610.0,-1605.0,-1604.0,-1607.0,BELOW
2026-08-07 07:30:39,29.22,75.01,0.75,43.44,0.77,188.45,0.84,43.1,0.82,228.37,0.08,42.58,0.08,327.66,0.31,44.53,0.32,174.33,0.79,43.61,0.77,151.97,0.46,43.15,0.45,96.92,0.32,44.07,0.31,114.55,0.41,43.84,0.4,180.55,0.54,43.61,0.56,73.56,0.91,44.19,0.9,264.03,0.18,43.67,0.18,219.81,0.35,43.9,0.35,158.39,-1610,-1500,-1800,43.640833333333326,5.91,0 days 00:10:01,True,26,-1612.0,-1612.0,-1605.0,-1610.0,-1605.0,-1604.0,TARGET
2026-08-07 07:40:38,29.65,73.48,0.75,43.61,0.72,179.37,0.84,43.73,0.81,216.37,0.08,42.18,0.08,327.66,0.31,44.07,0.31,168.6,0.79,43.56,0.81,145.19,0.46,43.44,0.45,87.74,0.32,43.79,0.32,133.67,0.41,43.96,0.42,158.59,0.54,43.37,0.56,80.44,0.91,44.07,0.91,254.43,0.18,43.5,0.18,222.47,0.35,44.19,0.35,149.06,-1609,-1500,-1800,43.6225,5.92,0 days 00:09:59,True,26,-1610.0,-1612.0,-1612.0,-1605.0,-1610.0,-1605.0,TARGET
2026-08-07 07:50:38,29.91,70.25,0.75,43.73,0.72,252.43,0.84,43.9,0.85,185.61,0.08,42.58,0.08,327.66,0.31,44.07,0.31,202.54,0.79,43.5,0.77,184.15,0.46,43.5,0.46,85.25,0.32,43.61,0.32,138.28,0.41,44.07,0.4,150.26,0.54,43.37,0.53,81.5,0.91,44.3,0.91,219.5,0.18,43.56,0.18,226.42,0.35,43.96,0.35,156.62,-1609,-1500,-1800,43.67916666666667,5.879999999999999,0 days 00:10:00,True,26,-1609.0,-1610.0,-1612.0,-1612.0,-1605.0,-1610.0,TARGET
2026-08-07 08:00:38,30.34,68.05,0.75,43.84,0.78,156.2,0.84,43.96,0.87,193.6,0.08,42.7,0.08,327.66,0.31,44.07,0.31,212.01,0.79,43.5,0.8,153.25,0.46,43.44,0.47,85.03,0.32,44.02,0.33,115.35,0.41,43.84,0.41,183.17,0.54,43.61,0.53,73.07,0.91,44.3,0.9,234.14,0.18,43.67,0.18,209.82,0.35,44.12,0.35,145.95,-1623,-1500,-1800,43.755833333333335,6.01,0 days 00:10:00,True,26,-1609.0,-1609.0,-1610.0,-1612.0,-1612.0,-1605.0,BELOW
2026-08-07 08:10:38,30.66,67.9,0.75,43.27,0.74,202.04,0.84,44.12,0.81,168.6,0.08,42.58,0.08,327.66,0.31,44.19,0.31,209.12,0.79,43.9,0.81,120.0,0.46,43.56,0.45,84.62,0.32,43.84,0.31,116.0,0.41,44.12,0.41,202.54,0.54,43.73,0.54,69.68,0.91,44.25,0.92,234.14,0.18,43.67,0.18,189.45,0.35,43.96,0.34,150.08,-1614,-1500,-1800,43.76583333333334,5.9,0 days 00:10:00,True,26,-1623.0,-1609.0,-1609.0,-1610.0,-1612.0,-1612.0,BELOW
2026-08-07 10:30:38,34.94,56.6,0.75,43.84,0.75,167.5,0.84,43.79,0.87,198.61,0.08,42.35,0.08,327.66,0.31,44.59,0.3,172.43,0.79,43.9,0.8,135.33,0.46,43.1,0.47,101.98,0.32,43.79,0.33,132.06,0.41,44.12,0.4,141.53,0.54,43.15,0.56,73.57,0.91,44.12,0.89,245.5,0.18,43.79,0.18,213.6,0.35,44.12,0.36,142.98,-1641,-1500,-1800,43.721666666666664,5.989999999999999,0 days 00:10:00,True,26,-1639.0,-1634.0,-1635.0,-1630.0,-1632.0,-1631.0,BELOW
2026-08-07 10:40:39,35.31,55.75,0.75,43.33,0.75,211.36,0.84,44.12,0.85,184.12,0.08,42.29,0.08,327.66,0.31,44.07,0.32,205.51,0.79,43.84,0.81,140.61,0.46,43.37,0.46,87.06,0.32,44.12,0.31,112.85,0.41,43.61,0.4,181.97,0.54,43.56,0.53,81.12,0.91,44.25,0.88,233.83,0.18,43.37,0.18,228.67,0.35,44.07,0.35,150.26,-1643,-1500,-1800,43.666666666666664,5.919999999999999,0 days 00:10:01,True,26,-1641.0,-1639.0,-1634.0,-1635.0,-1630.0,-1632.0,BELOW
2026-08-07 11:00:38,35.95,53.76,0.75,43.67,0.72,182.45,0.84,44.25,0.86,159.42,0.08,42.58,0.08,327.66,0.31,44.36,0.3,182.92,0.79,43.79,0.79,140.06,0.46,43.44,0.47,86.63,0.32,43.73,0.31,137.28,0.41,44.12,0.41,150.47,0.54,43.21,0.55,82.93,0.91,44.3,0.9,242.53,0.18,43.21,0.18,304.09,0.35,44.07,0.34,141.34,-1643,-1500,-1800,43.7275,5.91,0 days 00:09:59,True,26,-1649.0,-1643.0,-1641.0,-1639.0,-1634.0,-1635.0,BELOW
2026-08-07 11:10:38,36.22,53.83,0.75,43.27,0.73,199.11,0.84,44.02,0.83,191.19,0.08,42.41,0.08,327.66,0.31,44.48,0.31,174.33,0.79,43.5,0.76,154.98,0.46,43.27,0.47,93.97,0.32,43.56,0.31,146.92,0.41,44.25,0.41,149.25,0.54,43.67,0.55,75.67,0.91,44.36,0.9,234.43,0.18,43.67,0.18,213.04,0.35,44.12,0.35,141.16,-1643,-1500,-1800,43.715,5.88,0 days 00:10:00,True,26,-1643.0,-1649.0,-1643.0,-1641.0,-1639.0,-1634.0,BELOW
2026-08-07 11:20:38,36.27,53.98,0.75,43.84,0.78,169.76,0.84,43.56,0.85,230.49,0.08,42.7,0.08,327.66,0.31,44.25,0.31,187.07,0.79,43.44,0.81,156.73,0.46,42.81,0.47,100.68,0.32,43.9,0.31,131.33,0.41,44.19,0.41,166.81,0.54,43.84,0.52,73.46,0.91,44.42,0.89,230.9,0.18,43.73,0.18,206.96,0.35,44.25,0.35,137.37,-1642,-1500,-1800,43.74416666666667,5.959999999999998,0 days 00:10:00,True,26,-1643.0,-1643.0,-1649.0,-1643.0,-1641.0,-1639.0,BELOW
2026-08-07 11:30:38,36.43,53.7,0.75,43.79,0.77,171.41,0.84,44.12,0.82,181.97,0.08,42.46,0.08,327.66,0.31,44.36,0.31,169.25,0.79,43.5,0.76,151.37,0.46,43.44,0.46,87.18,0.32,43.79,0.32,117.66,0.41,43.73,0.4,184.64,0.54,43.79,0.53,77.22,0.91,44.48,0.91,243.15,0.18,43.79,0.18,204.18,0.35,43.67,0.36,159.17,-1646,-1500,-1800,43.74333333333334,5.9,0 days 00:10:00,True,26,-1642.0,-1643.0,-1643.0,-1649.0,-1643.0,-1641.0,BELOW
2026-08-07 12:10:38,37.55,50.68,0.75,43.44,0.78,197.04,0.84,43.67,0.84,227.01,0.08,42.87,0.08,327.66,0.31,44.3,0.3,209.95,0.79,43.96,0.79,135.14,0.46,43.1,0.45,105.93,0.32,44.02,0.31,121.36,0.41,44.12,0.41,142.78,0.54,43.79,0.53,76.28,0.91,43.9,0.89,278.41,0.18,43.73,0.18,252.43,0.35,44.36,0.35,135.08,-1654,-1500,-1800,43.77166666666667,5.909999999999999,0 days 00:09:59,True,26,-1653.0,-1652.0,-1650.0,-1646.0,-1642.0,-1643.0,BELOW
2026-08-07 12:40:38,38.3,49.98,0.75,43.73,0.73,187.37,0.84,43.84,0.85,214.15,0.08,42.7,0.08,327.66,0.31,44.53,0.3,168.11,0.79,43.5,0.77,154.98,0.46,42.98,0.47,104.04,0.32,43.56,0.31,219.23,0.41,43.9,0.41,167.94,0.54,43.9,0.53,70.4,0.91,44.07,0.9,279.5,0.18,43.56,0.18,177.07,0.35,44.3,0.35,140.48,-1645,-1500,-1800,43.714166666666664,5.88,0 days 00:10:00,True,26,-1650.0,-1650.0,-1654.0,-1653.0,-1652.0,-1650.0,BELOW
2026-08-07 12:50:39,38.46,49.67,0.75,43.5,0.77,199.64,0.84,43.96,0.83,208.32,0.08,42.64,0.08,327.66,0.31,44.25,0.32,219.22,0.79,43.9,0.76,136.48,0.46,43.1,0.47,101.36,0.32,43.61,0.32,127.88,0.41,43.79,0.41,187.62,0.54,43.37,0.53,80.44,0.91,44.36,0.94,226.87,0.18,43.44,0.18,255.09,0.35,43.79,0.34,169.32,-1648,-1500,-1800,43.642500000000005,5.949999999999999,0 days 00:10:01,True,26,-1645.0,-1650.0,-1650.0,-1654.0,-1653.0,-1652.0,BELOW
2026-08-07 14:00:39,39.05,44.58,0.75,43.84,0.72,171.86,0.84,44.3,0.86,173.43,0.08,42.81,0.08,327.66,0.31,44.59,0.31,166.34,0.79,43.56,0.76,155.17,0.46,43.61,0.46,85.9,0.32,43.84,0.33,149.67,0.41,43.84,0.41,169.54,0.54,43.27,0.53,80.6,0.91,44.42,0.91,203.86,0.18,43.27,0.18,280.0,0.35,44.12,0.36,152.09,-1641,-1500,-1800,43.78916666666666,5.910000000000001,0 days 00:10:01,True,26,-1650.0,-1644.0,-1647.0,-1650.0,-1651.0,-1641.0,BELOW
2026-08-07 14:10:39,38.73,43.42,0.75,43.27,0.78,171.26,0.84,44.12,0.85,181.73,0.08,42.81,0.08,327.66,0.31,44.42,0.32,171.76,0.79,44.07,0.82,123.5,0.46,43.37,0.46,97.56,0.32,44.07,0.31,114.55,0.41,43.96,0.41,167.94,0.54,43.9,0.54,76.47,0.91,44.12,0.91,327.66,0.18,43.84,0.18,201.48,0.35,44.12,0.36,145.75,-1644,-1500,-1800,43.839166666666664,6.02,0 days 00:10:00,True,26,-1641.0,-1650.0,-1644.0,-1647.0,-1650.0,-1651.0,BELOW
2026-08-07 16:20:39,44.82,37.53,0.75,44.07,0.76,172.53,0.84,43.84,0.82,204.45,0.08,42.46,0.08,327.66,0.31,43.9,0.3,217.79,0.79,43.79,0.78,134.97,0.46,43.33,0.46,108.17,0.32,43.79,0.33,149.28,0.41,44.07,0.4,183.89,0.54,43.56,0.54,81.24,0.91,44.12,0.93,279.5,0.18,43.61,0.18,256.1,0.35,44.3,0.34,143.34,-1645,-1500,-1800,43.73666666666667,5.92,0 days 00:10:00,True,26,-1648.0,-1646.0,-1653.0,-1651.0,-1649.0,-1651.0,BELOW
2026-08-07 19:40:39,36.49,49.67,0.75,43.79,0.76,173.32,0.84,44.12,0.82,183.89,0.08,42.52,0.08,327.66,0.31,44.36,0.32,187.55,0.79,44.02,0.78,120.32,0.46,43.61,0.45,83.81,0.32,43.56,0.31,145.19,0.41,44.02,0.41,170.21,0.54,43.79,0.53,85.06,0.91,43.73,0.89,282.97,0.18,43.73,0.18,219.81,0.35,43.79,0.35,171.41,-1667,-1500,-1800,43.75333333333334,5.88,0 days 00:10:00,True,26,-1662.0,-1663.0,-1666.0,-1665.0,-1659.0,-1660.0,BELOW
2026-08-07 21:50:39,34.72,52.39,0.75,43.84,0.74,173.78,0.84,43.9,0.83,216.94,0.08,42.64,0.08,327.66,0.31,44.48,0.3,171.99,0.79,43.96,0.79,125.57,0.46,43.5,0.45,105.96,0.32,44.07,0.32,128.2,0.41,44.12,0.42,152.09,0.54,43.44,0.54,77.37,0.91,44.42,0.91,230.9,0.18,43.33,0.18,249.79,0.35,44.02,0.36,158.59,-1653,-1500,-1800,43.81,5.920000000000001,0 days 00:09:59,True,26,-1654.0,-1655.0,-1660.0,-1659.0,-1659.0,-1662.0,BELOW
2026-08-07 22:10:39,34.72,51.63,0.75,43.73,0.72,200.96,0.84,44.3,0.87,163.34,0.08,42.46,0.08,327.66,0.31,44.48,0.31,167.89,0.79,43.44,0.78,158.33,0.46,43.56,0.46,86.32,0.32,44.02,0.31,119.29,0.41,43.96,0.41,143.5,0.54,43.73,0.56,73.75,0.91,44.36,0.94,238.72,0.18,43.73,0.18,203.9,0.35,43.9,0.35,154.47,-1653,-1500,-1800,43.80583333333334,5.969999999999999,0 days 00:10:00,True,26,-1659.0,-1653.0,-1654.0,-1655.0,-1660.0,-1659.0,BELOW
2026-08-07 22:20:39,34.72,51.63,0.75,43.44,0.76,212.2,0.84,44.19,0.83,170.87,0.08,42.35,0.08,327.66,0.31,44.48,0.31,174.11,0.79,43.5,0.76,160.37,0.46,43.56,0.47,85.9,0.32,44.25,0.33,157.42,0.41,43.73,0.4,187.37,0.54,43.67,0.55,73.36,0.91,44.02,0.93,258.13,0.18,43.79,0.18,204.18,0.35,43.9,0.36,163.56,-1643,-1500,-1800,43.74,5.96,0 days 00:10:00,True,26,-1653.0,-1659.0,-1653.0,-1654.0,-1655.0,-1660.0,BELOW
2026-08-07 22:30:40,34.62,51.63,0.75,42.81,0.78,202.6,0.84,44.02,0.87,183.65,0.08,42.41,0.08,327.66,0.31,44.12,0.3,199.65,0.79,43.33,0.77,152.64,0.46,43.44,0.47,86.63,0.32,43.67,0.33,150.31,0.41,43.9,0.4,154.67,0.54,43.56,0.53,77.28,0.91,43.79,0.91,301.82,0.18,43.33,0.18,241.03,0.35,44.36,0.34,136.56,-1644,-1500,-1800,43.56166666666667,5.959999999999999,0 days 00:10:01,True,26,-1643.0,-1653.0,-1659.0,-1653.0,-1654.0,-1655.0,BELOW
2026-08-07 22:40:40,34.51,52.42,0.75,43.79,0.76,167.28,0.84,44.25,0.87,170.87,0.08,42.64,0.08,327.66,0.31,44.42,0.31,163.76,0.79,43.44,0.76,205.6,0.46,43.56,0.45,85.25,0.32,44.02,0.31,120.32,0.41,43.96,0.4,158.59,0.54,43.21,0.54,85.1,0.91,43.73,0.91,234.71,0.18,43.21,0.18,318.22,0.35,44.3,0.36,140.48,-1653,-1500,-1800,43.71083333333333,5.930000000000001,0 days 00:10:00,True,26,-1644.0,-1643.0,-1653.0,-1659.0,-1653.0,-1654.0,BELOW
2026-08-07 22:50:40,33.92,55.05,0.75,43.9,0.72,163.76,0.84,44.12,0.87,186.34,0.08,42.7,0.08,327.66,0.31,44.42,0.31,165.49,0.79,43.5,0.82,162.26,0.46,43.61,0.47,85.78,0.32,44.07,0.31,120.63,0.41,43.9,0.42,176.21,0.54,43.37,0.53,69.37,0.91,44.36,0.89,234.43,0.18,43.79,0.18,193.6,0.35,44.3,0.35,139.09,-1652,-1500,-1800,43.836666666666666,5.949999999999998,0 days 00:10:00,True,26,-1653.0,-1644.0,-1643.0,-1653.0,-1659.0,-1653.0,BELOW
2026-08-07 23:00:39,33.55,56.33,0.75,43.33,0.78,199.37,0.84,44.07,0.83,205.51,0.08,42.64,0.08,327.66,0.31,44.48,0.3,180.81,0.79,44.02,0.8,128.05,0.46,43.04,0.45,102.61,0.32,43.96,0.31,122.43,0.41,44.07,0.4,152.09,0.54,43.79,0.55,73.85,0.91,44.25,0.92,259.82,0.18,43.73,0.18,201.22,0.35,43.96,0.36,174.01,-1649,-1500,-1800,43.778333333333336,5.96,0 days 00:09:59,True,26,-1652.0,-1653.0,-1644.0,-1643.0,-1653.0,-1659.0,BELOW
2026-08-07 23:40:40,32.59,57.92,0.75,43.33,0.74,202.04,0.84,44.07,0.81,193.85,0.08,42.41,0.08,327.66,0.31,44.48,0.31,176.06,0.79,43.44,0.77,156.53,0.46,43.5,0.46,81.12,0.32,43.79,0.32,127.21,0.41,43.79,0.4,175.98,0.54,43.33,0.54,81.4,0.91,44.12,0.91,241.26,0.18,43.37,0.18,264.9,0.35,44.07,0.36,148.87,-1648,-1500,-1800,43.64166666666667,5.88,0 days 00:10:00,True,26,-1645.0,-1644.0,-1648.0,-1649.0,-1652.0,-1653.0,BELOW
2026-08-08 00:00:40,32.05,59.32,0.75,43.56,0.73,176.83,0.84,43.73,0.81,238.76,0.08,42.64,0.08,327.66,0.31,44.48,0.3,168.11,0.79,43.9,0.81,131.14,0.46,42.98,0.46,100.21,0.32,43.84,0.32,140.42,0.41,44.12,0.42,152.09,0.54,43.37,0.55,81.4,0.91,44.19,0.94,229.7,0.18,43.44,0.18,259.9,0.35,43.73,0.34,177.76,-1643,-1500,-1800,43.665,5.9399999999999995,0 days 00:10:00,True,26,-1647.0,-1648.0,-1645.0,-1644.0,-1648.0,-1649.0,BELOW
2026-08-08 00:40:40,31.3,60.36,0.75,43.79,0.73,204.18,0.84,44.12,0.82,174.92,0.08,42.64,0.08,327.66,0.31,44.53,0.32,183.39,0.79,43.37,0.8,159.95,0.46,43.5,0.45,86.32,0.32,43.56,0.32,153.45,0.41,44.12,0.41,147.3,0.54,43.44,0.53,75.36,0.91,44.02,0.9,258.47,0.18,43.5,0.18,229.89,0.35,44.19,0.36,138.55,-1643,-1500,-1800,43.73166666666666,5.9,0 days 00:10:01,True,26,-1639.0,-1641.0,-1640.0,-1643.0,-1647.0,-1648.0,BELOW
2026-08-08 01:20:39,30.45,63.01,0.75,43.5,0.72,191.82,0.84,43.84,0.87,277.69,0.08,42.87,0.08,327.66,0.31,44.12,0.32,206.06,0.79,43.96,0.8,122.27,0.46,43.61,0.45,85.37,0.32,43.5,0.33,153.25,0.41,43.96,0.4,164.2,0.54,43.61,0.55,74.75,0.91,43.84,0.89,267.0,0.18,43.67,0.18,216.37,0.35,43.96,0.34,149.87,-1634,-1500,-1800,43.70333333333334,5.93,0 days 00:09:59,True,26,-1637.0,-1642.0,-1635.0,-1643.0,-1639.0,-1641.0,BELOW
2026-08-08 01:40:39,30.29,64.14,0.75,43.37,0.78,218.36,0.84,44.07,0.86,174.46,0.08,42.75,0.08,327.66,0.31,44.02,0.3,214.44,0.79,43.44,0.76,156.31,0.46,43.56,0.45,85.25,0.32,43.84,0.32,131.14,0.41,43.5,0.42,168.43,0.54,43.67,0.55,73.26,0.91,44.19,0.88,259.82,0.18,43.67,0.18,184.64,0.35,43.79,0.34,173.32,-1635,-1500,-1800,43.65583333333334,5.92,0 days 00:10:00,True,26,-1635.0,-1634.0,-1637.0,-1642.0,-1635.0,-1643.0,BELOW
2026-08-08 01:50:40,30.08,64.08,0.75,43.33,0.78,218.07,0.84,44.19,0.86,172.98,0.08,42.35,0.08,327.66,0.31,44.07,0.31,186.09,0.79,43.37,0.79,158.12,0.46,43.5,0.46,84.5,0.32,44.07,0.31,115.5,0.41,44.12,0.41,148.87,0.54,43.61,0.53,80.5,0.91,44.19,0.92,259.47,0.18,43.56,0.18,206.4,0.35,44.12,0.34,141.53,-1626,-1500,-1800,43.70666666666667,5.97,0 days 00:10:01,True,26,-1635.0,-1635.0,-1634.0,-1637.0,-1642.0,-1635.0,BELOW
2026-08-08 02:00:40,30.08,64.36,0.75,43.5,0.77,202.84,0.84,43.84,0.85,207.5,0.08,42.41,0.08,327.66,0.31,43.96,0.32,214.44,0.79,43.37,0.76,154.56,0.46,43.37,0.47,91.82,0.32,43.96,0.32,124.29,0.41,43.9,0.4,141.86,0.54,43.44,0.56,76.51,0.91,44.02,0.91,327.66,0.18,43.37,0.18,229.28,0.35,43.73,0.36,159.37,-1629,-1500,-1800,43.57249999999999,5.9799999999999995,0 days 00:10:00,True,26,-1626.0,-1635.0,-1635.0,-1634.0,-1637.0,-1642.0,BELOW
2026-08-08 02:10:40,29.81,65.27,0.75,43.96,0.75,163.99,0.84,43.9,0.85,201.75,0.08,42.29,0.08,327.66,0.31,44.48,0.31,182.92,0.79,43.79,0.77,131.14,0.46,43.37,0.46,88.75,0.32,44.07,0.31,118.43,0.41,43.9,0.4,160.22,0.54,43.33,0.52,82.75,0.91,44.25,0.91,237.79,0.18,43.44,0.18,327.66,0.35,44.19,0.35,142.98,-1625,-1500,-1800,43.747499999999995,5.89,0 days 00:10:00,True,26,-1629.0,-1626.0,-1635.0,-1635.0,-1634.0,-1637.0,BELOW
2026-08-08 02:20:39,29.81,64.97,0.75,43.5,0.74,197.04,0.84,44.02,0.85,183.65,0.08,42.58,0.08,327.66,0.31,44.12,0.31,199.9,0.79,43.84,0.79,137.64,0.46,43.37,0.45,87.62,0.32,44.07,0.31,116.31,0.41,44.12,0.42,159.22,0.54,43.73,0.55,69.68,0.91,43.96,0.93,263.0,0.18,43.67,0.18,192.08,0.35,44.12,0.35,153.97,-1620,-1500,-1800,43.75833333333333,5.959999999999999,0 days 00:09:59,True,26,-1625.0,-1629.0,-1626.0,-1635.0,-1635.0,-1634.0,BELOW
2026-08-08 02:30:39,29.91,64.91,0.75,43.33,0.73,211.36,0.84,44.12,0.87,177.12,0.08,42.52,0.08,327.66,0.31,44.07,0.3,215.29,0.79,43.61,0.81,151.97,0.46,43.44,0.45,86.63,0.32,43.9,0.32,127.88,0.41,43.79,0.42,171.18,0.54,43.27,0.54,82.15,0.91,43.96,0.93,273.31,0.18,43.33,0.18,269.74,0.35,43.67,0.36,150.51,-1622,-1500,-1800,43.584166666666654,5.989999999999999,0 days 00:10:00,True,26,-1620.0,-1625.0,-1629.0,-1626.0,-1635.0,-1635.0,BELOW
2026-08-08 02:40:39,29.97,64.23,0.75,43.37,0.73,205.32,0.84,43.96,0.82,180.79,0.08,42.52,0.08,327.66,0.31,44.48,0.3,185.56,0.79,43.44,0.76,154.76,0.46,43.5,0.47,83.99,0.32,43.84,0.31,136.48,0.41,44.07,0.42,150.26,0.54,43.27,0.56,80.69,0.91,43.79,0.9,289.25,0.18,43.33,0.18,274.76,0.35,43.9,0.35,185.85,-1628,-1500,-1800,43.6225,5.88,0 days 00:10:00,True,26,-1622.0,-1620.0,-1625.0,-1629.0,-1626.0,-1635.0,BELOW
2026-08-08 03:00:40,30.13,63.62,0.75,43.5,0.76,200.15,0.84,43.96,0.83,174.01,0.08,42.29,0.08,327.66,0.31,44.12,0.31,194.61,0.79,43.56,0.81,179.37,0.46,43.33,0.45,92.2,0.32,44.02,0.31,123.5,0.41,43.67,0.42,179.84,0.54,43.73,0.52,74.15,0.91,44.25,0.89,222.99,0.18,43.67,0.18,197.83,0.35,43.84,0.34,165.72,-1619,-1500,-1800,43.66166666666667,5.8999999999999995,0 days 00:10:00,True,26,-1624.0,-1628.0,-1622.0,-1620.0,-1625.0,-1629.0,BELOW
2026-08-08 03:10:40,30.13,63.59,0.75,43.5,0.74,191.82,0.84,44.3,0.86,180.1,0.08,42.35,0.08,327.66,0.31,44.42,0.3,182.92,0.79,43.5,0.81,145.37,0.46,43.21,0.46,95.68,0.32,44.02,0.31,114.25,0.41,43.79,0.4,178.0,0.54,43.67,0.54,69.68,0.91,43.84,0.92,289.63,0.18,43.67,0.18,184.64,0.35,43.9,0.36,165.72,-1626,-1500,-1800,43.68083333333334,5.96,0 days 00:10:00,True,26,-1619.0,-1624.0,-1628.0,-1622.0,-1620.0,-1625.0,BELOW
2026-08-08 03:20:40,30.02,63.78,0.75,43.33,0.73,191.06,0.84,44.07,0.84,174.92,0.08,42.64,0.08,327.66,0.31,44.42,0.3,171.76,0.79,43.79,0.79,133.5,0.46,43.5,0.46,83.2,0.32,43.84,0.31,125.25,0.41,44.12,0.4,128.37,0.54,43.27,0.55,81.07,0.91,43.84,0.89,295.79,0.18,43.27,0.18,280.0,0.35,43.61,0.35,179.6,-1621,-1500,-1800,43.64166666666667,5.879999999999999,0 days 00:10:00,True,26,-1626.0,-1619.0,-1624.0,-1628.0,-1622.0,-1620.0,BELOW
2026-08-08 03:30:39,29.91,63.93,0.75,43.27,0.77,196.0,0.84,43.44,0.86,181.49,0.08,42.52,0.08,327.66,0.31,44.48,0.32,169.91,0.79,43.9,0.81,141.86,0.46,43.5,0.45,87.85,0.32,43.9,0.32,127.71,0.41,43.84,0.4,178.24,0.54,43.27,0.52,78.64,0.91,44.07,0.93,240.95,0.18,43.21,0.18,201.5,0.35,44.3,0.35,136.2,-1620,-1500,-1800,43.64166666666666,5.989999999999998,0 days 00:09:59,True,26,-1621.0,-1626.0,-1619.0,-1624.0,-1628.0,-1622.0,BELOW
2026-08-08 03:40:39,29.86,63.93,0.75,43.27,0.76,207.87,0.84,43.67,0.81,216.37,0.08,42.06,0.08,327.66,0.31,43.9,0.31,210.92,0.79,44.02,0.79,120.32,0.46,43.1,0.47,102.61,0.32,43.73,0.32,145.75,0.41,43.56,0.4,197.3,0.54,43.61,0.53,74.25,0.91,43.96,0.92,253.43,0.18,43.56,0.18,208.99,0.35,44.3,0.34,135.08,-1610,-1500,-1800,43.56166666666667,5.909999999999999,0 days 00:10:00,True,26,-1620.0,-1621.0,-1626.0,-1619.0,-1624.0,-1628.0,TARGET
2026-08-08 03:50:40,29.91,63.41,0.75,43.33,0.73,221.59,0.84,43.61,0.84,200.43,0.08,42.7,0.08,327.66,0.31,44.02,0.3,208.32,0.79,43.44,0.77,147.92,0.46,43.15,0.46,94.9,0.32,44.02,0.31,116.46,0.41,43.56,0.4,181.73,0.54,43.37,0.55,78.15,0.91,44.02,0.92,296.96,0.18,43.44,0.18,237.5,0.35,43.73,0.34,169.1,-1608,-1500,-1800,43.5325,5.879999999999999,0 days 00:10:01,True,26,-1610.0,-1620.0,-1621.0,-1626.0,-1619.0,-1624.0,TARGET
2026-08-08 04:00:40,29.97,63.11,0.75,43.44,0.77,205.6,0.84,43.9,0.87,190.94,0.08,42.35,0.08,327.66,0.31,44.48,0.31,176.29,0.79,43.96,0.78,132.58,0.46,43.5,0.46,83.09,0.32,44.02,0.32,121.36,0.41,43.73,0.42,177.76,0.54,42.7,0.53,82.55,0.91,43.84,0.92,327.66,0.18,43.5,0.18,299.85,0.35,43.79,0.34,157.56,-1616,-1500,-1800,43.60083333333333,5.98,0 days 00:10:00,True,26,-1608.0,-1610.0,-1620.0,-1621.0,-1626.0,-1619.0,BELOW
2026-08-08 04:10:40,30.18,63.11,0.75,43.61,0.76,181.97,0.84,43.84,0.84,190.44,0.08,42.52,0.08,327.66,0.31,44.25,0.32,186.82,0.79,43.56,0.81,153.66,0.46,43.1,0.46,120.03,0.32,43.56,0.31,149.92,0.41,43.73,0.42,180.31,0.54,43.44,0.52,86.2,0.91,43.79,0.91,295.41,0.18,43.21,0.18,211.08,0.35,44.07,0.36,148.67,-1615,-1500,-1800,43.55666666666667,5.97,0 days 00:10:00,True,26,-1616.0,-1608.0,-1610.0,-1620.0,-1621.0,-1626.0,BELOW
2026-08-08 04:20:40,30.18,62.86,0.75,43.9,0.75,171.86,0.84,43.9,0.86,180.79,0.08,42.7,0.08,327.66,0.31,44.3,0.32,198.12,0.79,43.33,0.8,156.31,0.46,42.93,0.46,99.48,0.32,43.44,0.31,137.56,0.41,44.02,0.41,160.22,0.54,43.15,0.53,83.43,0.91,44.07,0.9,279.5,0.18,43.15,0.18,291.15,0.35,43.96,0.34,160.22,-1607,-1500,-1800,43.570833333333326,5.9399999999999995,0 days 00:10:00,True,26,-1615.0,-1616.0,-1608.0,-1610.0,-1620.0,-1621.0,TARGET
2026-08-08 04:30:40,30.24,63.11,0.75,43.84,0.78,157.98,0.84,43.5,0.83,212.2,0.08,42.7,0.08,327.66,0.31,44.48,0.32,185.8,0.79,43.9,0.8,126.38,0.46,42.87,0.47,102.97,0.32,44.02,0.33,119.29,0.41,43.79,0.41,175.98,0.54,43.33,0.56,81.76,0.91,43.79,0.93,308.13,0.18,43.44,0.18,246.31,0.35,43.61,0.36,172.87,-1609,-1500,-1800,43.60583333333333,6.05,0 days 00:10:00,True,26,-1607.0,-1615.0,-1616.0,-1608.0,-1610.0,-1620.0,TARGET
2026-08-08 04:40:39,30.4,62.34,0.75,43.73,0.73,177.54,0.84,43.79,0.82,206.96,0.08,42.7,0.08,327.66,0.31,43.96,0.3,214.44,0.79,43.56,0.82,151.97,0.46,43.04,0.47,102.61,0.32,43.73,0.31,184.87,0.41,43.61,0.41,197.57,0.54,43.33,0.53,78.85,0.91,44.12,0.94,298.12,0.18,43.15,0.18,310.57,0.35,43.9,0.35,165.94,-1609,-1500,-1800,43.55166666666667,5.9399999999999995,0 days 00:09:59,True,26,-1609.0,-1607.0,-1615.0,-1616.0,-1608.0,-1610.0,TARGET
2026-08-08 04:50:39,30.29,63.2,0.75,43.84,0.72,283.72,0.84,43.96,0.82,188.12,0.08,42.29,0.08,327.66,0.31,44.42,0.32,185.08,0.79,44.02,0.78,126.71,0.46,43.04,0.47,98.05,0.32,43.5,0.32,149.92,0.41,44.12,0.41,150.47,0.54,43.5,0.52,77.49,0.91,43.79,0.93,267.0,0.18,43.56,0.18,270.81,0.35,43.73,0.34,175.51,-1613,-1500,-1800,43.6475,5.89,0 days 00:10:00,True,26,-1609.0,-1609.0,-1607.0,-1615.0,-1616.0,-1608.0,BELOW
2026-08-08 05:00:40,30.4,62.74,0.75,43.37,0.72,193.76,0.84,44.3,0.82,165.26,0.08,42.52,0.08,327.66,0.31,44.19,0.31,177.59,0.79,43.73,0.78,135.94,0.46,43.56,0.47,84.73,0.32,43.5,0.31,156.73,0.41,43.5,0.4,186.39,0.54,43.21,0.52,81.07,0.91,44.19,0.94,229.7,0.18,43.27,0.18,269.03,0.35,43.96,0.36,162.08,-1612,-1500,-1800,43.60833333333333,5.89,0 days 00:10:01,True,26,-1613.0,-1609.0,-1609.0,-1607.0,-1615.0,-1616.0,BELOW
2026-08-08 05:10:40,30.4,63.26,0.75,43.5,0.76,172.19,0.84,43.67,0.81,209.82,0.08,42.75,0.08,327.66,0.31,44.02,0.3,211.75,0.79,43.79,0.82,133.5,0.46,43.1,0.45,99.75,0.32,43.5,0.33,111.23,0.41,43.67,0.4,212.76,0.54,43.56,0.52,80.4,0.91,43.79,0.9,267.0,0.18,43.56,0.18,200.43,0.35,43.79,0.34,163.12,-1602,-1500,-1800,43.55833333333334,5.890000000000001,0 days 00:10:00,True,26,-1612.0,-1613.0,-1609.0,-1609.0,-1607.0,-1615.0,TARGET
2026-08-08 05:20:40,30.4,62.83,0.75,43.56,0.74,194.26,0.84,43.73,0.85,195.04,0.08,42.46,0.08,327.66,0.31,43.9,0.3,201.75,0.79,43.04,0.78,160.34,0.46,42.87,0.46,101.43,0.32,43.73,0.33,144.44,0.41,44.12,0.4,148.87,0.54,43.33,0.56,77.5,0.91,43.9,0.93,272.6,0.18,43.27,0.18,268.66,0.35,44.02,0.36,151.89,-1612,-1500,-1800,43.494166666666665,5.97,0 days 00:10:00,True,26,-1602.0,-1612.0,-1613.0,-1609.0,-1609.0,-1607.0,BELOW
2026-08-08 05:30:40,30.18,64.33,0.75,43.61,0.74,175.29,0.84,43.79,0.86,216.65,0.08,42.7,0.08,327.66,0.31,44.48,0.32,168.11,0.79,43.37,0.82,160.17,0.46,43.5,0.46,97.13,0.32,43.61,0.33,122.38,0.41,44.12,0.4,142.78,0.54,43.33,0.54,81.76,0.91,44.3,0.88,234.14,0.18,43.33,0.18,259.22,0.35,43.73,0.35,165.29,-1610,-1500,-1800,43.655833333333334,5.959999999999999,0 days 00:10:00,True,26,-1612.0,-1602.0,-1612.0,-1613.0,-1609.0,-1609.0,TARGET
2026-08-08 05:40:39,29.81,65.3,0.75,43.56,0.77,172.41,0.84,43.9,0.84,196.07,0.08,42.75,0.08,327.66,0.31,44.53,0.32,172.21,0.79,43.56,0.81,148.7,0.46,43.15,0.45,99.16,0.32,43.61,0.32,139.69,0.41,43.9,0.4,158.39,0.54,43.73,0.56,72.97,0.91,44.48,0.91,223.86,0.18,43.73,0.18,198.09,0.35,44.25,0.34,146.14,-1604,-1500,-1800,43.76250000000001,5.9799999999999995,0 days 00:09:59,True,26,-1610.0,-1612.0,-1602.0,-1612.0,-1613.0,-1609.0,TARGET
2026-08-08 05:50:39,29.43,66.68,0.75,43.44,0.78,205.87,0.84,43.9,0.83,187.87,0.08,42.29,0.08,327.66,0.31,44.53,0.32,196.12,0.79,43.84,0.77,128.72,0.46,43.56,0.47,84.21,0.32,43.56,0.33,150.12,0.41,43.56,0.4,186.64,0.54,43.61,0.52,87.41,0.91,43.84,0.89,289.63,0.18,43.84,0.18,216.94,0.35,43.79,0.35,157.56,-1608,-1500,-1800,43.64666666666667,5.919999999999999,0 days 00:10:00,True,26,-1604.0,-1610.0,-1612.0,-1602.0,-1612.0,-1613.0,TARGET
2026-08-08 06:00:40,29.75,65.61,0.75,43.79,0.73,173.55,0.84,43.84,0.82,220.37,0.08,42.64,0.08,327.66,0.31,44.53,0.32,168.11,0.79,43.79,0.8,143.31,0.46,43.27,0.46,90.98,0.32,44.12,0.32,139.92,0.41,43.56,0.41,181.73,0.54,43.21,0.52,81.56,0.91,43.67,0.92,276.96,0.18,43.27,0.18,280.0,0.35,43.79,0.36,142.95,-1610,-1500,-1800,43.62333333333333,5.92,0 days 00:10:01,True,26,-1608.0,-1604.0,-1610.0,-1612.0,-1602.0,-1612.0,TARGET
2026-08-08 07:20:40,30.61,62.74,0.75,43.61,0.72,200.43,0.84,43.9,0.87,220.96,0.08,42.75,0.08,327.66,0.31,44.07,0.31,221.83,0.79,43.96,0.8,131.33,0.46,43.73,0.47,84.43,0.32,43.5,0.32,160.37,0.41,43.61,0.42,186.89,0.54,43.5,0.55,67.69,0.91,43.79,0.92,308.13,0.18,43.44,0.18,208.43,0.35,43.84,0.36,169.54,-1620,-1500,-1800,43.64166666666667,6.0,0 days 00:10:00,True,27,-1616.0,-1605.0,-1617.0,-1613.0,-1615.0,-1606.0,BELOW
2026-08-08 07:30:40,30.77,62.37,0.75,43.56,0.77,206.4,0.84,43.84,0.86,210.64,0.08,42.58,0.08,327.66,0.31,44.3,0.31,165.06,0.79,43.67,0.8,135.58,0.46,43.21,0.46,93.21,0.32,43.84,0.32,127.54,0.41,43.61,0.41,175.06,0.54,43.21,0.54,82.43,0.91,43.67,0.89,289.25,0.18,43.21,0.18,285.07,0.35,43.79,0.34,178.24,-1611,-1500,-1800,43.54083333333333,5.959999999999999,0 days 00:10:00,True,27,-1620.0,-1616.0,-1605.0,-1617.0,-1613.0,-1615.0,BELOW
2026-08-08 07:40:40,31.09,62.13,0.75,43.84,0.75,159.59,0.84,43.84,0.84,220.67,0.08,42.64,0.08,327.66,0.31,44.48,0.3,165.92,0.79,43.96,0.82,124.45,0.46,43.04,0.46,105.79,0.32,43.5,0.31,153.05,0.41,43.61,0.4,189.45,0.54,43.1,0.54,80.37,0.91,44.42,0.91,238.72,0.18,43.15,0.18,311.0,0.35,44.07,0.36,143.89,-1620,-1500,-1800,43.63750000000001,5.95,0 days 00:10:00,True,27,-1611.0,-1620.0,-1616.0,-1605.0,-1617.0,-1613.0,BELOW
2026-08-08 07:50:40,31.41,61.79,0.75,43.56,0.72,192.08,0.84,44.12,0.81,174.92,0.08,42.41,0.08,327.66,0.31,43.9,0.3,213.87,0.79,43.61,0.79,136.73,0.46,43.56,0.46,83.7,0.32,43.73,0.33,135.94,0.41,44.12,0.4,152.09,0.54,43.79,0.54,71.57,0.91,43.84,0.92,284.1,0.18,43.79,0.18,198.09,0.35,44.12,0.34,128.37,-1615,-1500,-1800,43.712500000000006,5.869999999999999,0 days 00:10:00,True,27,-1620.0,-1611.0,-1620.0,-1616.0,-1605.0,-1617.0,BELOW
2026-08-08 08:00:39,31.62,61.0,0.75,43.37,0.72,214.95,0.84,43.84,0.82,204.45,0.08,42.58,0.08,327.66,0.31,44.48,0.32,171.54,0.79,43.44,0.78,162.06,0.46,43.21,0.47,95.93,0.32,44.12,0.31,115.64,0.41,44.12,0.42,150.66,0.54,43.21,0.54,82.05,0.91,44.25,0.94,237.79,0.18,43.21,0.18,274.41,0.35,43.67,0.34,175.29,-1621,-1500,-1800,43.625,5.92,0 days 00:09:59,True,27,-1615.0,-1620.0,-1611.0,-1620.0,-1616.0,-1605.0,BELOW
2026-08-08 09:30:40,33.92,56.6,0.75,43.9,0.72,152.76,0.84,44.02,0.86,170.21,0.08,42.46,0.08,327.66,0.31,44.53,0.32,199.15,0.79,43.79,0.76,128.56,0.46,43.21,0.46,96.36,0.32,43.79,0.31,131.14,0.41,43.61,0.4,206.4,0.54,43.73,0.55,70.37,0.91,44.02,0.89,258.79,0.18,43.73,0.18,192.58,0.35,43.9,0.34,163.56,-1633,-1500,-1800,43.72416666666667,5.869999999999999,0 days 00:10:00,True,27,-1630.0,-1628.0,-1626.0,-1630.0,-1628.0,-1626.0,BELOW
2026-08-08 10:00:40,34.3,55.78,0.75,43.61,0.72,300.63,0.84,43.56,0.82,230.19,0.08,42.35,0.08,327.66,0.31,44.42,0.3,173.87,0.79,43.73,0.81,145.95,0.46,43.27,0.47,93.21,0.32,43.67,0.33,145.75,0.41,44.12,0.4,148.87,0.54,43.73,0.54,75.76,0.91,44.25,0.9,264.72,0.18,43.61,0.18,212.76,0.35,44.3,0.35,132.36,-1640,-1500,-1800,43.718333333333334,5.9,0 days 00:10:00,True,27,-1633.0,-1632.0,-1633.0,-1630.0,-1628.0,-1626.0,BELOW
2026-08-08 10:50:40,35.1,52.09,0.75,43.73,0.77,171.18,0.84,44.07,0.86,186.34,0.08,42.7,0.08,327.66,0.31,44.42,0.31,163.76,0.79,43.56,0.82,142.75,0.46,43.79,0.46,85.7,0.32,44.02,0.33,119.29,0.41,44.02,0.42,162.5,0.54,43.21,0.54,81.07,0.91,43.96,0.93,257.79,0.18,43.5,0.18,251.12,0.35,44.3,0.35,149.45,-1643,-1500,-1800,43.77333333333333,6.049999999999999,0 days 00:10:00,True,27,-1641.0,-1639.0,-1641.0,-1641.0,-1640.0,-1633.0,BELOW
2026-08-08 11:10:40,35.31,51.66,0.75,43.5,0.78,219.23,0.84,43.73,0.83,216.65,0.08,42.58,0.08,327.66,0.31,44.12,0.31,212.01,0.79,44.02,0.78,117.28,0.46,43.44,0.46,91.1,0.32,44.07,0.31,119.29,0.41,44.19,0.42,144.45,0.54,43.37,0.52,80.44,0.91,44.12,0.92,258.47,0.18,43.37,0.18,259.56,0.35,44.12,0.36,145.58,-1644,-1500,-1800,43.719166666666666,5.95,0 days 00:10:00,True,27,-1641.0,-1643.0,-1641.0,-1639.0,-1641.0,-1641.0,BELOW
2026-08-08 11:40:40,35.36,52.42,0.75,43.84,0.75,174.01,0.84,44.25,0.82,171.32,0.08,42.52,0.08,327.66,0.31,44.42,0.32,190.58,0.79,43.84,0.76,119.85,0.46,43.37,0.47,86.52,0.32,43.56,0.33,143.87,0.41,43.9,0.42,148.09,0.54,43.5,0.52,77.04,0.91,43.96,0.88,303.01,0.18,43.5,0.18,251.12,0.35,43.9,0.36,154.87,-1642,-1500,-1800,43.71333333333333,5.890000000000001,0 days 00:10:00,True,27,-1645.0,-1642.0,-1644.0,-1641.0,-1643.0,-1641.0,BELOW
2026-08-08 12:10:40,34.99,53.4,0.75,43.37,0.74,237.18,0.84,44.07,0.81,176.9,0.08,42.35,0.08,327.66,0.31,44.07,0.3,208.32,0.79,43.79,0.77,126.21,0.46,43.61,0.45,83.81,0.32,43.5,0.33,149.92,0.41,44.19,0.4,147.48,0.54,43.44,0.53,79.61,0.91,44.36,0.92,242.53,0.18,43.5,0.18,250.78,0.35,44.07,0.36,151.89,-1646,-1500,-1800,43.693333333333335,5.87,0 days 00:10:00,True,27,-1641.0,-1642.0,-1642.0,-1645.0,-1642.0,-1644.0,BELOW
2026-08-08 12:30:40,35.2,53.34,0.75,43.84,0.74,171.62,0.84,43.79,0.87,210.09,0.08,42.75,0.08,327.66,0.31,44.3,0.3,255.09,0.79,43.44,0.79,153.05,0.46,43.5,0.46,90.62,0.32,43.96,0.33,122.43,0.41,44.07,0.4,157.03,0.54,43.61,0.56,74.85,0.91,44.3,0.93,238.4,0.18,43.67,0.18,213.32,0.35,43.73,0.35,165.29,-1642,-1500,-1800,43.74666666666667,5.989999999999999,0 days 00:10:00,True,27,-1646.0,-1646.0,-1641.0,-1642.0,-1642.0,-1645.0,BELOW
2026-08-08 12:40:40,35.47,52.85,0.75,43.33,0.74,202.3,0.84,44.19,0.87,172.98,0.08,42.41,0.08,327.66,0.31,44.19,0.31,177.36,0.79,44.02,0.76,121.36,0.46,43.56,0.46,81.72,0.32,43.56,0.31,151.76,0.41,43.73,0.41,155.59,0.54,43.73,0.54,72.58,0.91,44.3,0.88,260.15,0.18,43.73,0.18,195.3,0.35,43.96,0.34,162.08,-1645,-1500,-1800,43.72583333333335,5.88,0 days 00:10:00,True,27,-1642.0,-1646.0,-1646.0,-1641.0,-1642.0,-1642.0,BELOW
2026-08-08 13:00:40,35.68,52.82,0.75,43.84,0.74,160.0,0.84,43.9,0.84,188.12,0.08,42.52,0.08,327.66,0.31,44.53,0.3,166.12,0.79,43.96,0.76,120.16,0.46,43.56,0.45,85.37,0.32,43.73,0.33,130.98,0.41,43.96,0.4,143.7,0.54,43.37,0.53,77.61,0.91,44.02,0.91,263.0,0.18,43.33,0.18,259.22,0.35,44.25,0.35,154.17,-1646,-1500,-1800,43.7475,5.87,0 days 00:10:00,True,27,-1645.0,-1645.0,-1642.0,-1646.0,-1646.0,-1641.0,BELOW
2026-08-08 13:10:40,35.68,52.88,0.75,43.84,0.75,272.6,0.84,44.12,0.86,184.37,0.08,42.35,0.08,327.66,0.31,44.65,0.31,168.32,0.79,43.9,0.81,126.38,0.46,43.73,0.46,82.04,0.32,44.07,0.33,112.56,0.41,44.07,0.4,146.92,0.54,43.5,0.52,76.51,0.91,44.3,0.93,246.46,0.18,43.44,0.18,245.65,0.35,44.25,0.34,134.89,-1640,-1500,-1800,43.85166666666667,5.969999999999999,0 days 00:10:00,True,27,-1646.0,-1645.0,-1645.0,-1642.0,-1646.0,-1646.0,BELOW
2026-08-08 13:20:40,36.11,52.42,0.75,43.44,0.78,193.76,0.84,44.25,0.86,182.21,0.08,42.46,0.08,327.66,0.31,44.53,0.31,171.99,0.79,43.84,0.82,133.67,0.46,43.21,0.45,90.74,0.32,44.12,0.33,119.75,0.41,43.79,0.41,171.18,0.54,43.79,0.52,71.65,0.91,44.36,0.94,238.4,0.18,43.67,0.18,200.69,0.35,44.19,0.34,147.48,-1649,-1500,-1800,43.804166666666674,6.02,0 days 00:10:00,True,27,-1640.0,-1646.0,-1645.0,-1645.0,-1642.0,-1646.0,BELOW
2026-08-08 13:30:41,35.9,52.45,0.75,43.84,0.78,156.2,0.84,43.67,0.84,200.69,0.08,42.46,0.08,327.66,0.31,44.42,0.3,178.29,0.79,43.96,0.8,126.71,0.46,43.04,0.45,99.61,0.32,43.84,0.33,122.87,0.41,44.07,0.41,153.56,0.54,43.73,0.56,74.54,0.91,44.36,0.9,246.78,0.18,43.73,0.18,210.37,0.35,43.96,0.36,161.87,-1643,-1500,-1800,43.75666666666667,5.990000000000001,0 days 00:10:01,True,27,-1649.0,-1640.0,-1646.0,-1645.0,-1645.0,-1642.0,BELOW
2026-08-08 13:40:40,35.52,53.0,0.75,43.73,0.77,192.58,0.84,44.19,0.84,174.92,0.08,42.41,0.08,327.66,0.31,44.71,0.32,168.54,0.79,44.02,0.81,123.5,0.46,43.56,0.47,80.65,0.32,43.9,0.32,124.29,0.41,43.73,0.42,177.76,0.54,43.73,0.52,71.83,0.91,44.36,0.94,242.53,0.18,43.73,0.18,210.09,0.35,43.96,0.35,145.0,-1649,-1500,-1800,43.83583333333334,6.02,0 days 00:09:59,True,27,-1643.0,-1649.0,-1640.0,-1646.0,-1645.0,-1645.0,BELOW
2026-08-08 13:50:40,35.68,52.91,0.75,43.5,0.77,199.64,0.84,44.07,0.85,194.1,0.08,42.24,0.08,327.66,0.31,44.36,0.31,180.34,0.79,43.84,0.76,130.09,0.46,43.15,0.47,98.43,0.32,43.61,0.33,146.92,0.41,43.56,0.42,177.07,0.54,43.73,0.53,72.97,0.91,44.19,0.93,259.13,0.18,43.73,0.18,204.18,0.35,44.3,0.36,136.39,-1642,-1500,-1800,43.690000000000005,5.99,0 days 00:10:00,True,27,-1649.0,-1643.0,-1649.0,-1640.0,-1646.0,-1645.0,BELOW
2026-08-08 14:30:40,36.38,51.93,0.75,43.67,0.72,181.97,0.84,44.12,0.84,170.65,0.08,42.81,0.08,327.66,0.31,44.19,0.32,206.06,0.79,44.02,0.76,124.62,0.46,43.61,0.45,81.35,0.32,43.73,0.32,138.66,0.41,43.79,0.42,180.08,0.54,43.79,0.54,70.11,0.91,44.36,0.9,242.53,0.18,43.73,0.18,169.1,0.35,44.19,0.35,144.45,-1639,-1500,-1800,43.834166666666675,5.88,0 days 00:10:00,True,27,-1647.0,-1649.0,-1649.0,-1642.0,-1649.0,-1643.0,BELOW
2026-08-08 15:00:40,36.27,51.44,0.75,43.84,0.72,167.5,0.84,43.96,0.86,199.12,0.08,42.58,0.08,327.66,0.31,44.53,0.3,167.89,0.79,43.96,0.82,129.92,0.46,43.04,0.47,99.61,0.32,43.79,0.33,138.84,0.41,43.84,0.4,175.98,0.54,43.44,0.56,80.65,0.91,44.42,0.89,227.17,0.18,43.5,0.18,287.74,0.35,44.3,0.35,136.39,-1642,-1500,-1800,43.76666666666667,5.959999999999999,0 days 00:09:59,True,27,-1651.0,-1650.0,-1639.0,-1647.0,-1649.0,-1649.0,BELOW
2026-08-08 15:20:40,37.23,50.25,0.75,43.9,0.73,160.0,0.84,43.73,0.86,327.66,0.08,42.81,0.08,327.66,0.31,44.36,0.32,175.83,0.79,43.96,0.82,124.45,0.46,42.93,0.46,122.95,0.32,43.84,0.32,132.23,0.41,44.3,0.41,146.33,0.54,43.61,0.52,74.75,0.91,44.36,0.92,234.14,0.18,43.56,0.18,229.89,0.35,44.19,0.34,148.87,-1642,-1500,-1800,43.79583333333333,5.959999999999999,0 days 00:10:00,True,27,-1649.0,-1642.0,-1651.0,-1650.0,-1639.0,-1647.0,BELOW
2026-08-08 15:30:40,37.77,49.83,0.75,43.9,0.73,160.0,0.84,44.25,0.87,168.82,0.08,42.64,0.08,327.66,0.31,44.48,0.31,172.21,0.79,43.96,0.79,123.5,0.46,43.56,0.46,85.78,0.32,44.02,0.31,122.27,0.41,44.12,0.4,148.87,0.54,43.84,0.55,73.94,0.91,44.36,0.93,238.11,0.18,43.9,0.18,193.09,0.35,44.02,0.34,166.37,-1644,-1500,-1800,43.92083333333333,5.949999999999999,0 days 00:10:00,True,27,-1642.0,-1649.0,-1642.0,-1651.0,-1650.0,-1639.0,BELOW
2026-08-08 15:40:41,37.55,50.28,0.75,43.56,0.74,209.54,0.84,44.19,0.82,175.15,0.08,42.64,0.08,327.66,0.31,44.59,0.3,158.87,0.79,43.5,0.82,168.43,0.46,43.37,0.45,89.32,0.32,43.67,0.31,142.75,0.41,44.19,0.42,157.42,0.54,43.79,0.56,75.04,0.91,44.12,0.91,259.13,0.18,43.33,0.18,205.04,0.35,44.36,0.36,146.33,-1636,-1500,-1800,43.77583333333333,5.95,0 days 00:10:01,True,27,-1644.0,-1642.0,-1649.0,-1642.0,-1651.0,-1650.0,BELOW
2026-08-08 15:50:41,37.66,49.77,0.75,43.84,0.74,177.76,0.84,43.84,0.87,201.48,0.08,42.35,0.08,327.66,0.31,44.25,0.3,197.86,0.79,44.07,0.8,124.62,0.46,43.27,0.45,97.3,0.32,44.07,0.33,119.45,0.41,44.12,0.42,148.87,0.54,43.44,0.55,77.49,0.91,44.19,0.9,264.37,0.18,43.44,0.18,250.78,0.35,44.07,0.34,150.08,-1642,-1500,-1800,43.74583333333334,5.96,0 days 00:10:00,True,27,-1636.0,-1644.0,-1642.0,-1649.0,-1642.0,-1651.0,BELOW
2026-08-08 16:00:41,38.52,48.73,0.75,43.9,0.73,160.0,0.84,44.07,0.81,186.09,0.08,42.64,0.08,327.66,0.31,44.25,0.3,200.43,0.79,43.96,0.77,131.5,0.46,43.56,0.47,87.85,0.32,44.25,0.32,118.89,0.41,43.79,0.42,187.62,0.54,43.5,0.54,80.29,0.91,44.25,0.89,250.54,0.18,43.27,0.18,245.01,0.35,44.42,0.36,131.62,-1647,-1500,-1800,43.821666666666665,5.869999999999999,0 days 00:10:00,True,27,-1642.0,-1636.0,-1644.0,-1642.0,-1649.0,-1642.0,BELOW
2026-08-08 21:10:41,32.37,63.26,0.75,43.84,0.78,152.76,0.84,44.12,0.87,172.76,0.08,42.52,0.08,327.66,0.31,44.53,0.32,170.12,0.79,43.37,0.79,167.76,0.46,43.61,0.47,83.7,0.32,44.12,0.32,120.48,0.41,44.07,0.4,155.28,0.54,43.5,0.56,65.68,0.91,44.3,0.93,255.42,0.18,43.5,0.18,191.32,0.35,44.25,0.36,146.14,-1661,-1500,-1800,43.810833333333335,6.06,0 days 00:10:00,True,27,-1662.0,-1656.0,-1660.0,-1657.0,-1660.0,-1659.0,BELOW
2026-08-08 21:50:40,31.89,64.17,0.75,43.56,0.74,189.2,0.84,43.79,0.81,210.37,0.08,42.7,0.08,327.66,0.31,44.48,0.32,190.33,0.79,43.96,0.79,122.27,0.46,43.44,0.45,85.56,0.32,43.56,0.33,155.17,0.41,43.9,0.42,182.93,0.54,43.1,0.55,81.33,0.91,44.3,0.88,237.79,0.18,43.1,0.18,327.66,0.35,43.79,0.34,130.98,-1642,-1500,-1800,43.64000000000001,5.89,0 days 00:09:59,True,27,-1654.0,-1655.0,-1653.0,-1661.0,-1662.0,-1656.0,BELOW
2026-08-08 22:00:41,32.05,63.75,0.75,43.56,0.76,197.3,0.84,43.84,0.85,235.64,0.08,42.64,0.08,327.66,0.31,44.25,0.31,169.04,0.79,43.44,0.77,154.98,0.46,43.37,0.46,96.2,0.32,44.02,0.33,114.25,0.41,43.9,0.42,162.08,0.54,43.73,0.55,72.97,0.91,44.25,0.9,246.14,0.18,43.67,0.18,209.82,0.35,44.19,0.35,137.37,-1646,-1500,-1800,43.73833333333334,5.96,0 days 00:10:01,True,27,-1642.0,-1654.0,-1655.0,-1653.0,-1661.0,-1662.0,BELOW
2026-08-08 22:10:41,31.94,63.47,0.75,43.56,0.74,197.3,0.84,43.79,0.86,200.96,0.08,42.64,0.08,327.66,0.31,44.48,0.32,161.89,0.79,43.5,0.78,174.6,0.46,42.93,0.46,100.68,0.32,44.07,0.32,112.7,0.41,44.19,0.4,147.3,0.54,43.73,0.54,69.33,0.91,44.3,0.91,238.11,0.18,43.67,0.18,189.7,0.35,44.07,0.36,151.89,-1648,-1500,-1800,43.74416666666667,5.95,0 days 00:10:00,True,27,-1646.0,-1642.0,-1654.0,-1655.0,-1653.0,-1661.0,BELOW
2026-08-08 22:20:41,31.73,64.48,0.75,43.96,0.77,167.94,0.84,43.79,0.86,204.45,0.08,42.75,0.08,327.66,0.31,44.48,0.32,162.09,0.79,43.56,0.76,147.12,0.46,43.5,0.46,89.68,0.32,43.96,0.33,153.17,0.41,43.67,0.4,177.54,0.54,43.27,0.56,91.59,0.91,43.96,0.88,257.79,0.18,43.56,0.18,281.87,0.35,43.67,0.35,164.85,-1640,-1500,-1800,43.67749999999999,5.949999999999999,0 days 00:10:00,True,27,-1648.0,-1646.0,-1642.0,-1654.0,-1655.0,-1653.0,BELOW
2026-08-08 22:30:41,31.68,64.75,0.75,43.79,0.74,167.28,0.84,44.19,0.83,170.87,0.08,42.75,0.08,327.66,0.31,44.36,0.3,182.68,0.79,43.37,0.78,156.53,0.46,42.75,0.47,94.14,0.32,43.79,0.32,141.67,0.41,43.67,0.42,203.64,0.54,43.37,0.54,76.75,0.91,43.73,0.94,327.66,0.18,43.33,0.18,245.33,0.35,44.25,0.36,137.37,-1639,-1500,-1800,43.612500000000004,5.96,0 days 00:10:00,True,27,-1640.0,-1648.0,-1646.0,-1642.0,-1654.0,-1655.0,BELOW
2026-08-08 22:50:41,31.57,64.39,0.75,43.79,0.77,180.31,0.84,43.73,0.86,213.32,0.08,42.75,0.08,327.66,0.31,44.19,0.31,194.61,0.79,43.96,0.78,128.89,0.46,43.5,0.45,84.21,0.32,44.07,0.33,120.48,0.41,43.56,0.4,206.4,0.54,43.21,0.53,79.65,0.91,43.9,0.93,273.31,0.18,43.37,0.18,259.56,0.35,43.9,0.36,235.93,-1644,-1500,-1800,43.66083333333333,5.9799999999999995,0 days 00:10:00,True,27,-1647.0,-1639.0,-1640.0,-1648.0,-1646.0,-1642.0,BELOW
2026-08-09 00:00:41,31.25,62.43,0.75,43.73,0.73,163.12,0.84,44.19,0.86,170.87,0.08,42.52,0.08,327.66,0.31,43.96,0.32,196.32,0.79,44.02,0.81,124.62,0.46,42.93,0.47,103.89,0.32,43.44,0.33,153.25,0.41,43.61,0.42,179.6,0.54,43.79,0.55,74.24,0.91,44.02,0.92,258.47,0.18,43.67,0.18,203.64,0.35,44.02,0.36,158.39,-1637,-1500,-1800,43.65833333333334,6.029999999999999,0 days 00:10:00,True,27,-1642.0,-1642.0,-1645.0,-1642.0,-1641.0,-1638.0,BELOW
2026-08-09 00:10:41,31.25,62.31,0.75,44.02,0.78,263.34,0.84,44.07,0.84,194.1,0.08,42.7,0.08,327.66,0.31,44.12,0.3,191.69,0.79,43.73,0.79,149.09,0.46,43.04,0.47,119.39,0.32,43.5,0.31,153.25,0.41,43.73,0.42,180.31,0.54,43.44,0.55,75.58,0.91,43.73,0.88,295.01,0.18,43.37,0.18,254.75,0.35,43.79,0.35,161.44,-1628,-1500,-1800,43.60333333333333,5.949999999999999,0 days 00:10:00,True,27,-1637.0,-1642.0,-1642.0,-1645.0,-1642.0,-1641.0,BELOW
2026-08-09 00:20:41,31.2,62.31,0.75,43.84,0.78,161.66,0.84,44.19,0.85,170.87,0.08,42.81,0.08,327.66,0.31,44.48,0.31,167.89,0.79,43.84,0.79,136.12,0.46,43.56,0.46,83.7,0.32,43.67,0.33,126.88,0.41,44.12,0.41,150.47,0.54,43.1,0.52,82.82,0.91,43.73,0.9,283.35,0.18,43.15,0.18,285.07,0.35,44.3,0.34,144.83,-1626,-1500,-1800,43.73250000000001,5.949999999999999,0 days 00:10:00,True,27,-1628.0,-1637.0,-1642.0,-1642.0,-1645.0,-1642.0,BELOW
2026-08-09 00:30:41,31.2,62.53,0.75,43.79,0.73,227.61,0.84,44.12,0.81,181.73,0.08,42.41,0.08,327.66,0.31,44.12,0.32,186.58,0.79,43.84,0.76,120.0,0.46,43.04,0.46,103.25,0.32,43.5,0.31,148.31,0.41,43.79,0.4,143.14,0.54,43.15,0.53,82.93,0.91,44.3,0.88,241.9,0.18,43.15,0.18,279.25,0.35,44.3,0.34,143.16,-1631,-1500,-1800,43.62583333333333,5.8,0 days 00:10:00,True,27,-1626.0,-1628.0,-1637.0,-1642.0,-1642.0,-1645.0,BELOW
2026-08-09 00:40:41,31.25,63.23,0.75,43.67,0.76,157.36,0.84,44.12,0.87,152.09,0.08,42.7,0.08,327.66,0.31,43.96,0.3,249.24,0.79,43.96,0.8,123.35,0.46,42.98,0.47,100.95,0.32,43.61,0.32,219.23,0.41,44.02,0.4,156.81,0.54,43.79,0.56,73.07,0.91,43.9,0.92,278.41,0.18,43.27,0.18,201.5,0.35,43.96,0.35,145.0,-1631,-1500,-1800,43.66166666666667,6.009999999999998,0 days 00:10:00,True,27,-1631.0,-1626.0,-1628.0,-1637.0,-1642.0,-1642.0,BELOW
2026-08-09 00:50:41,31.2,63.72,0.75,43.84,0.76,156.2,0.84,44.02,0.82,174.24,0.18,43.37,0.18,237.18,0.31,44.59,0.32,164.2,0.79,43.56,0.82,155.17,0.46,43.04,0.46,101.84,0.32,44.02,0.33,118.43,0.41,44.12,0.4,145.58,0.54,43.27,0.54,82.15,0.91,44.48,0.94,234.74,0.18,43.27,0.18,259.22,0.35,43.67,0.35,182.21,-1626,-1500,-1800,43.770833333333336,6.1,0 days 00:10:00,True,27,-1631.0,-1631.0,-1626.0,-1628.0,-1637.0,-1642.0,BELOW
2026-08-09 01:00:41,31.04,64.36,0.75,43.84,0.75,152.76,0.84,44.07,0.83,174.46,0.08,42.58,0.08,327.66,0.31,43.96,0.3,232.32,0.79,43.73,0.82,138.66,0.46,43.5,0.45,84.1,0.32,43.56,0.33,150.12,0.41,43.84,0.41,171.62,0.54,43.1,0.56,89.31,0.91,44.02,0.94,240.33,0.18,43.79,0.18,201.22,0.35,43.73,0.36,165.29,-1627,-1500,-1800,43.64333333333334,6.010000000000001,0 days 00:10:00,True,27,-1626.0,-1631.0,-1631.0,-1626.0,-1628.0,-1637.0,BELOW
2026-08-09 01:10:42,31.09,64.27,0.75,43.67,0.77,184.64,0.84,44.19,0.81,175.15,0.08,42.52,0.08,327.66,0.31,44.42,0.31,169.47,0.79,43.44,0.76,151.37,0.46,43.1,0.46,94.9,0.32,43.44,0.33,148.31,0.41,43.79,0.41,161.23,0.54,43.5,0.55,74.46,0.91,43.96,0.9,303.41,0.18,43.37,0.18,221.59,0.35,43.73,0.34,133.5,-1619,-1500,-1800,43.594166666666666,5.9,0 days 00:10:01,True,27,-1627.0,-1626.0,-1631.0,-1631.0,-1626.0,-1628.0,BELOW
2026-08-09 01:20:41,31.09,63.72,0.75,43.73,0.72,163.12,0.84,44.02,0.81,193.85,0.08,42.52,0.08,327.66,0.31,44.36,0.3,190.09,0.79,43.96,0.76,125.57,0.46,43.44,0.45,87.62,0.32,43.61,0.33,145.56,0.41,43.96,0.42,162.28,0.54,43.33,0.56,76.85,0.91,43.73,0.94,282.97,0.18,43.44,0.18,259.9,0.35,43.84,0.34,156.2,-1622,-1500,-1800,43.66166666666666,5.889999999999999,0 days 00:09:59,True,27,-1619.0,-1627.0,-1626.0,-1631.0,-1631.0,-1626.0,BELOW
2026-08-09 01:30:41,31.09,64.05,0.75,43.9,0.78,178.24,0.84,44.07,0.82,170.43,0.08,42.7,0.08,327.66,0.31,44.25,0.31,179.87,0.79,43.84,0.82,127.38,0.46,43.5,0.47,80.65,0.32,44.02,0.33,118.28,0.41,43.9,0.41,154.67,0.54,43.1,0.55,82.32,0.91,44.12,0.93,254.76,0.18,43.1,0.18,279.25,0.35,44.25,0.35,136.03,-1618,-1500,-1800,43.729166666666664,6.029999999999999,0 days 00:10:00,True,27,-1622.0,-1619.0,-1627.0,-1626.0,-1631.0,-1631.0,BELOW
2026-08-09 01:40:41,31.04,63.87,0.75,43.37,0.77,208.43,0.84,43.79,0.82,187.87,0.08,42.41,0.08,327.66,0.31,44.36,0.3,178.06,0.79,43.44,0.82,170.06,0.46,43.21,0.47,93.85,0.32,43.61,0.31,137.11,0.41,43.84,0.4,156.41,0.54,43.5,0.52,79.26,0.91,43.96,0.88,228.51,0.18,43.5,0.18,230.19,0.35,43.96,0.35,142.23,-1621,-1500,-1800,43.57916666666666,5.8999999999999995,0 days 00:10:00,True,27,-1618.0,-1622.0,-1619.0,-1627.0,-1626.0,-1631.0,BELOW
2026-08-09 01:50:41,30.93,63.84,0.75,43.67,0.76,182.45,0.84,44.07,0.84,172.53,0.08,42.41,0.08,327.66,0.31,44.48,0.31,169.91,0.79,43.9,0.79,127.88,0.46,43.21,0.46,93.85,0.32,43.9,0.32,124.13,0.41,43.56,0.42,186.89,0.54,43.37,0.53,68.78,0.91,44.02,0.94,253.76,0.18,44.02,0.18,193.85,0.35,43.96,0.36,165.94,-1618,-1500,-1800,43.714166666666664,5.989999999999999,0 days 00:10:00,True,27,-1621.0,-1618.0,-1622.0,-1619.0,-1627.0,-1626.0,BELOW
2026-08-09 02:00:41,30.82,63.87,0.75,43.67,0.77,195.04,0.84,44.07,0.85,194.1,0.08,42.75,0.08,327.66,0.31,44.48,0.31,169.91,0.79,43.79,0.79,129.92,0.46,43.37,0.47,91.1,0.32,44.02,0.32,110.62,0.41,43.84,0.41,169.54,0.54,43.37,0.53,78.61,0.91,43.79,0.88,295.41,0.18,43.37,0.18,245.65,0.35,43.67,0.34,179.84,-1620,-1500,-1800,43.682500000000005,5.93,0 days 00:10:00,True,27,-1618.0,-1621.0,-1618.0,-1622.0,-1619.0,-1627.0,BELOW
2026-08-09 02:10:41,30.88,63.81,0.75,43.84,0.73,152.76,0.84,43.79,0.86,201.22,0.08,42.41,0.08,327.66,0.31,44.42,0.3,171.76,0.79,43.79,0.8,127.38,0.46,43.27,0.46,88.97,0.32,43.73,0.31,135.94,0.41,43.56,0.4,181.73,0.79,43.44,0.82,165.96,0.91,43.73,0.88,283.35,0.18,43.15,0.18,311.41,0.35,44.07,0.36,147.11,-1617,-1500,-1800,43.6,6.18,0 days 00:10:00,True,27,-1620.0,-1618.0,-1621.0,-1618.0,-1622.0,-1619.0,BELOW
2026-08-09 02:20:41,30.88,63.78,0.75,43.79,0.72,163.34,0.84,44.07,0.83,194.1,0.08,42.24,0.08,327.66,0.31,44.12,0.31,199.9,0.79,43.9,0.77,126.55,0.46,43.27,0.47,90.86,0.32,43.79,0.32,135.75,0.41,43.56,0.42,184.15,0.54,43.04,0.52,80.86,0.91,43.96,0.88,253.1,0.18,43.1,0.18,285.07,0.35,44.3,0.36,138.91,-1617,-1500,-1800,43.595,5.859999999999999,0 days 00:10:00,True,27,-1617.0,-1620.0,-1618.0,-1621.0,-1618.0,-1622.0,BELOW
2026-08-09 02:30:41,30.88,64.05,0.75,43.56,0.76,191.82,0.91,43.9,0.93,267.71,0.08,42.75,0.08,327.66,0.31,44.07,0.3,215.01,0.79,43.44,0.79,156.53,0.46,42.98,0.45,107.31,0.32,43.9,0.31,126.55,0.41,43.96,0.4,163.99,0.54,43.33,0.52,73.17,0.91,43.79,0.9,283.72,0.18,43.37,0.18,232.86,0.35,43.9,0.35,158.39,-1611,-1500,-1800,43.57916666666666,5.970000000000001,0 days 00:10:00,True,27,-1617.0,-1617.0,-1620.0,-1618.0,-1621.0,-1618.0,BELOW
2026-08-09 02:40:41,30.77,64.66,0.75,43.84,0.75,161.66,0.84,44.02,0.85,240.64,0.08,42.52,0.08,327.66,0.31,44.12,0.32,203.07,0.79,43.37,0.81,178.65,0.46,43.15,0.47,97.05,0.32,43.84,0.33,128.39,0.41,43.56,0.4,189.45,0.54,43.15,0.55,85.63,0.91,44.02,0.88,303.41,0.18,43.21,0.18,291.91,0.35,43.73,0.34,173.32,-1617,-1500,-1800,43.54416666666666,5.96,0 days 00:10:00,True,27,-1611.0,-1617.0,-1617.0,-1620.0,-1618.0,-1621.0,BELOW
2026-08-09 02:50:41,30.5,65.27,0.75,43.84,0.77,157.98,0.84,43.73,0.85,220.37,0.08,42.52,0.08,327.66,0.31,44.02,0.31,190.94,0.79,43.44,0.79,163.99,0.46,42.93,0.45,105.5,0.32,43.79,0.31,128.72,0.41,43.73,0.42,184.87,0.54,43.33,0.52,80.81,0.91,43.5,0.88,270.44,0.18,43.37,0.18,275.13,0.35,43.61,0.34,164.64,-1610,-1500,-1800,43.484166666666674,5.8999999999999995,0 days 00:10:00,True,27,-1617.0,-1611.0,-1617.0,-1617.0,-1620.0,-1618.0,TARGET
2026-08-09 03:00:41,30.72,64.3,0.75,43.56,0.73,188.95,0.84,43.79,0.86,204.45,0.08,42.75,0.08,327.66,0.35,43.61,0.36,177.3,0.79,43.9,0.81,124.29,0.46,43.1,0.45,101.22,0.32,43.5,0.32,158.75,0.41,43.96,0.41,172.08,0.54,43.33,0.55,84.8,0.91,44.19,0.9,254.76,0.18,42.75,0.18,251.04,0.35,43.96,0.35,151.31,-1609,-1500,-1800,43.53333333333333,5.999999999999999,0 days 00:10:00,True,27,-1610.0,-1617.0,-1611.0,-1617.0,-1617.0,-1620.0,TARGET
2026-08-09 03:10:41,30.56,64.78,0.75,43.79,0.72,175.29,0.84,44.07,0.84,170.65,0.08,42.7,0.08,327.66,0.31,44.19,0.31,197.61,0.79,43.5,0.79,149.92,0.46,43.27,0.45,90.38,0.32,43.73,0.32,137.28,0.41,43.67,0.4,197.57,0.54,43.44,0.53,75.26,0.91,43.96,0.91,248.9,0.18,43.61,0.18,238.43,0.35,43.73,0.35,184.87,-1617,-1500,-1800,43.63833333333333,5.88,0 days 00:10:00,True,27,-1609.0,-1610.0,-1617.0,-1611.0,-1617.0,-1617.0,BELOW
2026-08-09 03:20:42,30.5,64.75,0.75,43.44,0.77,202.57,0.84,43.79,0.85,192.84,0.08,42.52,0.08,327.66,0.31,44.42,0.31,165.7,0.79,43.37,0.77,165.74,0.46,42.93,0.46,102.34,0.32,43.5,0.31,160.37,0.41,43.9,0.4,161.66,0.54,43.33,0.56,79.86,0.91,43.9,0.88,248.26,0.18,43.21,0.18,263.85,0.35,43.9,0.36,156.41,-1611,-1500,-1800,43.51749999999999,5.93,0 days 00:10:01,True,27,-1617.0,-1609.0,-1610.0,-1617.0,-1611.0,-1617.0,BELOW
2026-08-09 03:30:41,30.61,64.72,0.75,43.5,0.78,194.53,0.84,43.67,0.83,227.01,0.08,42.52,0.08,327.66,0.31,44.25,0.31,184.37,0.79,43.61,0.76,142.56,0.46,43.1,0.47,99.02,0.32,43.67,0.31,147.31,0.41,44.07,0.4,144.06,0.54,43.33,0.55,79.29,0.91,44.07,0.92,253.76,0.18,43.27,0.18,249.12,0.35,44.07,0.35,157.23,-1611,-1500,-1800,43.594166666666666,5.939999999999999,0 days 00:09:59,True,27,-1611.0,-1617.0,-1609.0,-1610.0,-1617.0,-1611.0,BELOW
2026-08-09 03:40:41,30.29,65.03,0.75,43.33,0.72,205.04,0.84,44.25,0.83,181.97,0.08,42.52,0.08,327.66,0.31,44.42,0.31,176.06,0.79,43.96,0.82,124.45,0.46,43.33,0.46,88.75,0.32,43.84,0.33,128.89,0.41,44.07,0.41,151.89,0.54,43.56,0.56,72.21,0.91,43.84,0.89,302.22,0.18,43.5,0.18,225.51,0.35,44.02,0.34,153.37,-1611,-1500,-1800,43.72,5.929999999999999,0 days 00:10:00,True,27,-1611.0,-1611.0,-1617.0,-1609.0,-1610.0,-1617.0,BELOW
2026-08-09 03:50:41,30.34,64.94,0.75,43.73,0.74,173.32,0.84,43.67,0.85,223.06,0.08,42.52,0.08,327.66,0.35,43.37,0.36,165.51,0.79,43.15,0.82,146.94,0.46,43.04,0.46,101.84,0.32,43.44,0.31,152.84,0.41,44.12,0.4,162.7,0.54,43.27,0.54,77.4,0.91,44.25,0.92,246.14,0.18,43.15,0.18,297.47,0.35,43.9,0.35,158.39,-1609,-1500,-1800,43.4675,6.009999999999999,0 days 00:10:00,True,27,-1611.0,-1611.0,-1611.0,-1617.0,-1609.0,-1610.0,TARGET
2026-08-09 04:00:41,30.4,65.15,0.75,43.79,0.77,156.0,0.84,44.02,0.82,181.26,0.08,42.29,0.08,327.66,0.31,43.9,0.31,214.15,0.79,43.5,0.76,154.76,0.46,43.33,0.45,85.33,0.32,43.61,0.32,144.06,0.41,43.9,0.4,137.64,0.54,43.61,0.52,73.65,0.91,44.25,0.89,212.58,0.18,43.67,0.18,206.68,0.35,43.84,0.34,161.44,-1606,-1500,-1800,43.642500000000005,5.839999999999999,0 days 00:10:00,True,27,-1609.0,-1611.0,-1611.0,-1611.0,-1617.0,-1609.0,TARGET
2026-08-09 04:10:41,30.29,65.15,0.75,43.44,0.73,202.57,0.84,44.02,0.81,188.86,0.18,43.1,0.18,290.75,0.31,44.3,0.31,190.09,0.79,44.02,0.8,130.44,0.46,43.5,0.47,87.3,0.32,43.9,0.31,130.27,0.41,44.12,0.41,147.3,0.54,43.73,0.55,71.1,0.91,43.79,0.89,283.35,0.18,43.67,0.18,189.7,0.35,44.07,0.35,148.48,-1602,-1500,-1800,43.80500000000001,5.989999999999998,0 days 00:10:00,True,27,-1606.0,-1609.0,-1611.0,-1611.0,-1611.0,-1617.0,TARGET
2026-08-09 04:20:42,30.18,64.91,0.75,43.37,0.72,199.64,0.84,44.07,0.83,176.9,0.08,42.58,0.08,327.66,0.31,44.42,0.32,180.57,0.79,43.5,0.8,151.56,0.46,43.56,0.46,86.32,0.32,43.5,0.31,153.25,0.41,43.96,0.4,143.7,0.54,43.79,0.52,73.07,0.91,44.3,0.94,226.58,0.18,43.15,0.18,291.15,0.35,43.79,0.35,163.12,-1607,-1500,-1800,43.66583333333333,5.909999999999998,0 days 00:10:01,True,27,-1602.0,-1606.0,-1609.0,-1611.0,-1611.0,-1611.0,TARGET
2026-08-09 04:30:41,30.24,64.6,0.75,43.9,0.77,167.72,0.84,43.96,0.83,176.44,0.08,42.7,0.08,327.66,0.31,44.25,0.3,186.82,0.79,43.44,0.76,149.73,0.46,43.5,0.46,83.31,0.32,43.84,0.31,126.21,0.41,44.07,0.4,145.58,0.54,43.56,0.55,71.56,0.91,43.73,0.92,223.65,0.18,43.73,0.18,213.6,0.35,44.19,0.35,142.98,-1604,-1500,-1800,43.73916666666668,5.909999999999999,0 days 00:09:59,True,27,-1607.0,-1602.0,-1606.0,-1609.0,-1611.0,-1611.0,TARGET
2026-08-09 04:40:41,30.13,64.45,0.75,43.27,0.76,211.08,0.84,44.19,0.85,172.98,0.08,42.64,0.08,327.66,0.31,44.12,0.32,215.29,0.79,43.5,0.82,191.57,0.46,43.37,0.46,89.32,0.32,44.02,0.31,109.04,0.41,43.61,0.42,179.84,0.54,43.67,0.56,72.11,0.91,43.84,0.93,283.35,0.18,43.1,0.18,184.67,0.35,44.25,0.35,133.62,-1607,-1500,-1800,43.63166666666667,6.039999999999999,0 days 00:10:00,True,27,-1604.0,-1607.0,-1602.0,-1606.0,-1609.0,-1611.0,TARGET
2026-08-09 04:50:41,30.13,64.51,0.75,43.37,0.78,218.36,0.84,44.19,0.83,175.15,0.08,42.52,0.08,327.66,0.31,44.42,0.3,180.81,0.79,43.37,0.77,151.37,0.46,43.5,0.45,84.73,0.32,44.07,0.32,117.28,0.41,43.9,0.41,156.41,0.54,43.27,0.52,75.37,0.91,43.96,0.94,290.4,0.18,43.21,0.18,311.0,0.35,43.67,0.35,172.87,-1609,-1500,-1800,43.62083333333333,5.93,0 days 00:10:00,True,27,-1607.0,-1604.0,-1607.0,-1602.0,-1606.0,-1609.0,TARGET
2026-08-09 05:00:41,30.13,64.2,0.75,43.61,0.72,181.97,0.84,44.12,0.84,166.59,0.08,42.64,0.08,327.66,0.31,44.02,0.31,208.04,0.79,43.84,0.76,125.41,0.46,43.5,0.47,79.72,0.32,44.12,0.31,119.6,0.41,43.96,0.42,161.87,0.54,43.15,0.54,83.43,0.91,44.25,0.92,230.29,0.18,43.33,0.18,299.06,0.35,44.12,0.35,144.45,-1599,-1500,-1800,43.721666666666664,5.899999999999999,0 days 00:10:00,True,27,-1609.0,-1607.0,-1604.0,-1607.0,-1602.0,-1606.0,TARGET
2026-08-09 05:10:41,30.13,64.33,0.75,43.56,0.78,194.53,0.84,43.79,0.83,231.71,0.18,43.27,0.18,269.03,0.31,43.96,0.3,217.51,0.79,43.79,0.82,133.67,0.46,43.5,0.45,80.18,0.32,43.84,0.31,128.72,0.41,44.07,0.42,144.06,0.54,43.61,0.54,72.87,0.91,44.19,0.89,259.47,0.18,43.67,0.18,206.68,0.35,44.48,0.36,134.31,-1609,-1500,-1800,43.810833333333335,6.06,0 days 00:10:00,True,27,-1599.0,-1609.0,-1607.0,-1604.0,-1607.0,-1602.0,TARGET
2026-08-09 05:20:41,30.29,64.2,0.75,43.61,0.75,174.83,0.84,43.73,0.81,220.1,0.08,42.29,0.08,327.66,0.31,44.07,0.32,194.1,0.79,43.96,0.79,124.45,0.46,42.93,0.46,104.7,0.32,44.02,0.32,115.35,0.41,43.84,0.4,167.5,0.54,43.73,0.52,68.89,0.91,44.02,0.9,245.18,0.18,43.56,0.18,197.3,0.35,43.9,0.36,165.5,-1608,-1500,-1800,43.63833333333333,5.89,0 days 00:10:00,True,27,-1609.0,-1599.0,-1609.0,-1607.0,-1604.0,-1607.0,TARGET
2026-08-09 05:30:42,30.24,64.48,0.75,43.27,0.72,178.18,0.84,43.79,0.87,204.45,0.08,42.7,0.08,327.66,0.31,44.42,0.3,171.76,0.79,43.61,0.77,179.84,0.46,43.33,0.45,92.2,0.32,44.02,0.33,109.04,0.41,43.73,0.4,167.06,0.79,43.9,0.77,125.41,0.91,43.84,0.93,262.31,0.18,43.37,0.18,245.65,0.35,43.73,0.36,177.76,-1608,-1500,-1800,43.642500000000005,6.16,0 days 00:10:01,True,27,-1608.0,-1609.0,-1599.0,-1609.0,-1607.0,-1604.0,TARGET
2026-08-09 05:40:41,30.24,64.2,0.75,43.56,0.74,191.82,0.84,43.73,0.82,195.04,0.08,42.7,0.08,327.66,0.31,43.96,0.32,208.32,0.79,43.9,0.76,133.84,0.46,43.33,0.47,84.28,0.32,44.02,0.32,114.39,0.41,43.9,0.42,165.72,0.54,43.33,0.53,80.81,0.91,44.12,0.94,259.47,0.18,43.33,0.18,254.42,0.35,44.19,0.35,140.3,-1599,-1500,-1800,43.67249999999999,5.93,0 days 00:09:59,True,27,-1608.0,-1608.0,-1609.0,-1599.0,-1609.0,-1607.0,TARGET
2026-08-09 05:50:41,30.29,64.11,0.75,43.79,0.77,165.29,0.91,43.73,0.94,261.28,0.08,42.58,0.08,327.66,0.31,44.02,0.31,211.75,0.79,43.37,0.77,161.84,0.46,43.56,0.47,86.32,0.32,43.61,0.31,157.76,0.41,43.56,0.42,203.11,0.54,43.21,0.56,93.21,0.91,44.07,0.91,253.76,0.18,43.67,0.18,197.83,0.35,44.19,0.35,131.84,-1593,-1500,-1800,43.61333333333334,6.07,0 days 00:10:00,True,27,-1599.0,-1608.0,-1608.0,-1609.0,-1599.0,-1609.0,TARGET
2026-08-09 07:10:41,30.02,64.05,0.75,43.5,0.77,211.92,0.84,43.56,0.84,216.09,0.08,42.46,0.08,327.66,0.31,44.25,0.31,184.6,0.79,43.79,0.78,133.5,0.46,42.98,0.47,102.47,0.32,43.5,0.31,136.37,0.41,43.61,0.42,177.3,0.54,43.37,0.55,91.59,0.91,44.3,0.92,246.46,0.18,43.37,0.18,269.38,0.35,44.02,0.36,142.42,-1613,-1500,-1800,43.55916666666667,5.99,0 days 00:10:00,True,28,-1610.0,-1605.0,-1602.0,-1602.0,-1602.0,-1603.0,BELOW
2026-08-09 07:20:41,30.24,64.48,0.75,43.33,0.78,218.07,0.84,44.02,0.85,196.58,0.08,42.41,0.08,327.66,0.31,44.19,0.31,197.35,0.79,43.84,0.76,127.71,0.46,43.44,0.47,86.2,0.32,43.56,0.33,139.31,0.41,44.07,0.4,148.67,0.54,43.67,0.54,71.1,0.91,43.79,0.93,289.25,0.18,43.79,0.18,192.84,0.35,43.96,0.36,165.94,-1609,-1500,-1800,43.67250000000001,5.989999999999999,0 days 00:10:00,True,28,-1613.0,-1610.0,-1605.0,-1602.0,-1602.0,-1602.0,TARGET
2026-08-09 07:30:42,30.08,64.23,0.75,43.33,0.78,205.04,0.84,44.07,0.87,181.73,0.08,42.7,0.08,327.66,0.31,44.3,0.3,173.21,0.79,43.56,0.8,153.45,0.46,43.67,0.47,83.31,0.32,43.84,0.32,125.07,0.41,44.12,0.41,145.75,0.54,43.04,0.54,78.87,0.91,44.12,0.92,264.03,0.18,43.21,0.18,326.24,0.35,44.25,0.34,134.89,-1610,-1500,-1800,43.68416666666667,6.009999999999999,0 days 00:10:01,True,28,-1609.0,-1613.0,-1610.0,-1605.0,-1602.0,-1602.0,TARGET
2026-08-09 07:40:42,30.13,64.2,0.75,43.84,0.74,157.98,0.84,43.9,0.81,190.44,0.08,42.35,0.08,327.66,0.31,44.02,0.3,208.32,0.79,43.44,0.79,161.84,0.46,43.56,0.46,84.62,0.32,43.61,0.32,150.31,0.41,43.67,0.41,175.29,0.54,43.67,0.56,72.4,0.91,44.07,0.93,241.26,0.18,43.56,0.18,208.99,0.35,43.73,0.36,150.72,-1609,-1500,-1800,43.61833333333334,5.94,0 days 00:10:00,True,28,-1610.0,-1609.0,-1613.0,-1610.0,-1605.0,-1602.0,TARGET
2026-08-09 07:50:41,30.29,64.08,0.75,43.33,0.74,205.04,0.84,43.79,0.81,204.18,0.08,42.81,0.08,327.66,0.31,44.59,0.31,170.35,0.79,43.79,0.81,126.38,0.46,42.93,0.47,101.57,0.32,44.02,0.31,124.62,0.41,43.9,0.4,160.0,0.54,43.5,0.54,74.96,0.91,44.07,0.92,263.69,0.18,43.44,0.18,212.2,0.35,44.25,0.35,136.2,-1619,-1500,-1800,43.70166666666666,5.919999999999999,0 days 00:09:59,True,28,-1609.0,-1610.0,-1609.0,-1613.0,-1610.0,-1605.0,BELOW
2026-08-09 08:00:41,30.24,63.9,0.75,43.84,0.76,159.8,0.84,43.73,0.82,252.11,0.08,42.41,0.08,327.66,0.31,44.53,0.31,180.81,0.79,43.27,0.8,165.51,0.46,43.1,0.45,96.23,0.32,44.12,0.32,115.64,0.41,43.96,0.42,172.08,0.54,43.44,0.54,77.37,0.91,44.19,0.92,250.54,0.18,43.5,0.18,241.99,0.35,43.61,0.34,179.37,-1617,-1500,-1800,43.64166666666666,5.9399999999999995,0 days 00:10:00,True,28,-1619.0,-1609.0,-1610.0,-1609.0,-1613.0,-1610.0,BELOW
2026-08-09 08:10:41,30.45,63.72,0.75,43.56,0.75,186.64,0.84,44.12,0.82,170.65,0.08,42.35,0.08,327.66,0.31,44.19,0.31,212.01,0.79,43.5,0.82,156.73,0.46,43.27,0.46,92.2,0.32,44.02,0.32,120.16,0.41,43.61,0.42,197.57,0.54,43.56,0.55,73.94,0.91,44.02,0.93,268.41,0.18,43.61,0.18,216.09,0.35,44.12,0.35,139.75,-1617,-1500,-1800,43.66083333333333,5.989999999999998,0 days 00:10:00,True,28,-1617.0,-1619.0,-1609.0,-1610.0,-1609.0,-1613.0,BELOW
2026-08-09 08:20:41,30.66,63.75,0.75,43.37,0.78,225.51,0.84,43.79,0.86,201.22,0.08,42.24,0.08,327.66,0.31,44.3,0.31,185.08,0.79,43.67,0.79,145.95,0.46,43.44,0.47,85.14,0.32,43.5,0.33,148.31,0.41,43.79,0.4,182.69,0.54,43.27,0.56,81.76,0.91,44.07,0.9,244.86,0.18,43.37,0.18,250.45,0.35,44.12,0.34,145.95,-1621,-1500,-1800,43.57749999999999,6.0,0 days 00:10:00,True,28,-1617.0,-1617.0,-1619.0,-1609.0,-1610.0,-1609.0,BELOW
2026-08-09 08:40:42,31.09,62.77,0.75,43.84,0.74,157.98,0.84,43.73,0.85,227.31,0.08,42.58,0.08,327.66,0.31,44.48,0.31,174.11,0.79,43.67,0.78,141.48,0.46,42.98,0.47,102.47,0.32,44.07,0.31,115.5,0.41,43.5,0.41,188.95,0.54,43.33,0.55,81.4,0.91,43.73,0.93,288.5,0.18,43.44,0.18,255.09,0.35,43.73,0.34,140.23,-1620,-1500,-1800,43.589999999999996,5.949999999999999,0 days 00:10:01,True,28,-1620.0,-1621.0,-1617.0,-1617.0,-1619.0,-1609.0,BELOW
2026-08-09 10:10:41,32.85,59.93,0.75,43.5,0.78,200.15,0.84,43.9,0.82,202.01,0.08,42.24,0.08,327.66,0.31,44.42,0.31,176.29,0.79,43.73,0.79,139.87,0.46,43.37,0.46,89.32,0.32,43.79,0.33,130.81,0.41,44.07,0.41,151.7,0.54,43.61,0.56,79.12,0.91,44.25,0.9,230.0,0.18,43.67,0.18,327.66,0.35,44.07,0.35,140.98,-1640,-1500,-1800,43.718333333333334,5.970000000000001,0 days 00:10:00,True,28,-1631.0,-1626.0,-1626.0,-1625.0,-1622.0,-1630.0,BELOW
2026-08-09 10:50:42,34.24,56.82,0.75,43.73,0.72,213.6,0.84,44.02,0.81,174.24,0.08,42.46,0.08,327.66,0.31,44.3,0.32,175.6,0.79,43.84,0.79,133.84,0.46,43.56,0.47,84.73,0.32,43.67,0.31,144.25,0.41,43.61,0.42,192.33,0.54,43.61,0.55,76.29,0.91,43.9,0.89,272.96,0.18,43.5,0.18,233.78,0.35,44.3,0.35,126.56,-1629,-1500,-1800,43.708333333333336,5.89,0 days 00:10:00,True,28,-1637.0,-1637.0,-1638.0,-1640.0,-1631.0,-1626.0,BELOW
2026-08-09 11:00:42,34.46,56.48,0.75,43.33,0.78,198.84,0.84,43.84,0.83,201.22,0.08,42.64,0.08,327.66,0.31,44.19,0.3,206.06,0.79,43.5,0.8,153.45,0.46,43.44,0.46,89.56,0.32,44.07,0.31,112.56,0.41,43.96,0.42,160.42,0.54,43.37,0.52,78.15,0.91,44.07,0.91,269.1,0.18,43.33,0.18,258.87,0.35,43.61,0.35,158.95,-1637,-1500,-1800,43.61249999999999,5.9399999999999995,0 days 00:10:00,True,28,-1629.0,-1637.0,-1637.0,-1638.0,-1640.0,-1631.0,BELOW
2026-08-09 11:40:41,34.78,55.72,0.75,43.61,0.73,209.54,0.84,44.02,0.82,176.67,0.08,42.75,0.08,327.66,0.31,44.53,0.3,174.33,0.79,43.61,0.79,153.66,0.46,43.5,0.46,81.5,0.32,43.79,0.32,135.75,0.41,44.19,0.41,162.92,0.54,43.84,0.55,74.33,0.91,44.19,0.91,238.11,0.18,43.79,0.18,198.35,0.35,44.02,0.34,160.42,-1649,-1500,-1800,43.82,5.89,0 days 00:10:00,True,28,-1647.0,-1658.0,-1652.0,-1637.0,-1629.0,-1637.0,BELOW
2026-08-09 12:20:41,34.13,55.2,0.75,43.96,0.78,185.85,0.84,43.67,0.83,223.06,0.08,42.64,0.08,327.66,0.31,44.53,0.31,172.21,0.79,43.44,0.78,156.53,0.46,43.04,0.46,121.85,0.32,43.67,0.31,142.75,0.41,43.15,0.4,196.0,0.54,43.73,0.53,72.97,0.91,44.3,0.89,246.14,0.18,43.73,0.18,210.37,0.35,44.19,0.34,147.48,-1643,-1500,-1800,43.67083333333333,5.89,0 days 00:09:59,True,28,-1646.0,-1648.0,-1648.0,-1649.0,-1647.0,-1658.0,BELOW
2026-08-09 12:30:41,34.35,55.47,0.75,43.44,0.73,194.01,0.84,44.19,0.81,179.87,0.08,42.35,0.08,327.66,0.31,44.25,0.3,189.84,0.79,43.44,0.79,156.73,0.46,43.44,0.45,83.99,0.32,44.07,0.33,122.43,0.41,43.79,0.42,178.0,0.54,43.79,0.54,73.75,0.91,43.96,0.89,272.96,0.18,43.67,0.18,216.09,0.35,44.07,0.35,156.81,-1645,-1500,-1800,43.705000000000005,5.869999999999999,0 days 00:10:00,True,28,-1643.0,-1646.0,-1648.0,-1648.0,-1649.0,-1647.0,BELOW
2026-08-09 16:50:42,36.43,50.19,0.75,43.73,0.78,167.06,0.84,43.84,0.85,193.09,0.08,42.52,0.08,327.66,0.31,44.48,0.31,165.92,0.79,44.02,0.78,124.62,0.46,43.27,0.45,92.7,0.32,43.61,0.31,145.56,0.41,44.02,0.41,153.17,0.54,43.21,0.53,81.56,0.91,43.84,0.93,308.94,0.18,43.33,0.18,286.22,0.35,43.96,0.35,178.7,-1642,-1500,-1800,43.652499999999996,5.959999999999999,0 days 00:10:00,True,29,-1643.0,-1651.0,-1647.0,-1646.0,-1649.0,-1650.0,BELOW
2026-08-09 18:50:42,34.56,54.92,0.75,43.44,0.75,185.9,0.84,43.84,0.83,210.92,0.08,42.64,0.08,327.66,0.31,44.12,0.3,168.6,0.79,43.9,0.79,124.29,0.46,43.37,0.47,88.75,0.32,44.07,0.32,114.55,0.41,43.56,0.41,170.51,0.54,43.56,0.54,81.72,0.91,44.12,0.94,237.49,0.18,43.33,0.18,259.56,0.35,43.79,0.36,175.75,-1651,-1500,-1800,43.645,5.97,0 days 00:10:00,True,29,-1658.0,-1656.0,-1655.0,-1658.0,-1654.0,-1653.0,BELOW
2026-08-09 21:50:42,32.64,57.7,0.75,43.79,0.72,163.56,0.84,43.61,0.81,226.71,0.18,43.67,0.18,189.45,0.31,44.12,0.31,189.1,0.79,43.73,0.81,152.56,0.46,42.93,0.45,124.87,0.32,43.79,0.33,152.56,0.41,44.19,0.4,179.64,0.54,43.37,0.56,77.28,0.91,44.02,0.9,263.34,0.18,43.21,0.18,285.46,0.35,44.07,0.35,147.3,-1644,-1500,-1800,43.708333333333336,6.0,0 days 00:09:59,True,29,-1645.0,-1654.0,-1649.0,-1649.0,-1652.0,-1652.0,BELOW
2026-08-09 22:10:42,32.48,57.46,0.75,43.33,0.74,193.5,0.84,44.19,0.81,174.92,0.08,42.75,0.08,327.66,0.31,44.42,0.32,171.99,0.79,43.84,0.79,134.8,0.46,43.15,0.46,96.36,0.32,44.07,0.32,122.43,0.41,44.12,0.41,142.78,0.54,43.56,0.55,73.76,0.91,44.36,0.9,230.6,0.18,43.5,0.18,215.51,0.35,43.79,0.35,173.55,-1641,-1500,-1800,43.75666666666667,5.91,0 days 00:10:00,True,29,-1651.0,-1644.0,-1645.0,-1654.0,-1649.0,-1649.0,BELOW
2026-08-09 22:20:42,32.21,58.86,0.75,43.84,0.76,175.98,0.91,43.79,0.88,283.35,0.08,42.41,0.08,327.66,0.31,44.3,0.32,190.09,0.79,43.5,0.79,196.78,0.46,43.1,0.46,100.61,0.32,43.44,0.31,205.87,0.41,44.02,0.41,155.08,0.54,43.73,0.53,82.42,0.91,44.25,0.91,241.9,0.18,43.9,0.18,190.69,0.35,43.79,0.34,154.26,-1643,-1500,-1800,43.67249999999999,5.97,0 days 00:10:00,True,29,-1641.0,-1651.0,-1644.0,-1645.0,-1654.0,-1649.0,BELOW
2026-08-09 22:30:42,32.16,58.53,0.75,43.61,0.76,192.33,0.84,44.19,0.85,170.87,0.08,42.75,0.08,327.66,0.31,44.3,0.31,177.59,0.79,43.67,0.77,168.87,0.46,43.37,0.47,80.81,0.32,43.56,0.32,162.48,0.41,43.61,0.41,200.43,0.54,43.73,0.55,70.29,0.91,44.36,0.91,242.53,0.18,43.61,0.18,200.15,0.35,43.9,0.35,167.94,-1642,-1500,-1800,43.72166666666667,5.96,0 days 00:10:00,True,29,-1643.0,-1641.0,-1651.0,-1644.0,-1645.0,-1654.0,BELOW
2026-08-09 22:40:43,32.05,58.98,0.75,43.5,0.76,199.9,0.84,43.67,0.86,213.04,0.08,42.52,0.08,327.66,0.31,44.42,0.31,185.32,0.79,43.96,0.81,129.23,0.46,43.33,0.46,91.59,0.32,43.56,0.33,148.5,0.41,43.61,0.42,247.28,0.54,43.79,0.56,73.07,0.91,43.9,0.9,257.79,0.18,43.73,0.18,203.9,0.35,44.02,0.35,146.72,-1642,-1500,-1800,43.66750000000001,6.02,0 days 00:10:01,True,29,-1642.0,-1643.0,-1641.0,-1651.0,-1644.0,-1645.0,BELOW
2026-08-09 22:50:43,32.05,59.11,0.75,43.73,0.73,175.51,0.84,44.12,0.86,170.65,0.08,42.41,0.08,327.66,0.35,44.25,0.34,133.62,0.79,43.1,0.76,162.89,0.46,43.61,0.46,86.43,0.32,43.67,0.31,147.31,0.41,43.61,0.4,175.06,0.54,43.27,0.56,80.12,0.91,43.96,0.88,278.78,0.18,43.27,0.18,286.22,0.35,44.25,0.34,181.97,-1641,-1500,-1800,43.604166666666664,5.8999999999999995,0 days 00:10:00,True,29,-1642.0,-1642.0,-1643.0,-1641.0,-1651.0,-1644.0,BELOW
2026-08-09 23:00:42,31.94,59.6,0.75,43.9,0.73,169.76,0.84,43.67,0.86,238.43,0.18,43.67,0.18,192.33,0.31,43.96,0.31,214.44,0.79,43.67,0.77,131.87,0.46,43.44,0.45,90.5,0.32,44.02,0.32,114.39,0.41,43.5,0.41,194.26,0.54,43.1,0.56,81.33,0.91,43.84,0.89,257.44,0.18,43.44,0.18,250.45,0.35,44.19,0.35,134.73,-1634,-1500,-1800,43.699999999999996,6.009999999999999,0 days 00:09:59,True,29,-1641.0,-1642.0,-1642.0,-1643.0,-1641.0,-1651.0,BELOW
2026-08-09 23:10:42,31.68,59.99,0.75,43.27,0.77,204.78,0.84,44.19,0.81,164.62,0.08,42.41,0.08,327.66,0.31,43.96,0.32,221.25,0.79,43.5,0.79,133.91,0.46,42.93,0.46,124.87,0.32,43.79,0.32,99.17,0.41,44.07,0.42,150.47,0.79,43.44,0.77,156.73,0.91,43.96,0.9,284.84,0.18,43.33,0.18,236.56,0.35,44.3,0.34,137.73,-1635,-1500,-1800,43.59583333333333,6.16,0 days 00:10:00,True,29,-1634.0,-1641.0,-1642.0,-1642.0,-1643.0,-1641.0,BELOW
2026-08-09 23:20:42,31.62,60.63,0.75,43.44,0.77,197.04,0.84,43.33,0.85,214.65,0.08,42.58,0.08,327.66,0.31,44.02,0.31,168.37,0.79,43.96,0.76,125.57,0.46,43.1,0.45,102.12,0.32,44.12,0.31,115.64,0.41,44.36,0.41,145.0,0.54,43.21,0.54,84.17,0.91,44.02,0.94,291.15,0.18,43.33,0.18,292.31,0.35,43.79,0.36,171.41,-1632,-1500,-1800,43.605,5.96,0 days 00:10:00,True,29,-1635.0,-1634.0,-1641.0,-1642.0,-1642.0,-1643.0,BELOW
2026-08-09 23:30:42,31.36,61.12,0.75,43.73,0.76,187.37,0.91,44.25,0.91,222.7,0.08,42.64,0.08,327.66,0.31,44.36,0.31,173.43,0.79,43.44,0.76,162.06,0.46,43.04,0.46,102.61,0.32,43.96,0.31,127.54,0.41,43.96,0.42,166.16,0.54,43.37,0.52,77.28,0.91,44.07,0.88,254.43,0.18,43.37,0.18,259.56,0.35,43.9,0.36,174.01,-1625,-1500,-1800,43.67416666666667,5.950000000000001,0 days 00:10:00,True,29,-1632.0,-1635.0,-1634.0,-1641.0,-1642.0,-1642.0,BELOW
2026-08-09 23:40:43,31.2,61.43,0.75,43.5,0.74,191.57,0.84,43.79,0.83,195.55,0.08,42.75,0.08,327.66,0.31,44.12,0.31,206.06,0.79,44.02,0.77,124.45,0.46,42.98,0.47,101.57,0.32,43.5,0.31,226.42,0.41,43.73,0.42,168.87,0.54,43.37,0.55,77.82,0.91,43.9,0.9,290.4,0.18,43.44,0.18,241.67,0.35,43.84,0.36,169.32,-1630,-1500,-1800,43.57833333333334,5.920000000000001,0 days 00:10:01,True,29,-1625.0,-1632.0,-1635.0,-1634.0,-1641.0,-1642.0,BELOW
2026-08-10 00:10:42,31.04,62.1,0.75,43.67,0.78,164.64,0.84,44.07,0.83,177.12,0.18,43.79,0.18,201.22,0.31,44.07,0.3,240.95,0.79,43.33,0.81,137.37,0.46,43.37,0.45,90.5,0.32,43.56,0.33,151.56,0.41,44.19,0.4,140.12,0.54,43.15,0.53,81.33,0.91,44.36,0.91,230.6,0.18,43.5,0.18,229.58,0.35,43.96,0.34,151.7,-1622,-1500,-1800,43.751666666666665,6.04,0 days 00:09:59,True,29,-1632.0,-1634.0,-1630.0,-1625.0,-1632.0,-1635.0,BELOW
2026-08-10 00:20:42,30.88,62.13,0.75,43.44,0.77,194.26,0.84,44.02,0.84,244.86,0.08,42.46,0.08,327.66,0.31,44.48,0.31,167.89,0.79,43.37,0.81,156.53,0.46,42.98,0.45,97.92,0.32,43.84,0.32,121.05,0.41,43.67,0.42,198.09,0.79,43.96,0.8,128.89,0.91,44.36,0.91,251.18,0.18,43.73,0.18,192.58,0.35,43.84,0.34,173.78,-1627,-1500,-1800,43.679166666666674,6.2299999999999995,0 days 00:10:00,True,29,-1622.0,-1632.0,-1634.0,-1630.0,-1625.0,-1632.0,BELOW
2026-08-10 00:30:42,30.61,62.56,0.75,43.84,0.73,159.8,0.84,43.79,0.87,210.37,0.08,42.41,0.08,327.66,0.31,43.96,0.31,240.33,0.79,43.44,0.78,151.17,0.46,43.15,0.46,99.02,0.32,44.25,0.33,113.62,0.41,43.67,0.41,164.85,0.54,43.67,0.56,73.26,0.91,43.79,0.94,327.66,0.18,43.67,0.18,213.04,0.35,44.25,0.35,144.64,-1619,-1500,-1800,43.657500000000006,6.0,0 days 00:10:00,True,29,-1627.0,-1622.0,-1632.0,-1634.0,-1630.0,-1625.0,BELOW
2026-08-10 00:40:42,30.61,62.16,0.75,43.44,0.78,181.25,0.91,44.3,0.92,230.29,0.08,42.35,0.08,327.66,0.31,44.42,0.3,161.89,0.79,43.73,0.78,137.11,0.46,43.56,0.46,85.14,0.32,43.96,0.32,130.27,0.41,43.9,0.42,169.76,0.54,43.21,0.56,87.27,0.91,43.79,0.93,295.79,0.18,43.15,0.18,318.22,0.35,43.73,0.35,140.06,-1626,-1500,-1800,43.62833333333332,6.08,0 days 00:10:00,True,29,-1619.0,-1627.0,-1622.0,-1632.0,-1634.0,-1630.0,BELOW
2026-08-10 00:50:43,30.72,62.16,0.75,43.33,0.75,196.26,0.84,43.84,0.81,185.37,0.08,42.46,0.08,327.66,0.31,44.02,0.3,178.94,0.79,42.98,0.77,149.77,0.46,43.56,0.46,84.21,0.32,43.67,0.33,139.69,0.41,43.9,0.42,162.08,0.54,43.15,0.52,86.6,0.91,43.61,0.93,294.63,0.18,43.21,0.18,304.9,0.35,44.25,0.35,137.73,-1615,-1500,-1800,43.498333333333335,5.899999999999999,0 days 00:10:01,True,29,-1626.0,-1619.0,-1627.0,-1622.0,-1632.0,-1634.0,BELOW
2026-08-10 01:00:43,30.4,63.32,0.75,43.61,0.76,197.57,0.84,43.84,0.87,190.69,0.08,42.58,0.08,327.66,0.31,43.96,0.31,214.44,0.79,43.73,0.76,140.06,0.46,43.04,0.47,100.48,0.32,43.61,0.32,145.37,0.41,43.56,0.4,194.53,0.54,43.44,0.52,79.51,0.91,44.25,0.94,237.79,0.18,43.27,0.18,298.26,0.35,44.25,0.35,132.36,-1618,-1500,-1800,43.595,5.959999999999999,0 days 00:10:00,True,29,-1615.0,-1626.0,-1619.0,-1627.0,-1622.0,-1632.0,BELOW
2026-08-10 01:10:42,30.45,62.89,0.75,43.73,0.77,175.51,0.84,44.07,0.83,186.34,0.08,42.64,0.08,327.66,0.31,44.42,0.32,165.49,0.79,43.84,0.8,127.38,0.46,43.15,0.45,93.85,0.32,44.07,0.33,121.52,0.41,43.56,0.41,194.78,0.54,43.15,0.53,81.93,0.91,43.73,0.91,295.41,0.18,43.61,0.18,212.76,0.35,43.67,0.35,177.54,-1615,-1500,-1800,43.63666666666666,5.96,0 days 00:09:59,True,29,-1618.0,-1615.0,-1626.0,-1619.0,-1627.0,-1622.0,BELOW
2026-08-10 01:20:42,30.4,62.56,0.75,43.67,0.72,168.43,0.84,44.02,0.81,191.44,0.08,42.46,0.08,327.66,0.31,44.42,0.32,160.05,0.79,43.79,0.79,152.56,0.46,43.27,0.46,90.86,0.32,44.12,0.33,116.46,0.41,43.67,0.42,197.83,0.54,43.33,0.53,78.06,0.91,44.02,0.93,225.12,0.18,43.15,0.18,285.07,0.35,43.67,0.35,170.96,-1618,-1500,-1800,43.63249999999999,5.919999999999999,0 days 00:10:00,True,29,-1615.0,-1618.0,-1615.0,-1626.0,-1619.0,-1627.0,BELOW
2026-08-10 01:30:42,30.34,62.28,0.75,43.9,0.78,327.66,0.84,43.96,0.87,180.79,0.08,42.52,0.08,327.66,0.31,44.02,0.3,215.01,0.79,43.73,0.78,136.3,0.46,43.33,0.46,89.79,0.32,43.73,0.33,146.14,0.41,43.9,0.4,167.72,0.79,43.44,0.8,163.99,0.91,44.07,0.89,249.56,0.18,43.5,0.18,197.04,0.35,43.84,0.34,144.81,-1615,-1500,-1800,43.66166666666666,6.209999999999999,0 days 00:10:00,True,29,-1618.0,-1615.0,-1618.0,-1615.0,-1626.0,-1619.0,BELOW
2026-08-10 01:40:43,30.34,62.53,0.75,43.37,0.72,222.18,0.84,43.96,0.82,172.08,0.08,42.7,0.08,327.66,0.31,44.12,0.32,212.29,0.79,43.61,0.78,148.89,0.46,42.81,0.45,109.47,0.32,43.73,0.33,136.12,0.41,44.12,0.4,147.3,0.54,43.44,0.55,79.26,0.91,44.3,0.91,242.21,0.18,43.5,0.18,230.19,0.35,44.12,0.36,149.06,-1606,-1500,-1800,43.64833333333333,5.9,0 days 00:10:01,True,29,-1615.0,-1618.0,-1615.0,-1618.0,-1615.0,-1626.0,TARGET
2026-08-10 01:50:43,30.34,62.31,0.75,43.44,0.76,313.47,0.91,44.36,0.91,246.78,0.08,42.24,0.08,327.66,0.31,44.19,0.3,186.82,0.79,43.5,0.81,151.56,0.46,42.93,0.45,104.84,0.32,43.84,0.32,131.14,0.41,44.02,0.42,157.03,0.54,43.61,0.53,74.75,0.91,44.19,0.9,222.4,0.18,43.67,0.18,197.83,0.35,43.67,0.34,173.1,-1611,-1500,-1800,43.63833333333333,6.0,0 days 00:10:00,True,29,-1606.0,-1615.0,-1618.0,-1615.0,-1618.0,-1615.0,BELOW
2026-08-10 02:00:43,30.24,62.8,0.75,43.79,0.74,167.5,0.84,43.79,0.84,210.09,0.08,42.58,0.08,327.66,0.31,43.84,0.31,213.87,0.79,43.37,0.82,154.56,0.46,42.98,0.45,101.84,0.32,43.84,0.32,129.92,0.41,43.79,0.42,178.24,0.54,43.73,0.56,71.83,0.91,44.12,0.9,285.57,0.18,43.67,0.18,194.78,0.35,44.02,0.35,139.39,-1606,-1500,-1800,43.62666666666667,5.97,0 days 00:10:00,True,29,-1611.0,-1606.0,-1615.0,-1618.0,-1615.0,-1618.0,TARGET
2026-08-10 02:10:43,30.24,62.8,0.75,43.5,0.76,194.26,0.84,43.67,0.81,223.65,0.08,42.29,0.08,327.66,0.31,43.84,0.32,201.48,0.79,43.5,0.8,139.31,0.46,43.21,0.47,96.62,0.32,43.33,0.32,114.49,0.41,43.73,0.41,178.0,0.54,43.37,0.55,75.58,0.91,43.67,0.91,288.5,0.18,43.44,0.18,246.31,0.35,43.96,0.36,154.87,-1608,-1500,-1800,43.45916666666667,5.970000000000001,0 days 00:10:00,True,29,-1606.0,-1611.0,-1606.0,-1615.0,-1618.0,-1615.0,TARGET
2026-08-10 02:20:42,30.18,63.01,0.75,43.73,0.75,170.73,0.84,44.07,0.84,176.9,0.08,42.29,0.08,327.66,0.31,43.84,0.3,217.23,0.79,43.84,0.77,123.03,0.46,43.61,0.47,82.32,0.32,43.67,0.32,161.01,0.41,43.61,0.41,181.97,0.54,43.04,0.52,82.71,0.91,44.19,0.88,237.18,0.18,43.1,0.18,303.68,0.35,43.84,0.36,137.64,-1601,-1500,-1800,43.56916666666667,5.88,0 days 00:09:59,True,29,-1608.0,-1606.0,-1611.0,-1606.0,-1615.0,-1618.0,TARGET
2026-08-10 02:30:42,30.08,63.96,0.75,43.5,0.74,202.84,0.84,43.96,0.81,174.24,0.08,42.58,0.08,327.66,0.31,44.36,0.3,173.66,0.79,43.56,0.77,156.95,0.46,43.37,0.47,87.18,0.32,43.56,0.32,150.12,0.41,43.84,0.41,165.5,0.54,43.73,0.53,73.26,0.91,43.9,0.94,272.6,0.18,43.56,0.18,197.04,0.35,44.19,0.35,142.98,-1602,-1500,-1800,43.67583333333334,5.899999999999999,0 days 00:10:00,True,29,-1601.0,-1608.0,-1606.0,-1611.0,-1606.0,-1615.0,TARGET
2026-08-10 02:40:42,30.08,64.08,0.75,43.84,0.74,161.66,0.84,43.84,0.83,204.45,0.08,42.7,0.08,327.66,0.31,44.42,0.3,165.49,0.79,43.84,0.8,132.39,0.46,43.15,0.46,97.05,0.32,43.84,0.33,133.67,0.41,44.02,0.42,160.42,0.54,43.21,0.53,77.4,0.91,43.73,0.88,327.66,0.18,43.33,0.18,285.84,0.35,44.02,0.34,143.89,-1596,-1500,-1800,43.66166666666666,5.89,0 days 00:10:00,True,29,-1602.0,-1601.0,-1608.0,-1606.0,-1611.0,-1606.0,TARGET
2026-08-10 02:50:43,29.86,64.72,0.75,43.79,0.75,159.37,0.84,44.12,0.84,174.69,0.08,42.46,0.08,327.66,0.31,44.42,0.3,180.34,0.79,43.84,0.79,126.21,0.46,43.04,0.47,101.22,0.32,44.19,0.31,113.0,0.41,44.12,0.41,229.4,0.54,43.1,0.54,90.5,0.91,44.07,0.92,258.79,0.18,43.21,0.18,327.66,0.35,43.61,0.35,179.6,-1601,-1500,-1800,43.66416666666667,5.9399999999999995,0 days 00:10:01,True,29,-1596.0,-1602.0,-1601.0,-1608.0,-1606.0,-1611.0,TARGET
2026-08-10 03:00:43,29.81,64.94,0.75,43.44,0.78,218.65,0.84,44.07,0.81,178.7,0.08,42.58,0.08,327.66,0.31,44.02,0.31,208.59,0.79,43.44,0.79,188.95,0.46,42.93,0.45,101.57,0.32,43.9,0.32,120.16,0.41,44.07,0.42,147.11,0.54,43.33,0.53,78.61,0.91,44.02,0.88,285.21,0.18,43.44,0.18,255.09,0.35,44.07,0.36,141.16,-1592,-1500,-1800,43.60916666666666,5.91,0 days 00:10:00,True,29,-1601.0,-1596.0,-1602.0,-1601.0,-1608.0,-1606.0,TARGET
2026-08-10 03:10:43,29.54,65.82,0.75,43.9,0.73,154.47,0.84,43.79,0.86,217.23,0.08,41.83,0.08,327.66,0.31,44.02,0.32,218.08,0.79,43.5,0.76,154.98,0.46,43.33,0.47,92.2,0.32,43.67,0.32,138.66,0.41,44.07,0.4,145.58,0.54,43.56,0.55,71.18,0.91,44.12,0.94,245.5,0.18,43.44,0.18,306.1,0.35,43.73,0.35,168.65,-1604,-1500,-1800,43.580000000000005,5.959999999999999,0 days 00:10:00,True,29,-1592.0,-1601.0,-1596.0,-1602.0,-1601.0,-1608.0,TARGET
2026-08-10 03:20:43,29.27,66.43,0.75,43.5,0.75,260.25,0.84,44.19,0.85,166.59,0.08,42.24,0.08,327.66,0.31,44.07,0.32,191.69,0.79,43.56,0.77,145.19,0.46,43.37,0.45,88.18,0.32,43.61,0.32,150.51,0.41,43.56,0.41,251.45,0.54,43.21,0.55,82.05,0.91,44.25,0.93,241.9,0.18,43.84,0.18,216.37,0.35,43.61,0.36,184.87,-1601,-1500,-1800,43.58416666666667,5.97,0 days 00:10:00,True,29,-1604.0,-1592.0,-1601.0,-1596.0,-1602.0,-1601.0,TARGET
2026-08-10 03:30:42,29.22,66.92,0.75,43.79,0.73,163.34,0.84,43.56,0.83,321.19,0.08,42.29,0.08,327.66,0.31,44.07,0.31,191.44,0.79,43.96,0.78,126.71,0.46,43.21,0.47,86.29,0.32,43.5,0.31,148.31,0.41,43.96,0.42,153.17,0.54,43.67,0.54,70.65,0.91,43.84,0.91,267.71,0.18,43.73,0.18,195.3,0.35,43.96,0.35,162.08,-1602,-1500,-1800,43.62833333333334,5.91,0 days 00:09:59,True,29,-1601.0,-1604.0,-1592.0,-1601.0,-1596.0,-1602.0,TARGET
2026-08-10 03:40:42,29.33,67.04,0.75,43.5,0.78,172.41,0.84,44.12,0.83,170.65,0.08,42.12,0.08,327.66,0.31,44.36,0.3,165.49,0.79,43.5,0.78,155.17,0.46,43.44,0.46,81.4,0.32,44.02,0.32,137.0,0.41,43.96,0.42,158.59,0.54,43.27,0.56,84.28,0.91,44.25,0.93,265.06,0.18,43.27,0.18,263.85,0.35,43.96,0.34,160.42,-1602,-1500,-1800,43.6475,5.979999999999999,0 days 00:10:00,True,29,-1602.0,-1601.0,-1604.0,-1592.0,-1601.0,-1596.0,TARGET
2026-08-10 03:50:42,29.11,67.59,0.75,43.33,0.76,199.11,0.84,43.84,0.81,190.19,0.08,42.64,0.08,327.66,0.31,44.19,0.31,189.59,0.79,43.96,0.76,120.16,0.46,43.44,0.47,82.1,0.32,43.9,0.31,124.29,0.41,43.79,0.41,169.32,0.54,42.98,0.52,79.81,0.91,43.96,0.89,258.47,0.18,43.73,0.18,239.07,0.35,44.12,0.36,147.3,-1601,-1500,-1800,43.656666666666666,5.86,0 days 00:10:00,True,29,-1602.0,-1602.0,-1601.0,-1604.0,-1592.0,-1601.0,TARGET
2026-08-10 04:00:43,29.11,67.56,0.75,43.33,0.75,208.15,0.84,43.61,0.86,216.37,0.08,42.52,0.08,327.66,0.31,44.36,0.32,180.34,0.79,43.9,0.81,131.14,0.46,43.15,0.46,97.74,0.32,43.96,0.31,121.36,0.41,43.61,0.41,192.08,0.54,43.27,0.52,79.76,0.91,44.25,0.9,230.0,0.18,43.37,0.18,250.12,0.35,44.19,0.36,133.44,-1597,-1500,-1800,43.626666666666665,5.96,0 days 00:10:01,True,29,-1601.0,-1602.0,-1602.0,-1601.0,-1604.0,-1592.0,TARGET
2026-08-10 04:10:43,29.22,67.13,0.75,43.27,0.72,211.08,0.84,44.12,0.85,166.59,0.08,42.24,0.08,327.66,0.31,44.48,0.32,171.99,0.79,43.44,0.77,160.37,0.46,43.37,0.46,88.75,0.32,43.96,0.32,113.17,0.41,43.73,0.42,171.41,0.54,43.67,0.53,71.01,0.91,43.84,0.93,308.94,0.18,43.67,0.18,195.04,0.35,43.73,0.36,169.32,-1592,-1500,-1800,43.626666666666665,5.9399999999999995,0 days 00:10:00,True,29,-1597.0,-1601.0,-1602.0,-1602.0,-1601.0,-1604.0,TARGET
2026-08-10 04:20:43,29.11,67.99,0.75,43.37,0.74,193.5,0.84,44.07,0.83,170.43,0.08,42.46,0.08,327.66,0.31,44.42,0.3,169.69,0.79,43.9,0.77,137.83,0.46,43.21,0.46,88.97,0.32,43.96,0.32,115.2,0.41,43.61,0.41,181.97,0.54,43.1,0.56,83.95,0.91,43.73,0.9,272.24,0.18,43.27,0.18,285.84,0.35,43.9,0.36,152.97,-1596,-1500,-1800,43.583333333333336,5.91,0 days 00:10:00,True,29,-1592.0,-1597.0,-1601.0,-1602.0,-1602.0,-1601.0,TARGET
2026-08-10 04:30:42,29.01,68.51,0.75,43.5,0.76,194.53,0.84,43.67,0.86,213.32,0.08,42.35,0.08,327.66,0.35,43.9,0.34,160.22,0.79,43.56,0.77,151.56,0.46,43.21,0.45,93.07,0.32,43.56,0.32,134.27,0.41,43.84,0.41,161.87,0.54,43.56,0.52,73.07,0.91,44.19,0.91,225.7,0.18,43.15,0.18,291.15,0.35,43.9,0.34,158.19,-1600,-1500,-1800,43.5325,5.9399999999999995,0 days 00:09:59,True,29,-1596.0,-1592.0,-1597.0,-1601.0,-1602.0,-1602.0,TARGET
2026-08-10 04:40:42,29.06,68.29,0.75,43.67,0.75,172.87,0.84,43.79,0.86,224.23,0.08,42.58,0.08,327.66,0.31,44.3,0.32,264.72,0.79,43.44,0.77,221.87,0.46,42.98,0.45,104.84,0.32,43.9,0.32,123.18,0.41,44.12,0.41,153.56,0.54,43.61,0.54,76.4,0.91,44.25,0.88,237.79,0.18,43.5,0.18,218.94,0.35,44.19,0.35,141.72,-1600,-1500,-1800,43.69416666666667,5.909999999999999,0 days 00:10:00,True,29,-1600.0,-1596.0,-1592.0,-1597.0,-1601.0,-1602.0,TARGET
2026-08-10 04:50:42,29.11,68.2,0.75,43.27,0.78,207.61,0.84,43.33,0.81,183.18,0.08,42.58,0.08,327.66,0.31,43.96,0.3,214.15,0.79,43.96,0.76,121.21,0.46,43.1,0.46,99.02,0.32,43.56,0.31,126.71,0.41,43.96,0.41,158.39,0.54,43.27,0.54,81.18,0.91,44.19,0.94,246.14,0.18,43.56,0.18,242.31,0.35,43.73,0.36,182.45,-1604,-1500,-1800,43.53916666666667,5.930000000000001,0 days 00:10:00,True,29,-1600.0,-1600.0,-1596.0,-1592.0,-1597.0,-1601.0,TARGET
2026-08-10 05:00:43,29.06,68.26,0.75,43.33,0.75,221.59,0.84,43.56,0.84,242.31,0.08,42.7,0.08,327.66,0.31,44.12,0.32,205.79,0.79,43.44,0.81,158.33,0.46,42.98,0.46,102.47,0.32,43.73,0.33,134.62,0.41,44.07,0.4,215.01,0.54,43.5,0.52,76.19,0.91,44.19,0.88,250.21,0.18,43.56,0.18,212.76,0.35,43.67,0.34,175.29,-1597,-1500,-1800,43.57083333333333,5.909999999999999,0 days 00:10:01,True,29,-1604.0,-1600.0,-1600.0,-1596.0,-1592.0,-1597.0,TARGET
2026-08-10 05:10:43,29.01,68.75,0.75,43.79,0.76,167.28,0.84,43.56,0.83,216.09,0.08,42.58,0.08,327.66,0.31,44.19,0.31,194.61,0.79,43.67,0.76,135.58,0.46,43.27,0.46,89.67,0.32,43.44,0.33,160.17,0.41,43.67,0.4,184.64,0.54,43.44,0.54,75.26,0.91,44.02,0.94,290.76,0.18,43.5,0.18,237.81,0.35,43.84,0.36,213.6,-1596,-1500,-1800,43.58083333333334,5.95,0 days 00:10:00,True,29,-1597.0,-1604.0,-1600.0,-1600.0,-1596.0,-1592.0,TARGET
2026-08-10 05:20:43,28.85,69.03,0.75,43.27,0.75,214.37,0.84,43.37,0.87,211.64,0.08,42.64,0.08,327.66,0.31,44.42,0.32,178.29,0.79,43.9,0.76,128.89,0.46,43.44,0.45,96.2,0.32,43.61,0.33,142.75,0.41,43.9,0.41,159.8,0.54,43.37,0.53,83.88,0.91,43.67,0.93,314.72,0.18,43.37,0.18,255.09,0.35,44.07,0.36,142.78,-1594,-1500,-1800,43.58583333333333,5.970000000000001,0 days 00:10:00,True,29,-1596.0,-1597.0,-1604.0,-1600.0,-1600.0,-1596.0,TARGET
2026-08-10 05:30:43,28.85,69.03,0.75,43.44,0.73,215.51,0.84,44.12,0.85,179.4,0.08,42.64,0.08,327.66,0.31,44.19,0.32,194.61,0.79,43.37,0.82,156.12,0.46,43.33,0.46,87.5,0.32,43.56,0.32,150.31,0.41,43.96,0.4,151.31,0.54,43.5,0.54,74.25,0.91,44.3,0.92,230.0,0.18,43.15,0.18,304.09,0.35,44.07,0.36,144.06,-1599,-1500,-1800,43.63583333333333,5.9799999999999995,0 days 00:10:00,True,29,-1594.0,-1596.0,-1597.0,-1604.0,-1600.0,-1600.0,TARGET
2026-08-10 05:40:42,28.85,69.24,0.75,43.73,0.77,327.66,0.84,44.12,0.86,179.17,0.08,42.7,0.08,327.66,0.35,43.73,0.34,152.37,0.79,43.5,0.76,154.98,0.46,43.27,0.45,84.8,0.32,43.79,0.31,128.72,0.41,43.56,0.41,194.53,0.54,42.98,0.53,85.18,0.91,44.07,0.93,211.75,0.18,43.67,0.18,189.7,0.35,43.9,0.36,135.33,-1606,-1500,-1800,43.58500000000001,5.9799999999999995,0 days 00:09:59,True,29,-1599.0,-1594.0,-1596.0,-1597.0,-1604.0,-1600.0,TARGET
2026-08-10 05:50:42,28.85,69.06,0.75,43.33,0.75,199.37,0.84,43.84,0.85,182.93,0.18,43.33,0.18,245.33,0.31,44.59,0.3,168.32,0.79,43.67,0.78,147.31,0.46,43.04,0.45,101.09,0.32,43.96,0.33,131.33,0.41,43.9,0.42,158.19,0.54,43.56,0.55,71.1,0.91,44.12,0.94,285.57,0.18,43.56,0.18,194.26,0.35,43.96,0.35,172.08,-1603,-1500,-1800,43.73833333333334,6.08,0 days 00:10:00,True,29,-1606.0,-1599.0,-1594.0,-1596.0,-1597.0,-1604.0,TARGET
2026-08-10 06:00:43,28.85,68.78,0.75,43.33,0.78,204.51,0.84,43.61,0.83,213.04,0.08,42.64,0.08,327.66,0.31,43.96,0.32,193.6,0.79,43.96,0.79,124.45,0.46,43.33,0.45,89.79,0.32,43.79,0.31,123.03,0.41,43.5,0.41,188.95,0.54,43.27,0.54,84.06,0.91,43.73,0.93,288.88,0.18,43.5,0.18,255.43,0.35,43.56,0.34,158.75,-1600,-1500,-1800,43.51500000000001,5.959999999999999,0 days 00:10:01,True,29,-1603.0,-1606.0,-1599.0,-1594.0,-1596.0,-1597.0,TARGET
2026-08-10 07:20:43,29.59,67.75,0.75,43.9,0.78,157.98,0.84,44.12,0.85,172.76,0.08,42.24,0.08,327.66,0.31,44.42,0.3,169.69,0.79,43.73,0.76,136.12,0.46,43.15,0.46,96.92,0.32,43.44,0.31,154.76,0.41,44.07,0.4,151.7,0.54,43.67,0.52,72.4,0.91,44.25,0.92,280.6,0.18,43.56,0.18,209.26,0.35,43.96,0.34,165.94,-1609,-1500,-1800,43.70916666666667,5.899999999999999,0 days 00:10:00,True,31,-1602.0,-1605.0,-1600.0,-1598.0,-1605.0,-1601.0,TARGET
2026-08-10 07:30:43,29.65,67.71,0.75,43.33,0.73,240.71,0.91,44.02,0.88,258.47,0.08,42.64,0.08,327.66,0.31,43.9,0.3,220.96,0.79,43.44,0.79,142.0,0.46,43.5,0.45,82.59,0.32,43.61,0.33,147.12,0.41,44.02,0.41,156.81,0.54,43.27,0.56,81.67,0.91,43.96,0.89,283.35,0.18,43.73,0.18,238.76,0.35,43.9,0.36,163.76,-1608,-1500,-1800,43.61000000000001,5.960000000000001,0 days 00:10:00,True,31,-1609.0,-1602.0,-1605.0,-1600.0,-1598.0,-1605.0,TARGET
2026-08-10 07:40:43,29.75,67.07,0.75,43.56,0.76,172.41,0.84,44.02,0.86,178.7,0.08,42.35,0.08,327.66,0.31,44.36,0.31,173.43,0.79,43.79,0.8,146.14,0.46,43.21,0.47,91.22,0.32,44.02,0.32,124.62,0.41,43.79,0.4,175.75,0.54,43.21,0.53,85.1,0.91,44.19,0.93,259.82,0.18,43.15,0.18,279.25,0.35,44.3,0.36,131.12,-1609,-1500,-1800,43.662499999999994,6.0,0 days 00:10:00,True,31,-1608.0,-1609.0,-1602.0,-1605.0,-1600.0,-1598.0,TARGET
2026-08-10 07:50:42,30.02,66.59,0.75,43.56,0.77,203.11,0.84,43.5,0.85,222.47,0.08,42.46,0.08,327.66,0.31,44.53,0.32,176.51,0.79,43.67,0.82,138.28,0.46,42.87,0.46,102.34,0.32,43.61,0.31,145.37,0.41,43.56,0.41,191.82,0.54,43.1,0.56,80.49,0.91,44.3,0.92,255.42,0.18,43.61,0.18,212.76,0.35,44.12,0.35,144.25,-1603,-1500,-1800,43.57416666666668,6.029999999999999,0 days 00:09:59,True,31,-1609.0,-1608.0,-1609.0,-1602.0,-1605.0,-1600.0,TARGET
2026-08-10 08:00:42,30.08,66.46,0.75,43.56,0.76,181.97,0.84,43.84,0.84,213.87,0.08,42.7,0.08,327.66,0.31,44.53,0.3,176.51,0.79,43.73,0.82,136.12,0.46,43.5,0.47,90.15,0.32,44.19,0.32,114.85,0.41,43.84,0.42,163.56,0.54,43.61,0.55,73.17,0.91,43.67,0.88,282.6,0.18,43.73,0.18,198.09,0.35,44.25,0.36,147.48,-1613,-1500,-1800,43.76250000000001,5.98,0 days 00:10:00,True,31,-1603.0,-1609.0,-1608.0,-1609.0,-1602.0,-1605.0,BELOW
2026-08-10 08:10:43,30.34,66.04,0.75,43.67,0.77,165.07,0.84,43.9,0.83,196.07,0.08,42.35,0.08,327.66,0.31,43.96,0.32,327.66,0.79,43.9,0.76,123.18,0.46,43.44,0.45,90.38,0.32,43.73,0.31,131.87,0.41,44.12,0.42,148.87,0.54,43.04,0.53,82.21,0.91,43.73,0.94,282.97,0.18,43.1,0.18,284.69,0.35,43.73,0.36,177.54,-1611,-1500,-1800,43.55583333333334,5.95,0 days 00:10:01,True,31,-1613.0,-1603.0,-1609.0,-1608.0,-1609.0,-1602.0,BELOW
2026-08-10 08:20:43,30.4,66.4,0.75,43.67,0.73,200.69,0.84,44.07,0.87,188.86,0.08,42.75,0.08,327.66,0.31,43.9,0.31,204.72,0.79,43.44,0.8,151.37,0.46,43.04,0.45,95.56,0.32,43.44,0.33,154.76,0.41,43.56,0.41,327.66,0.54,43.21,0.54,78.18,0.91,43.73,0.88,308.13,0.18,43.04,0.18,290.37,0.35,44.07,0.34,144.25,-1610,-1500,-1800,43.49333333333334,5.92,0 days 00:10:00,True,31,-1611.0,-1613.0,-1603.0,-1609.0,-1608.0,-1609.0,TARGET
2026-08-10 08:30:43,30.56,66.19,0.75,43.27,0.74,196.0,0.84,43.96,0.83,199.12,0.08,42.64,0.08,327.66,0.31,44.42,0.3,185.56,0.79,43.84,0.79,130.98,0.46,42.98,0.45,100.21,0.32,44.07,0.32,144.06,0.41,43.56,0.42,203.11,0.54,43.67,0.52,74.35,0.91,44.25,0.91,286.32,0.18,43.15,0.18,284.69,0.35,44.3,0.36,135.08,-1612,-1500,-1800,43.67583333333334,5.9,0 days 00:10:00,True,31,-1610.0,-1611.0,-1613.0,-1603.0,-1609.0,-1608.0,BELOW
2026-08-10 08:40:43,30.72,65.36,0.75,43.61,0.78,170.73,0.91,43.96,0.93,278.78,0.08,42.7,0.08,327.66,0.31,44.42,0.32,185.32,0.79,43.5,0.76,153.25,0.46,43.37,0.46,98.7,0.32,43.9,0.32,127.54,0.41,43.96,0.41,163.99,0.54,42.81,0.53,78.57,0.91,43.79,0.88,277.32,0.18,43.61,0.18,197.83,0.35,43.67,0.35,173.1,-1613,-1500,-1800,43.60833333333333,5.999999999999999,0 days 00:10:00,True,31,-1612.0,-1610.0,-1611.0,-1613.0,-1603.0,-1609.0,BELOW
2026-08-10 10:20:43,32.27,58.83,0.75,43.44,0.76,205.6,0.84,44.07,0.85,179.4,0.08,42.75,0.08,327.66,0.31,44.3,0.3,216.12,0.79,43.44,0.78,168.21,0.46,43.37,0.45,86.4,0.32,43.79,0.32,137.64,0.41,43.79,0.42,182.45,0.54,43.27,0.56,81.67,0.91,44.42,0.88,247.1,0.18,43.79,0.18,243.58,0.35,44.19,0.35,138.73,-1636,-1500,-1800,43.71833333333334,5.929999999999999,0 days 00:10:00,True,31,-1636.0,-1631.0,-1633.0,-1632.0,-1629.0,-1630.0,BELOW
2026-08-10 10:30:43,32.16,59.11,0.75,43.73,0.77,162.91,0.84,43.61,0.81,209.54,0.18,43.21,0.18,327.66,0.31,44.53,0.32,168.11,0.79,43.61,0.82,184.64,0.46,43.27,0.46,95.93,0.32,44.07,0.31,109.04,0.41,43.84,0.41,163.56,0.54,43.73,0.55,69.68,0.91,44.3,0.9,226.29,0.18,43.73,0.18,187.37,0.35,43.9,0.36,165.5,-1641,-1500,-1800,43.794166666666676,6.07,0 days 00:10:00,True,31,-1636.0,-1636.0,-1631.0,-1633.0,-1632.0,-1629.0,BELOW
2026-08-10 10:40:43,32.64,58.47,0.75,43.9,0.74,156.41,0.84,44.02,0.85,183.65,0.08,42.58,0.08,327.66,0.31,44.02,0.32,217.79,0.79,43.73,0.76,138.48,0.46,43.21,0.46,87.16,0.32,43.56,0.32,151.76,0.41,43.9,0.4,193.6,0.54,43.73,0.54,69.68,0.91,44.25,0.89,229.7,0.18,43.73,0.18,184.64,0.35,43.73,0.35,177.76,-1641,-1500,-1800,43.696666666666665,5.889999999999999,0 days 00:10:00,True,31,-1641.0,-1636.0,-1636.0,-1631.0,-1633.0,-1632.0,BELOW
2026-08-10 11:30:43,33.39,55.14,0.75,43.84,0.75,175.98,0.84,44.02,0.86,191.44,0.18,43.21,0.18,274.41,0.31,44.53,0.32,176.29,0.79,43.9,0.81,135.14,0.46,43.21,0.45,107.89,0.32,43.67,0.32,137.11,0.41,44.02,0.41,193.85,0.54,43.73,0.55,72.97,0.91,44.25,0.88,275.1,0.18,43.67,0.18,327.66,0.35,43.73,0.34,169.1,-1645,-1500,-1800,43.815000000000005,6.049999999999999,0 days 00:10:00,True,31,-1642.0,-1639.0,-1639.0,-1641.0,-1641.0,-1641.0,BELOW
2026-08-10 12:10:44,34.35,53.25,0.75,43.56,0.75,174.6,0.91,43.84,0.89,323.31,0.08,42.41,0.08,327.66,0.31,44.48,0.3,180.81,0.79,43.84,0.82,135.14,0.46,43.56,0.45,82.81,0.32,43.56,0.31,156.95,0.41,43.9,0.4,167.72,0.54,43.5,0.56,76.29,0.91,43.96,0.9,278.78,0.18,43.44,0.18,254.75,0.35,44.3,0.36,144.83,-1647,-1500,-1800,43.695833333333326,6.000000000000001,0 days 00:10:01,True,31,-1645.0,-1650.0,-1640.0,-1645.0,-1642.0,-1639.0,BELOW
2026-08-10 12:20:42,34.62,52.6,0.75,43.37,0.72,214.95,0.84,43.9,0.85,193.34,0.08,42.98,0.08,327.66,0.31,44.36,0.31,192.69,0.79,43.79,0.79,142.95,0.46,43.61,0.46,85.48,0.32,44.12,0.31,117.59,0.41,43.61,0.41,189.45,0.54,43.44,0.56,77.28,0.91,43.84,0.88,267.71,0.18,43.33,0.18,286.6,0.35,43.84,0.36,169.54,-1644,-1500,-1800,43.6825,5.91,0 days 00:09:58,True,31,-1647.0,-1645.0,-1650.0,-1640.0,-1645.0,-1642.0,BELOW
2026-08-10 12:50:43,34.94,53.58,0.75,43.61,0.72,184.39,0.84,43.79,0.81,198.09,0.08,42.75,0.08,327.66,0.31,44.53,0.3,166.12,0.79,43.73,0.8,315.54,0.46,43.27,0.45,93.32,0.32,44.07,0.31,117.43,0.41,43.79,0.4,175.51,0.54,43.56,0.55,79.83,0.91,44.53,0.9,271.56,0.18,43.27,0.18,268.66,0.35,43.9,0.34,169.76,-1649,-1500,-1800,43.73333333333333,5.84,0 days 00:10:00,True,31,-1642.0,-1650.0,-1644.0,-1647.0,-1645.0,-1650.0,BELOW
2026-08-10 14:50:43,34.94,52.36,0.75,43.79,0.74,169.1,0.84,44.19,0.84,187.31,0.08,42.64,0.08,327.66,0.31,44.36,0.31,173.87,0.79,44.02,0.82,146.92,0.46,43.5,0.46,88.41,0.32,43.67,0.32,148.89,0.41,44.25,0.41,144.64,0.54,43.27,0.55,81.29,0.91,44.25,0.88,245.82,0.18,43.56,0.18,230.19,0.35,44.02,0.34,160.64,-1656,-1500,-1800,43.79333333333333,5.93,0 days 00:10:00,True,32,-1650.0,-1655.0,-1653.0,-1653.0,-1654.0,-1647.0,BELOW
2026-08-10 17:40:43,35.79,50.74,0.75,43.79,0.76,167.28,0.84,43.9,0.85,198.87,0.18,43.27,0.18,274.76,0.31,44.36,0.3,178.06,0.79,43.67,0.77,148.5,0.46,43.04,0.47,123.11,0.32,43.79,0.31,138.84,0.41,43.61,0.4,194.78,0.79,43.84,0.78,134.8,0.91,44.42,0.91,227.17,0.18,43.37,0.18,245.98,0.35,44.02,0.36,160.64,-1654,-1500,-1800,43.75666666666668,6.2700000000000005,0 days 00:10:00,True,32,-1655.0,-1650.0,-1653.0,-1646.0,-1655.0,-1647.0,BELOW
2026-08-10 20:00:44,32.05,59.72,0.75,43.96,0.72,161.87,0.84,43.73,0.84,220.37,0.18,43.56,0.18,222.76,0.31,43.96,0.3,221.25,0.79,43.5,0.79,154.76,0.46,43.1,0.46,102.12,0.32,44.12,0.32,121.52,0.41,44.12,0.4,150.26,0.79,43.61,0.76,153.66,0.91,44.12,0.94,285.57,0.18,43.56,0.18,222.76,0.35,44.12,0.34,152.09,-1666,-1500,-1800,43.788333333333334,6.229999999999999,0 days 00:10:01,True,32,-1671.0,-1666.0,-1666.0,-1669.0,-1670.0,-1666.0,BELOW
2026-08-10 22:50:43,29.01,64.63,0.75,43.56,0.76,176.6,0.91,44.25,0.89,237.79,0.08,42.81,0.08,327.66,0.31,43.79,0.31,207.5,0.79,43.73,0.78,127.21,0.46,43.27,0.46,91.96,0.32,43.27,0.32,149.33,0.41,43.79,0.41,178.0,0.54,43.15,0.56,81.93,0.91,43.84,0.92,272.24,0.18,43.33,0.18,274.76,0.35,44.42,0.35,136.73,-1641,-1500,-1800,43.60083333333333,6.02,0 days 00:09:59,True,32,-1643.0,-1653.0,-1654.0,-1656.0,-1655.0,-1659.0,BELOW
2026-08-10 23:00:43,28.85,65.09,0.75,43.79,0.78,157.76,0.84,43.27,0.84,192.99,0.08,42.52,0.08,327.66,0.31,43.84,0.32,216.65,0.79,43.37,0.76,159.95,0.46,43.5,0.46,77.49,0.32,43.84,0.33,122.11,0.41,43.56,0.4,184.39,0.54,43.61,0.52,68.46,0.91,44.19,0.94,250.21,0.18,43.27,0.18,274.41,0.35,43.96,0.34,158.59,-1643,-1500,-1800,43.56,5.949999999999999,0 days 00:10:00,True,32,-1641.0,-1643.0,-1653.0,-1654.0,-1656.0,-1655.0,BELOW
2026-08-10 23:10:44,28.74,63.87,0.75,43.33,0.74,198.84,0.84,44.02,0.85,183.65,0.08,42.18,0.08,327.66,0.31,44.25,0.32,182.21,0.79,43.67,0.76,138.48,0.46,42.98,0.47,100.95,0.32,43.84,0.33,167.5,0.41,43.61,0.41,189.7,0.54,43.21,0.52,83.04,0.91,43.9,0.94,272.6,0.18,43.61,0.18,206.14,0.35,43.67,0.35,177.76,-1635,-1500,-1800,43.5225,5.949999999999999,0 days 00:10:01,True,32,-1643.0,-1641.0,-1643.0,-1653.0,-1654.0,-1656.0,BELOW
2026-08-10 23:30:44,28.85,61.7,0.75,43.5,0.72,197.04,0.84,43.61,0.86,242.62,0.08,42.29,0.08,327.66,0.31,44.07,0.31,202.81,0.79,43.84,0.78,131.14,0.46,43.1,0.46,98.31,0.32,43.5,0.33,158.33,0.41,43.96,0.42,151.5,0.54,43.1,0.53,84.35,0.91,43.61,0.92,327.66,0.18,43.04,0.18,283.94,0.35,43.73,0.36,171.41,-1634,-1500,-1800,43.44583333333333,5.95,0 days 00:10:00,True,32,-1639.0,-1635.0,-1643.0,-1641.0,-1643.0,-1653.0,BELOW
2026-08-10 23:40:44,28.85,61.4,0.75,43.5,0.75,176.83,0.84,43.79,0.86,207.5,0.08,42.46,0.08,321.03,0.31,44.42,0.32,167.67,0.79,43.84,0.82,124.13,0.46,43.61,0.45,80.86,0.32,43.5,0.32,150.12,0.41,43.56,0.42,192.08,0.54,43.15,0.54,84.99,0.91,43.79,0.94,295.41,0.18,43.04,0.18,327.66,0.35,44.12,0.36,129.39,-1635,-1500,-1800,43.565,6.04,0 days 00:10:00,True,32,-1634.0,-1639.0,-1635.0,-1643.0,-1641.0,-1643.0,BELOW
2026-08-11 00:00:43,28.79,61.52,0.75,43.37,0.75,208.43,0.84,43.5,0.82,229.89,0.08,42.64,0.08,327.66,0.31,44.3,0.3,192.44,0.79,43.67,0.8,145.75,0.46,42.98,0.45,100.07,0.32,43.73,0.33,144.44,0.41,43.84,0.41,171.62,0.54,43.21,0.53,79.65,0.91,43.79,0.91,216.94,0.18,43.61,0.18,203.37,0.35,43.67,0.35,157.14,-1631,-1500,-1800,43.52583333333334,5.91,0 days 00:09:59,True,32,-1635.0,-1635.0,-1634.0,-1639.0,-1635.0,-1643.0,BELOW
2026-08-11 00:10:43,28.63,62.07,0.75,43.9,0.73,178.47,0.84,43.67,0.85,216.37,0.08,42.64,0.08,327.66,0.31,44.02,0.31,202.28,0.79,43.5,0.8,146.73,0.46,43.21,0.46,92.57,0.32,43.67,0.32,152.37,0.41,43.96,0.42,156.81,0.54,43.67,0.54,74.75,0.91,44.12,0.88,241.58,0.18,43.21,0.18,248.79,0.35,43.61,0.36,170.51,-1624,-1500,-1800,43.59833333333333,5.93,0 days 00:10:00,True,32,-1631.0,-1635.0,-1635.0,-1634.0,-1639.0,-1635.0,BELOW
2026-08-11 00:20:44,28.63,62.43,0.75,43.84,0.72,163.56,0.84,44.07,0.86,172.53,0.08,42.64,0.08,327.66,0.31,44.3,0.32,189.59,0.79,43.37,0.82,156.31,0.46,43.33,0.46,87.06,0.32,43.9,0.33,120.89,0.41,43.96,0.4,158.39,0.54,43.15,0.52,84.47,0.91,43.84,0.92,290.01,0.18,43.56,0.18,212.48,0.35,43.56,0.36,172.64,-1619,-1500,-1800,43.626666666666665,5.97,0 days 00:10:01,True,32,-1624.0,-1631.0,-1635.0,-1635.0,-1634.0,-1639.0,BELOW
2026-08-11 00:30:44,28.26,63.62,0.75,43.84,0.77,163.76,0.84,44.25,0.87,255.09,0.08,42.7,0.08,327.66,0.31,44.07,0.32,263.69,0.79,43.79,0.81,134.8,0.46,43.37,0.47,88.75,0.32,43.5,0.31,153.25,0.41,43.5,0.41,188.95,0.54,43.33,0.52,78.94,0.91,44.02,0.89,258.47,0.18,43.21,0.18,279.63,0.35,44.19,0.34,138.73,-1620,-1500,-1800,43.6475,5.97,0 days 00:10:00,True,32,-1619.0,-1624.0,-1631.0,-1635.0,-1635.0,-1634.0,BELOW
2026-08-11 00:40:44,28.31,64.27,0.75,43.37,0.75,178.42,0.84,44.07,0.85,164.2,0.08,42.52,0.08,327.66,0.31,44.12,0.31,205.51,0.79,43.56,0.76,150.12,0.46,43.33,0.45,82.75,0.32,43.79,0.32,136.12,0.41,44.12,0.41,134.55,0.54,43.44,0.56,79.26,0.91,44.07,0.92,245.18,0.18,43.37,0.18,250.12,0.35,43.73,0.35,173.32,-1619,-1500,-1800,43.62416666666667,5.9399999999999995,0 days 00:10:00,True,32,-1620.0,-1619.0,-1624.0,-1631.0,-1635.0,-1635.0,BELOW
2026-08-11 00:50:44,28.05,64.85,0.75,43.9,0.76,176.21,0.84,43.73,0.86,210.09,0.08,42.29,0.08,327.66,0.31,43.96,0.32,211.2,0.79,43.61,0.82,153.66,0.46,43.37,0.45,86.95,0.32,43.9,0.32,123.18,0.41,43.73,0.41,169.1,0.54,43.15,0.54,84.88,0.91,43.79,0.9,301.82,0.18,43.5,0.18,246.31,0.35,44.19,0.35,141.53,-1620,-1500,-1800,43.593333333333334,5.989999999999999,0 days 00:10:00,True,32,-1619.0,-1620.0,-1619.0,-1624.0,-1631.0,-1635.0,BELOW
2026-08-11 01:00:43,27.88,64.85,0.75,43.33,0.78,199.11,0.84,44.02,0.85,253.76,0.08,42.58,0.08,327.66,0.31,44.19,0.32,164.62,0.79,43.9,0.8,130.09,0.46,43.37,0.47,97.43,0.32,43.84,0.33,125.41,0.41,43.56,0.4,191.57,0.54,43.5,0.52,73.85,0.91,44.12,0.92,233.53,0.18,43.15,0.18,304.09,0.35,43.73,0.34,173.32,-1621,-1500,-1800,43.607499999999995,5.99,0 days 00:09:59,True,32,-1620.0,-1619.0,-1620.0,-1619.0,-1624.0,-1631.0,BELOW
2026-08-11 01:10:43,27.83,63.14,0.75,43.61,0.73,184.39,0.84,43.61,0.87,209.54,0.08,42.7,0.08,327.66,0.31,43.84,0.31,302.22,0.79,43.37,0.81,151.17,0.46,43.1,0.45,97.61,0.32,43.96,0.32,122.11,0.41,43.79,0.41,175.51,0.54,43.61,0.53,69.49,0.91,44.25,0.89,233.53,0.18,43.56,0.18,206.4,0.35,43.9,0.36,156.41,-1618,-1500,-1800,43.60833333333334,5.94,0 days 00:10:00,True,32,-1621.0,-1620.0,-1619.0,-1620.0,-1619.0,-1624.0,BELOW
2026-08-11 01:20:44,27.94,62.92,0.75,43.21,0.73,198.58,0.84,43.84,0.83,198.87,0.08,42.24,0.08,327.66,0.31,44.3,0.32,175.6,0.79,43.96,0.76,127.71,0.46,42.93,0.45,103.11,0.32,43.9,0.33,124.13,0.41,43.79,0.42,169.32,0.54,43.56,0.52,75.78,0.91,44.12,0.93,254.1,0.18,43.61,0.18,200.43,0.35,44.02,0.36,157.03,-1611,-1500,-1800,43.623333333333335,5.91,0 days 00:10:01,True,32,-1618.0,-1621.0,-1620.0,-1619.0,-1620.0,-1619.0,BELOW
2026-08-11 01:30:44,27.88,63.14,0.75,43.79,0.72,157.76,0.84,43.61,0.86,216.09,0.08,42.75,0.08,327.66,0.31,44.25,0.31,170.87,0.79,43.44,0.79,158.33,0.46,43.33,0.45,89.21,0.32,43.79,0.33,159.59,0.41,44.12,0.42,147.3,0.54,43.73,0.56,72.97,0.91,44.3,0.9,226.58,0.18,43.44,0.18,214.95,0.35,43.67,0.36,172.87,-1610,-1500,-1800,43.685,5.960000000000001,0 days 00:10:00,True,32,-1611.0,-1618.0,-1621.0,-1620.0,-1619.0,-1620.0,TARGET
2026-08-11 01:40:44,27.78,63.81,0.75,43.67,0.73,177.54,0.84,44.12,0.87,181.73,0.08,42.46,0.08,327.66,0.31,43.73,0.3,216.65,0.79,43.96,0.81,128.89,0.46,43.1,0.46,98.31,0.32,43.67,0.33,141.3,0.41,43.61,0.41,197.57,0.54,43.21,0.54,81.56,0.91,43.9,0.89,272.96,0.18,43.67,0.18,195.04,0.35,44.07,0.36,148.87,-1611,-1500,-1800,43.597500000000004,5.96,0 days 00:10:00,True,32,-1610.0,-1611.0,-1618.0,-1621.0,-1620.0,-1619.0,BELOW
2026-08-11 01:50:44,27.46,65.15,0.75,43.67,0.77,213.32,0.84,43.9,0.86,202.01,0.08,42.29,0.08,327.66,0.31,44.3,0.3,182.44,0.79,43.44,0.76,149.53,0.46,43.1,0.47,115.81,0.32,43.44,0.33,156.53,0.41,43.73,0.4,173.32,0.54,43.61,0.54,73.17,0.91,44.3,0.92,233.83,0.18,43.33,0.18,274.76,0.35,44.12,0.34,137.0,-1608,-1500,-1800,43.6025,5.949999999999999,0 days 00:10:00,True,32,-1611.0,-1610.0,-1611.0,-1618.0,-1621.0,-1620.0,TARGET
2026-08-11 02:00:44,27.3,65.21,0.75,43.79,0.74,163.56,0.84,43.96,0.85,185.85,0.08,42.64,0.08,327.66,0.31,44.25,0.32,192.44,0.79,43.73,0.76,137.28,0.46,43.44,0.46,84.62,0.32,43.84,0.31,124.13,0.41,43.96,0.42,149.87,0.54,43.27,0.55,79.76,0.91,43.84,0.88,301.82,0.18,43.56,0.18,203.37,0.35,43.67,0.34,147.31,-1608,-1500,-1800,43.662499999999994,5.89,0 days 00:10:00,True,32,-1608.0,-1611.0,-1610.0,-1611.0,-1618.0,-1621.0,TARGET
2026-08-11 02:10:43,27.24,65.73,0.75,43.5,0.78,205.87,0.84,44.12,0.82,168.82,0.08,42.46,0.08,327.66,0.31,44.02,0.31,208.59,0.79,43.5,0.77,145.37,0.46,42.93,0.47,105.5,0.32,43.67,0.31,144.25,0.41,43.67,0.4,175.29,0.54,42.98,0.55,80.17,0.91,43.67,0.89,282.6,0.18,43.21,0.18,279.63,0.35,44.19,0.34,141.72,-1609,-1500,-1800,43.49333333333334,5.8999999999999995,0 days 00:09:59,True,32,-1608.0,-1608.0,-1611.0,-1610.0,-1611.0,-1618.0,TARGET
2026-08-11 02:20:43,27.24,65.15,0.75,43.33,0.74,221.29,0.84,43.84,0.82,217.23,0.08,42.24,0.08,327.66,0.31,44.36,0.3,185.08,0.79,43.56,0.79,191.57,0.46,43.5,0.45,84.1,0.32,43.73,0.32,192.58,0.41,44.07,0.4,144.06,0.54,43.61,0.53,75.47,0.91,44.07,0.93,244.86,0.18,43.04,0.18,303.28,0.35,43.79,0.34,190.44,-1600,-1500,-1800,43.595,5.88,0 days 00:10:00,True,32,-1609.0,-1608.0,-1608.0,-1611.0,-1610.0,-1611.0,TARGET
2026-08-11 02:30:44,27.35,64.17,0.75,43.5,0.76,183.9,0.84,43.61,0.86,223.06,0.08,42.41,0.08,327.66,0.31,43.84,0.32,213.87,0.79,43.56,0.77,148.5,0.46,42.98,0.47,104.84,0.32,44.02,0.33,117.28,0.41,44.07,0.41,150.26,0.54,43.1,0.53,81.83,0.91,43.67,0.9,271.53,0.18,43.5,0.18,212.2,0.35,44.19,0.34,138.73,-1597,-1500,-1800,43.5375,5.95,0 days 00:10:01,True,32,-1600.0,-1609.0,-1608.0,-1608.0,-1611.0,-1610.0,TARGET
2026-08-11 02:40:44,27.14,64.39,0.75,43.84,0.76,156.2,0.84,43.84,0.85,210.64,0.08,42.41,0.08,327.66,0.31,44.42,0.31,156.5,0.79,43.96,0.79,129.06,0.46,43.5,0.47,83.09,0.32,43.44,0.33,151.56,0.41,43.9,0.41,175.98,0.54,43.37,0.53,79.15,0.91,44.12,0.9,264.03,0.18,43.15,0.18,290.75,0.35,43.73,0.35,164.85,-1602,-1500,-1800,43.63999999999999,5.96,0 days 00:10:00,True,32,-1597.0,-1600.0,-1609.0,-1608.0,-1608.0,-1611.0,TARGET
2026-08-11 02:50:44,27.08,64.27,0.75,43.21,0.73,210.51,0.84,44.12,0.83,177.12,0.08,42.58,0.08,327.66,0.31,44.3,0.32,184.84,0.79,43.37,0.76,163.55,0.46,43.15,0.47,97.61,0.32,43.96,0.32,117.13,0.41,44.07,0.4,142.59,0.54,43.37,0.54,79.61,0.91,44.07,0.93,249.56,0.18,43.5,0.18,230.19,0.35,43.56,0.34,179.37,-1598,-1500,-1800,43.605,5.8999999999999995,0 days 00:10:00,True,32,-1602.0,-1597.0,-1600.0,-1609.0,-1608.0,-1608.0,TARGET
2026-08-11 03:00:44,26.55,64.54,0.75,43.9,0.72,152.97,0.84,43.61,0.87,227.01,0.08,42.29,0.08,327.66,0.31,44.42,0.31,160.05,0.79,43.5,0.76,156.53,0.46,43.27,0.45,92.7,0.32,43.56,0.32,156.95,0.41,43.67,0.4,184.64,0.54,43.56,0.54,72.58,0.91,44.07,0.93,225.12,0.18,43.27,0.18,225.22,0.35,44.02,0.36,130.27,-1594,-1500,-1800,43.595,5.92,0 days 00:10:00,True,32,-1598.0,-1602.0,-1597.0,-1600.0,-1609.0,-1608.0,TARGET
2026-08-11 03:10:43,26.6,65.67,0.75,43.73,0.74,177.76,0.84,44.19,0.82,181.97,0.08,42.46,0.08,327.66,0.31,44.25,0.3,192.19,0.79,43.61,0.76,147.31,0.46,43.1,0.47,101.36,0.32,43.96,0.33,116.16,0.41,44.12,0.42,153.76,0.54,43.5,0.56,78.36,0.91,44.19,0.94,245.82,0.18,43.5,0.18,225.82,0.35,43.67,0.34,179.6,-1599,-1500,-1800,43.69,5.9399999999999995,0 days 00:09:59,True,32,-1594.0,-1598.0,-1602.0,-1597.0,-1600.0,-1609.0,TARGET
2026-08-11 03:20:43,26.87,64.14,0.75,43.37,0.75,208.15,0.84,44.02,0.87,186.09,0.08,42.18,0.08,327.66,0.31,43.9,0.31,232.01,0.79,43.9,0.81,125.41,0.46,43.5,0.45,91.95,0.32,43.61,0.31,136.73,0.41,43.73,0.4,220.1,0.54,43.73,0.56,68.64,0.91,44.25,0.91,233.83,0.18,43.5,0.18,222.47,0.35,44.02,0.36,162.28,-1597,-1500,-1800,43.642500000000005,5.990000000000001,0 days 00:10:00,True,32,-1599.0,-1594.0,-1598.0,-1602.0,-1597.0,-1600.0,TARGET
2026-08-11 03:30:44,26.92,63.59,0.75,43.73,0.73,182.45,0.84,43.67,0.85,322.03,0.08,42.35,0.08,327.66,0.31,43.9,0.32,217.51,0.79,43.44,0.77,171.96,0.46,43.1,0.46,99.02,0.32,43.79,0.32,128.56,0.41,44.12,0.42,152.09,0.54,43.67,0.56,74.44,0.91,44.25,0.92,233.83,0.18,43.61,0.18,189.45,0.35,43.96,0.35,164.2,-1594,-1500,-1800,43.6325,5.959999999999999,0 days 00:10:01,True,32,-1597.0,-1599.0,-1594.0,-1598.0,-1602.0,-1597.0,TARGET
2026-08-11 03:40:44,26.92,63.35,0.75,43.67,0.75,153.86,0.84,44.02,0.84,181.26,0.08,42.24,0.08,327.66,0.31,44.19,0.31,197.35,0.79,43.61,0.82,153.66,0.46,43.37,0.46,94.87,0.32,43.67,0.33,144.25,0.41,43.67,0.42,166.62,0.54,43.33,0.53,80.33,0.91,44.02,0.9,258.47,0.18,43.44,0.18,196.78,0.35,44.02,0.36,145.0,-1594,-1500,-1800,43.604166666666664,5.98,0 days 00:10:00,True,32,-1594.0,-1597.0,-1599.0,-1594.0,-1598.0,-1602.0,TARGET
2026-08-11 03:50:44,26.5,63.81,0.75,43.33,0.73,214.65,0.84,44.02,0.87,164.2,0.08,42.64,0.08,327.66,0.31,43.96,0.32,214.44,0.79,43.33,0.8,158.12,0.46,42.93,0.46,103.75,0.32,43.84,0.32,132.23,0.41,43.61,0.42,203.37,0.54,43.9,0.55,70.65,0.91,44.12,0.88,237.18,0.18,43.44,0.18,241.67,0.35,44.07,0.35,147.11,-1599,-1500,-1800,43.59916666666667,5.959999999999999,0 days 00:10:00,True,32,-1594.0,-1594.0,-1597.0,-1599.0,-1594.0,-1598.0,TARGET
2026-08-11 04:00:44,26.34,63.41,0.75,43.61,0.77,181.49,0.84,43.5,0.85,206.14,0.08,42.29,0.08,327.66,0.31,44.12,0.31,194.1,0.79,43.37,0.76,151.17,0.46,43.1,0.46,97.35,0.32,43.61,0.33,148.7,0.41,44.07,0.42,148.67,0.54,43.1,0.53,83.84,0.91,43.73,0.91,288.88,0.18,43.44,0.18,186.15,0.35,44.25,0.34,143.16,-1594,-1500,-1800,43.51583333333334,5.94,0 days 00:10:00,True,32,-1599.0,-1594.0,-1594.0,-1597.0,-1599.0,-1594.0,TARGET
2026-08-11 04:10:44,26.28,63.59,0.75,43.5,0.73,202.84,0.84,43.9,0.84,193.09,0.08,42.64,0.08,327.66,0.31,44.02,0.3,225.12,0.79,43.5,0.78,146.73,0.46,43.15,0.45,94.37,0.32,43.79,0.33,136.3,0.41,44.12,0.41,147.11,0.54,43.21,0.55,84.68,0.91,43.9,0.88,262.66,0.18,43.15,0.18,304.09,0.35,44.25,0.36,136.2,-1592,-1500,-1800,43.594166666666666,5.890000000000001,0 days 00:10:00,True,32,-1594.0,-1599.0,-1594.0,-1594.0,-1597.0,-1599.0,TARGET
2026-08-11 04:20:43,26.6,63.17,0.75,43.79,0.78,163.34,0.84,43.67,0.86,213.04,0.08,42.58,0.08,327.66,0.31,44.42,0.3,169.47,0.79,43.67,0.78,173.32,0.46,43.44,0.46,83.09,0.32,43.61,0.32,153.66,0.41,43.73,0.41,178.0,0.54,43.61,0.53,69.83,0.91,44.19,0.88,222.12,0.18,43.33,0.18,264.54,0.35,43.9,0.35,167.72,-1597,-1500,-1800,43.66166666666667,5.929999999999999,0 days 00:09:59,True,32,-1592.0,-1594.0,-1599.0,-1594.0,-1594.0,-1597.0,TARGET
2026-08-11 04:30:44,26.71,62.92,0.75,43.5,0.73,202.57,0.84,44.02,0.84,174.46,0.08,42.29,0.08,327.66,0.31,44.07,0.3,199.39,0.79,43.37,0.78,159.95,0.46,42.93,0.45,124.7,0.32,43.61,0.33,142.37,0.41,43.9,0.41,160.22,0.54,43.5,0.53,73.26,0.91,44.07,0.94,249.24,0.18,43.61,0.18,186.64,0.35,44.36,0.35,107.38,-1599,-1500,-1800,43.6025,5.92,0 days 00:10:01,True,32,-1597.0,-1592.0,-1594.0,-1599.0,-1594.0,-1594.0,TARGET
2026-08-11 04:40:44,26.66,63.14,0.75,43.44,0.77,194.26,0.84,43.79,0.81,200.96,0.08,42.7,0.08,327.66,0.31,44.3,0.31,195.11,0.79,43.5,0.79,148.31,0.46,43.1,0.47,97.61,0.32,43.73,0.32,138.66,0.41,43.96,0.41,131.14,0.54,43.37,0.56,77.37,0.91,44.02,0.89,240.64,0.18,43.44,0.18,218.36,0.35,43.67,0.36,192.33,-1589,-1500,-1800,43.585,5.95,0 days 00:10:00,True,32,-1599.0,-1597.0,-1592.0,-1594.0,-1599.0,-1594.0,ABOVE
2026-08-11 04:50:44,26.44,64.02,0.75,43.33,0.78,205.04,0.84,43.79,0.84,227.61,0.08,42.58,0.08,327.66,0.31,43.84,0.32,231.71,0.79,43.9,0.82,123.03,0.46,42.93,0.46,103.11,0.32,43.96,0.33,113.47,0.41,43.79,0.41,159.59,0.54,43.33,0.54,78.94,0.91,43.96,0.9,263.0,0.18,43.44,0.18,229.58,0.35,43.79,0.36,157.98,-1587,-1500,-1800,43.553333333333335,6.0200000000000005,0 days 00:10:00,True,32,-1589.0,-1599.0,-1597.0,-1592.0,-1594.0,-1599.0,ABOVE
2026-08-11 05:00:44,26.5,64.2,0.75,43.56,0.72,186.64,0.84,43.61,0.87,203.11,0.08,42.75,0.08,327.66,0.31,44.07,0.3,179.17,0.79,43.37,0.77,158.33,0.46,43.1,0.47,98.89,0.32,43.5,0.33,211.92,0.41,44.07,0.41,148.87,0.54,43.73,0.53,72.58,0.91,44.3,0.88,234.14,0.18,42.93,0.18,247.47,0.35,44.12,0.35,134.37,-1594,-1500,-1800,43.5925,5.89,0 days 00:10:00,True,32,-1587.0,-1589.0,-1599.0,-1597.0,-1592.0,-1594.0,TARGET
2026-08-11 05:20:43,26.6,64.2,0.75,43.61,0.75,182.21,0.84,43.61,0.85,230.19,0.08,42.58,0.08,327.66,0.31,44.19,0.32,179.64,0.79,43.67,0.81,147.5,0.46,42.93,0.46,93.99,0.32,43.56,0.31,153.05,0.41,43.56,0.41,197.04,0.54,43.37,0.55,76.85,0.91,44.07,0.92,258.79,0.18,43.21,0.18,327.66,0.35,43.96,0.34,151.5,-1596,-1500,-1800,43.52666666666667,5.9799999999999995,0 days 00:09:59,True,32,-1583.0,-1594.0,-1587.0,-1589.0,-1599.0,-1597.0,TARGET
2026-08-11 05:30:43,26.39,64.91,0.75,43.27,0.75,217.78,0.84,43.84,0.84,204.72,0.08,42.35,0.08,327.66,0.31,44.12,0.3,181.5,0.79,43.5,0.82,150.12,0.46,42.98,0.46,100.82,0.32,43.61,0.32,177.07,0.41,43.84,0.41,161.44,0.54,43.56,0.55,73.56,0.91,44.25,0.93,237.79,0.18,43.37,0.18,229.58,0.35,43.56,0.34,166.62,-1595,-1500,-1800,43.520833333333336,5.9799999999999995,0 days 00:10:00,True,32,-1596.0,-1583.0,-1594.0,-1587.0,-1589.0,-1599.0,TARGET
2026-08-11 05:40:44,26.44,65.06,0.75,43.73,0.78,169.32,0.84,43.61,0.82,209.54,0.08,42.41,0.08,327.66,0.31,44.07,0.32,194.1,0.79,43.44,0.8,148.31,0.46,43.1,0.46,98.31,0.32,43.56,0.31,138.11,0.41,43.84,0.42,161.66,0.54,43.5,0.53,75.26,0.91,44.12,0.88,327.66,0.18,43.61,0.18,197.57,0.35,44.25,0.36,142.98,-1586,-1500,-1800,43.60333333333333,5.9399999999999995,0 days 00:10:01,True,32,-1595.0,-1596.0,-1583.0,-1594.0,-1587.0,-1589.0,ABOVE
2026-08-11 06:00:44,26.44,65.15,0.75,43.27,0.77,221.29,0.84,44.12,0.83,181.5,0.08,42.7,0.08,327.66,0.31,44.07,0.3,196.84,0.79,43.9,0.8,125.41,0.46,42.93,0.45,99.48,0.32,43.5,0.31,149.92,0.41,43.73,0.4,166.84,0.54,43.5,0.53,75.87,0.91,44.19,0.93,233.53,0.18,43.84,0.18,198.35,0.35,43.84,0.36,156.81,-1591,-1500,-1800,43.6325,5.94,0 days 00:10:00,True,32,-1588.0,-1586.0,-1595.0,-1596.0,-1583.0,-1594.0,TARGET
2026-08-11 07:20:44,26.23,64.81,0.75,43.5,0.77,327.66,0.84,43.56,0.87,234.09,0.08,42.58,0.08,327.66,0.31,44.25,0.3,291.91,0.79,43.84,0.81,165.29,0.46,42.87,0.45,103.75,0.32,43.44,0.32,163.99,0.41,43.79,0.42,178.0,0.54,43.37,0.52,81.4,0.91,44.07,0.91,279.5,0.18,43.04,0.18,303.28,0.35,43.79,0.34,163.34,-1603,-1500,-1800,43.50833333333333,5.970000000000001,0 days 00:10:00,True,33,-1604.0,-1598.0,-1603.0,-1599.0,-1588.0,-1588.0,TARGET
2026-08-11 07:30:44,26.28,64.72,0.75,43.73,0.74,171.18,0.84,43.96,0.85,174.01,0.08,42.52,0.08,327.66,0.31,44.3,0.32,185.08,0.79,43.84,0.76,128.89,0.46,43.1,0.45,95.68,0.32,44.02,0.31,113.32,0.41,43.67,0.41,187.12,0.54,43.33,0.52,82.75,0.91,43.96,0.88,273.31,0.18,43.44,0.18,237.81,0.35,44.02,0.36,151.7,-1609,-1500,-1800,43.6575,5.86,0 days 00:10:00,True,33,-1603.0,-1604.0,-1598.0,-1603.0,-1599.0,-1588.0,TARGET
2026-08-11 07:40:44,26.23,64.45,0.75,43.27,0.75,204.51,0.84,43.79,0.82,201.48,0.08,42.41,0.08,327.66,0.31,44.19,0.32,188.86,0.79,43.9,0.81,121.21,0.46,43.27,0.47,86.72,0.32,43.44,0.32,146.53,0.41,43.56,0.4,181.49,0.54,43.15,0.54,82.93,0.91,43.79,0.94,283.72,0.18,43.37,0.18,250.12,0.35,44.19,0.36,138.73,-1609,-1500,-1800,43.527499999999996,5.989999999999999,0 days 00:10:00,True,33,-1609.0,-1603.0,-1604.0,-1598.0,-1603.0,-1599.0,TARGET
2026-08-11 07:50:44,26.66,63.9,0.75,43.44,0.78,178.65,0.84,44.07,0.87,179.17,0.08,42.35,0.08,327.66,0.31,44.48,0.3,138.25,0.79,43.56,0.8,148.5,0.46,43.44,0.47,85.14,0.32,43.67,0.32,137.11,0.41,43.67,0.42,184.64,0.54,43.04,0.53,85.29,0.91,43.56,0.94,281.87,0.18,43.21,0.18,291.53,0.35,43.56,0.35,168.43,-1610,-1500,-1800,43.50416666666666,6.039999999999999,0 days 00:10:00,True,33,-1609.0,-1609.0,-1603.0,-1604.0,-1598.0,-1603.0,TARGET
2026-08-11 08:00:44,26.76,63.38,0.75,43.44,0.74,178.65,0.84,43.56,0.86,215.79,0.08,42.29,0.08,327.66,0.31,44.36,0.32,185.08,0.79,43.44,0.8,154.76,0.46,43.44,0.45,84.39,0.32,43.79,0.32,125.07,0.41,43.73,0.42,169.32,0.54,42.98,0.53,86.25,0.91,43.61,0.89,276.96,0.18,42.58,0.18,306.85,0.35,43.9,0.36,162.08,-1606,-1500,-1800,43.42666666666667,5.949999999999999,0 days 00:10:00,True,33,-1610.0,-1609.0,-1609.0,-1603.0,-1604.0,-1598.0,TARGET
2026-08-11 08:10:44,26.76,63.44,0.75,43.44,0.77,196.51,0.84,43.84,0.85,187.37,0.08,42.87,0.08,327.66,0.31,44.12,0.31,194.61,0.79,43.61,0.81,164.64,0.46,42.87,0.45,102.2,0.32,43.96,0.33,116.16,0.41,43.79,0.41,163.12,0.54,43.15,0.52,104.45,0.91,43.67,0.88,295.01,0.18,43.04,0.18,297.07,0.35,43.9,0.35,167.72,-1603,-1500,-1800,43.52166666666667,5.94,0 days 00:10:00,True,33,-1606.0,-1610.0,-1609.0,-1609.0,-1603.0,-1604.0,TARGET
2026-08-11 08:20:44,26.98,63.26,0.75,43.33,0.75,207.87,0.84,43.79,0.87,201.22,0.08,42.41,0.08,327.66,0.31,44.02,0.32,208.59,0.79,43.84,0.8,126.38,0.46,43.61,0.45,84.32,0.32,43.96,0.32,114.25,0.41,44.07,0.42,158.81,0.54,43.21,0.53,83.66,0.91,43.9,0.93,273.31,0.18,43.04,0.18,296.68,0.35,43.73,0.34,159.37,-1607,-1500,-1800,43.57583333333333,5.99,0 days 00:10:00,True,33,-1603.0,-1606.0,-1610.0,-1609.0,-1609.0,-1603.0,TARGET
2026-08-11 08:30:44,27.3,63.04,0.75,43.67,0.76,180.08,0.84,43.79,0.85,200.96,0.08,42.58,0.08,327.66,0.31,44.48,0.31,165.92,0.79,43.33,0.8,161.84,0.46,43.44,0.45,84.5,0.32,43.44,0.33,151.17,0.41,43.73,0.41,175.75,0.54,43.33,0.56,80.12,0.91,43.84,0.94,272.24,0.18,43.27,0.18,269.38,0.35,43.33,0.36,185.65,-1607,-1500,-1800,43.51916666666667,6.03,0 days 00:10:00,True,33,-1607.0,-1603.0,-1606.0,-1610.0,-1609.0,-1609.0,TARGET
2026-08-11 08:40:44,27.72,61.21,0.75,43.73,0.77,161.23,0.84,43.61,0.86,212.48,0.08,42.52,0.08,327.66,0.31,44.25,0.32,200.43,0.79,43.61,0.79,135.58,0.46,43.5,0.46,82.21,0.32,44.12,0.33,116.61,0.41,43.73,0.41,182.45,0.54,43.37,0.56,81.4,0.91,44.02,0.89,258.79,0.18,43.27,0.18,258.53,0.35,43.61,0.34,184.39,-1613,-1500,-1800,43.61166666666667,5.989999999999999,0 days 00:10:00,True,33,-1607.0,-1607.0,-1603.0,-1606.0,-1610.0,-1609.0,BELOW
2026-08-11 08:50:44,27.67,60.97,0.75,43.5,0.73,188.95,0.84,43.96,0.83,181.26,0.08,42.24,0.08,327.66,0.31,44.19,0.3,202.81,0.79,43.9,0.82,126.55,0.46,43.15,0.45,97.05,0.32,44.02,0.33,116.31,0.41,43.79,0.41,175.98,0.54,43.15,0.55,84.99,0.91,43.73,0.9,271.88,0.18,43.44,0.18,237.5,0.35,43.67,0.34,182.21,-1618,-1500,-1800,43.56166666666667,5.920000000000001,0 days 00:10:00,True,33,-1613.0,-1607.0,-1607.0,-1603.0,-1606.0,-1610.0,BELOW
2026-08-11 09:00:44,28.37,58.77,0.75,43.37,0.74,202.3,0.84,44.12,0.82,174.69,0.08,42.64,0.08,327.66,0.31,44.02,0.3,208.59,0.79,43.67,0.82,166.84,0.46,42.93,0.45,100.07,0.32,44.07,0.31,118.43,0.41,43.73,0.42,192.33,0.54,42.98,0.55,81.61,0.91,43.61,0.89,288.12,0.18,43.15,0.18,297.47,0.35,43.84,0.36,165.72,-1619,-1500,-1800,43.51083333333333,5.92,0 days 00:10:00,True,33,-1618.0,-1613.0,-1607.0,-1607.0,-1603.0,-1606.0,BELOW
2026-08-11 09:40:43,29.01,58.07,0.75,43.37,0.72,214.95,0.84,43.67,0.85,195.04,0.08,42.75,0.08,327.66,0.31,43.96,0.32,221.25,0.79,43.9,0.76,124.13,0.46,43.21,0.45,92.46,0.32,43.96,0.32,116.16,0.41,43.44,0.41,183.67,0.54,43.67,0.52,70.37,0.91,44.36,0.89,234.43,0.18,43.04,0.18,303.28,0.35,43.56,0.36,183.9,-1633,-1500,-1800,43.57416666666668,5.859999999999999,0 days 00:09:59,True,33,-1633.0,-1629.0,-1621.0,-1619.0,-1618.0,-1613.0,BELOW
2026-08-11 10:20:44,30.34,54.38,0.75,43.73,0.73,171.18,0.84,43.84,0.81,204.45,0.08,42.64,0.08,327.66,0.31,44.25,0.3,209.4,0.79,43.73,0.77,131.87,0.46,43.27,0.45,89.21,0.32,43.96,0.32,127.88,0.41,43.79,0.41,182.69,0.54,43.33,0.56,80.44,0.91,44.07,0.89,263.69,0.18,43.67,0.18,200.69,0.35,44.19,0.35,133.44,-1642,-1500,-1800,43.70583333333334,5.85,0 days 00:10:00,True,33,-1640.0,-1637.0,-1632.0,-1633.0,-1633.0,-1629.0,BELOW
2026-08-11 18:40:45,34.19,47.6,0.75,43.84,0.72,163.56,0.84,43.79,0.83,190.19,0.08,42.35,0.08,327.66,0.31,44.25,0.31,192.19,0.79,43.79,0.79,133.5,0.46,42.98,0.47,104.84,0.32,44.07,0.31,113.62,0.41,44.19,0.4,147.48,0.54,43.79,0.52,75.04,0.91,44.36,0.92,250.86,0.18,43.67,0.18,213.04,0.35,44.19,0.35,138.91,-1664,-1500,-1800,43.7725,5.879999999999999,0 days 00:10:00,True,33,-1659.0,-1662.0,-1657.0,-1655.0,-1658.0,-1660.0,BELOW
2026-08-11 19:00:44,32.91,50.32,0.75,43.73,0.75,162.91,0.84,44.12,0.86,186.58,0.08,42.41,0.08,327.66,0.31,44.42,0.31,161.89,0.79,44.02,0.82,126.88,0.46,43.04,0.46,103.39,0.32,43.56,0.31,151.76,0.41,44.02,0.4,146.92,0.54,43.56,0.52,76.4,0.91,44.25,0.9,250.54,0.18,43.15,0.18,297.07,0.35,43.73,0.36,167.06,-1652,-1500,-1800,43.6675,5.95,0 days 00:10:00,True,33,-1660.0,-1664.0,-1659.0,-1662.0,-1657.0,-1655.0,BELOW
2026-08-11 19:20:44,32.21,52.24,0.75,43.73,0.76,182.69,0.84,44.02,0.85,188.36,0.08,42.29,0.08,327.66,0.31,44.48,0.3,174.11,0.79,43.84,0.81,128.89,0.46,43.5,0.46,81.12,0.32,43.56,0.31,145.37,0.41,43.56,0.41,184.15,0.54,43.56,0.52,74.75,0.91,44.3,0.89,238.4,0.18,43.84,0.18,207.23,0.35,44.3,0.36,137.73,-1662,-1500,-1800,43.748333333333335,5.93,0 days 00:10:00,True,33,-1666.0,-1652.0,-1660.0,-1664.0,-1659.0,-1662.0,BELOW
2026-08-11 21:10:44,27.88,59.87,0.75,43.33,0.73,218.07,0.84,44.12,0.85,166.59,0.08,42.7,0.08,327.66,0.31,44.36,0.32,167.67,0.79,43.84,0.76,125.41,0.46,43.04,0.47,98.75,0.32,43.73,0.33,134.44,0.41,43.56,0.42,191.82,0.54,43.61,0.54,75.06,0.91,44.07,0.94,254.1,0.18,43.44,0.18,202.84,0.35,44.19,0.34,140.12,-1654,-1500,-1800,43.66583333333333,5.959999999999999,0 days 00:09:59,True,33,-1662.0,-1654.0,-1664.0,-1660.0,-1662.0,-1660.0,BELOW
2026-08-11 21:20:44,28.26,58.22,0.75,43.9,0.72,161.87,0.84,43.67,0.85,223.35,0.08,42.75,0.08,327.66,0.31,44.42,0.31,173.87,0.79,43.37,0.82,158.33,0.46,43.33,0.45,89.09,0.32,43.56,0.33,141.12,0.41,44.12,0.41,153.76,0.54,43.56,0.56,77.58,0.91,43.61,0.93,251.45,0.18,43.5,0.18,222.18,0.35,43.9,0.36,157.76,-1653,-1500,-1800,43.64083333333334,6.0,0 days 00:10:00,True,33,-1654.0,-1662.0,-1654.0,-1664.0,-1660.0,-1662.0,BELOW
2026-08-11 22:10:44,27.83,59.38,0.75,43.79,0.73,163.56,0.84,43.73,0.84,231.1,0.08,42.24,0.08,327.66,0.31,44.3,0.3,178.06,0.79,43.56,0.82,146.92,0.46,43.44,0.47,86.09,0.32,43.37,0.31,147.92,0.41,43.5,0.42,194.26,0.54,43.21,0.55,83.04,0.91,43.9,0.89,240.01,0.18,43.1,0.18,303.68,0.35,43.67,0.36,170.96,-1642,-1500,-1800,43.48416666666666,5.95,0 days 00:09:59,True,33,-1645.0,-1649.0,-1655.0,-1654.0,-1653.0,-1654.0,BELOW
2026-08-11 22:20:44,27.67,60.6,0.75,43.21,0.78,207.61,0.84,44.07,0.87,172.76,0.08,42.52,0.08,327.66,0.31,44.42,0.31,169.47,0.79,43.56,0.79,156.95,0.46,42.98,0.46,102.47,0.32,43.96,0.32,116.98,0.41,43.79,0.4,180.31,0.54,43.27,0.52,81.29,0.91,44.02,0.94,268.41,0.18,43.21,0.18,279.63,0.35,44.02,0.35,149.87,-1641,-1500,-1800,43.58583333333333,5.999999999999998,0 days 00:10:00,True,33,-1642.0,-1645.0,-1649.0,-1655.0,-1654.0,-1653.0,BELOW
2026-08-11 22:40:45,27.4,60.72,0.75,43.9,0.73,169.76,0.84,43.5,0.84,222.76,0.08,42.58,0.08,327.66,0.31,44.07,0.31,202.54,0.79,43.56,0.81,150.12,0.46,43.44,0.47,85.03,0.32,43.56,0.31,151.76,0.41,43.73,0.42,161.01,0.54,43.15,0.54,84.99,0.91,43.67,0.93,307.72,0.18,43.04,0.18,296.68,0.35,43.61,0.35,192.08,-1638,-1500,-1800,43.484166666666674,5.969999999999999,0 days 00:10:01,True,33,-1645.0,-1641.0,-1642.0,-1645.0,-1649.0,-1655.0,BELOW
2026-08-11 22:50:45,27.3,60.91,0.75,43.79,0.75,161.44,0.84,43.96,0.87,193.6,0.08,42.52,0.08,327.66,0.31,44.48,0.3,163.76,0.79,43.27,0.82,159.53,0.46,43.44,0.47,85.56,0.32,43.73,0.31,142.95,0.41,43.9,0.4,163.76,0.54,43.44,0.55,73.96,0.91,44.02,0.91,258.13,0.18,43.15,0.18,297.07,0.35,43.67,0.35,163.12,-1626,-1500,-1800,43.61416666666667,5.989999999999999,0 days 00:10:00,True,33,-1638.0,-1645.0,-1641.0,-1642.0,-1645.0,-1649.0,BELOW
2026-08-11 23:00:45,26.98,62.43,0.75,43.73,0.78,167.06,0.84,44.19,0.83,168.6,0.08,42.46,0.08,327.66,0.31,44.36,0.32,175.6,0.79,43.67,0.79,138.48,0.46,43.21,0.45,92.7,0.32,43.96,0.31,124.62,0.41,43.9,0.41,165.72,0.54,43.37,0.56,75.9,0.91,43.96,0.94,302.63,0.18,43.33,0.18,225.22,0.35,43.9,0.36,167.94,-1622,-1500,-1800,43.669999999999995,6.010000000000001,0 days 00:10:00,True,33,-1626.0,-1638.0,-1645.0,-1641.0,-1642.0,-1645.0,BELOW
2026-08-11 23:10:45,26.98,61.76,0.75,43.56,0.78,191.82,0.84,44.12,0.83,179.4,0.08,42.35,0.08,327.66,0.31,44.3,0.31,165.26,0.79,43.84,0.81,193.09,0.46,42.93,0.47,95.18,0.32,44.02,0.32,129.23,0.41,44.07,0.41,151.89,0.54,43.44,0.55,76.94,0.91,44.02,0.88,249.24,0.18,43.33,0.18,221.29,0.35,43.56,0.34,174.83,-1622,-1500,-1800,43.62833333333333,5.959999999999999,0 days 00:10:00,True,33,-1622.0,-1626.0,-1638.0,-1645.0,-1641.0,-1642.0,BELOW
2026-08-11 23:20:44,26.98,62.68,0.75,43.56,0.73,184.15,0.84,44.02,0.82,183.65,0.08,42.7,0.08,327.66,0.31,44.19,0.32,191.94,0.79,43.61,0.81,145.75,0.46,43.04,0.47,99.75,0.32,43.79,0.32,130.98,0.41,44.07,0.42,134.2,0.54,43.33,0.54,83.77,0.91,43.84,0.92,272.96,0.18,43.37,0.18,237.18,0.35,43.61,0.34,175.29,-1625,-1500,-1800,43.59416666666667,5.949999999999999,0 days 00:09:59,True,33,-1622.0,-1622.0,-1626.0,-1638.0,-1645.0,-1641.0,BELOW
2026-08-11 23:30:44,26.82,62.8,0.75,43.21,0.77,210.79,0.84,43.84,0.85,207.5,0.08,42.41,0.08,327.66,0.31,44.25,0.32,189.59,0.79,43.33,0.8,158.12,0.46,42.98,0.47,102.47,0.32,43.56,0.32,139.69,0.41,44.07,0.41,145.58,0.54,43.73,0.55,72.22,0.91,44.36,0.93,312.59,0.18,43.27,0.18,249.79,0.35,43.9,0.34,140.23,-1625,-1500,-1800,43.57583333333334,6.019999999999999,0 days 00:10:00,True,33,-1625.0,-1622.0,-1622.0,-1626.0,-1638.0,-1645.0,BELOW
2026-08-11 23:40:45,26.87,62.68,0.75,43.44,0.74,211.92,0.84,43.84,0.86,201.48,0.08,42.24,0.08,327.66,0.31,43.9,0.3,220.96,0.79,43.61,0.79,142.75,0.46,43.1,0.45,101.22,0.32,43.56,0.32,147.12,0.41,43.9,0.42,178.24,0.54,43.33,0.52,76.65,0.91,43.79,0.9,261.62,0.18,43.67,0.18,223.35,0.35,43.84,0.34,165.29,-1623,-1500,-1800,43.51833333333334,5.9,0 days 00:10:01,True,33,-1625.0,-1625.0,-1622.0,-1622.0,-1626.0,-1638.0,BELOW
2026-08-11 23:50:45,26.55,63.59,0.75,43.37,0.77,211.64,0.84,43.5,0.83,260.59,0.08,42.41,0.08,327.66,0.31,43.84,0.3,220.67,0.79,43.67,0.81,141.12,0.46,42.93,0.47,104.7,0.32,43.61,0.32,157.14,0.41,43.56,0.41,189.2,0.54,43.61,0.53,68.11,0.91,44.19,0.88,233.53,0.18,43.27,0.18,253.74,0.35,43.96,0.35,150.08,-1619,-1500,-1800,43.49333333333334,5.929999999999999,0 days 00:10:00,True,33,-1623.0,-1625.0,-1625.0,-1622.0,-1622.0,-1626.0,BELOW
2026-08-12 00:00:45,26.5,63.5,0.75,43.61,0.73,194.78,0.84,43.61,0.85,219.51,0.08,42.58,0.08,327.66,0.31,43.96,0.32,196.07,0.79,43.61,0.8,143.87,0.46,43.21,0.46,92.57,0.32,43.67,0.32,148.89,0.41,43.61,0.42,197.57,0.54,43.67,0.56,72.5,0.91,44.25,0.89,245.82,0.18,43.61,0.18,206.4,0.35,43.84,0.35,169.54,-1621,-1500,-1800,43.6025,5.959999999999999,0 days 00:10:00,True,33,-1619.0,-1623.0,-1625.0,-1625.0,-1622.0,-1622.0,BELOW
2026-08-12 00:10:45,26.5,62.92,0.75,43.56,0.75,200.15,0.84,43.67,0.85,242.93,0.08,42.64,0.08,327.66,0.31,44.25,0.31,194.86,0.79,43.33,0.82,161.62,0.46,43.1,0.47,89.31,0.32,43.5,0.31,194.26,0.41,43.79,0.42,171.41,0.54,43.33,0.53,76.75,0.91,43.84,0.91,272.24,0.18,43.61,0.18,200.43,0.35,44.19,0.34,133.44,-1610,-1500,-1800,43.567499999999995,5.970000000000001,0 days 00:10:00,True,33,-1621.0,-1619.0,-1623.0,-1625.0,-1625.0,-1622.0,TARGET
2026-08-12 00:20:44,26.39,62.46,0.75,43.44,0.72,196.78,0.84,43.79,0.81,187.62,0.08,42.29,0.08,327.66,0.31,44.12,0.32,177.12,0.79,43.73,0.76,135.94,0.46,43.15,0.47,95.68,0.32,43.79,0.31,133.5,0.41,44.02,0.4,150.26,0.54,43.33,0.55,80.81,0.91,44.02,0.89,268.41,0.18,43.33,0.18,269.03,0.35,43.84,0.35,155.8,-1614,-1500,-1800,43.570833333333326,5.839999999999999,0 days 00:09:59,True,33,-1610.0,-1621.0,-1619.0,-1623.0,-1625.0,-1625.0,BELOW
2026-08-12 00:30:44,26.23,62.31,0.75,43.33,0.74,208.43,0.84,43.84,0.87,193.09,0.08,42.24,0.08,327.66,0.31,43.73,0.32,239.07,0.79,43.61,0.77,142.75,0.46,42.93,0.45,102.97,0.32,43.73,0.33,128.39,0.41,43.5,0.41,188.95,0.54,43.15,0.52,85.52,0.91,43.79,0.91,289.25,0.18,43.37,0.18,241.67,0.35,44.12,0.35,142.78,-1615,-1500,-1800,43.445,5.93,0 days 00:10:00,True,33,-1614.0,-1610.0,-1621.0,-1619.0,-1623.0,-1625.0,BELOW
2026-08-12 00:40:45,26.28,61.95,0.75,43.73,0.74,177.76,0.84,43.67,0.82,213.32,0.08,42.41,0.08,327.66,0.31,44.3,0.3,194.86,0.79,43.44,0.8,148.12,0.46,43.21,0.46,95.15,0.32,43.67,0.32,135.94,0.41,43.73,0.42,180.08,0.54,43.37,0.55,78.71,0.91,44.07,0.89,258.79,0.18,43.15,0.18,291.15,0.35,44.12,0.35,147.3,-1611,-1500,-1800,43.5725,5.909999999999999,0 days 00:10:01,True,33,-1615.0,-1614.0,-1610.0,-1621.0,-1619.0,-1623.0,BELOW
2026-08-12 00:50:45,25.91,61.88,0.75,43.61,0.73,186.64,0.84,43.61,0.83,238.76,0.08,42.24,0.08,327.66,0.31,44.36,0.3,185.08,0.79,43.44,0.81,163.99,0.46,43.33,0.46,91.34,0.32,43.61,0.31,151.56,0.41,43.96,0.41,153.17,0.54,43.27,0.53,81.18,0.91,43.56,0.92,270.81,0.18,43.44,0.18,237.5,0.35,43.84,0.35,151.11,-1609,-1500,-1800,43.5225,5.909999999999999,0 days 00:10:00,True,33,-1611.0,-1615.0,-1614.0,-1610.0,-1621.0,-1619.0,TARGET
2026-08-12 01:00:45,26.02,61.46,0.75,43.27,0.73,217.78,0.84,44.02,0.87,205.25,0.08,42.7,0.08,327.66,0.31,43.84,0.3,208.04,0.79,43.56,0.77,148.5,0.46,43.21,0.45,93.72,0.32,43.79,0.32,136.12,0.41,43.79,0.42,171.18,0.54,43.15,0.54,88.85,0.91,43.79,0.88,327.66,0.18,42.64,0.18,276.29,0.35,43.9,0.36,160.0,-1605,-1500,-1800,43.47166666666667,5.9,0 days 00:10:00,True,33,-1609.0,-1611.0,-1615.0,-1614.0,-1610.0,-1621.0,TARGET
2026-08-12 01:10:45,26.02,61.3,0.75,43.37,0.76,205.32,0.84,43.9,0.81,182.93,0.08,42.29,0.08,327.66,0.31,43.79,0.32,227.61,0.79,43.73,0.79,155.8,0.46,42.87,0.46,102.97,0.32,43.84,0.32,111.97,0.41,44.02,0.4,148.67,0.54,43.33,0.54,80.33,0.91,44.02,0.92,268.41,0.18,43.27,0.18,327.66,0.35,43.67,0.35,177.76,-1605,-1500,-1800,43.508333333333326,5.93,0 days 00:10:00,True,33,-1605.0,-1609.0,-1611.0,-1615.0,-1614.0,-1610.0,TARGET
2026-08-12 01:20:45,25.96,60.97,0.75,43.5,0.74,197.3,0.84,43.56,0.82,222.76,0.08,42.7,0.08,327.66,0.31,44.07,0.32,188.86,0.79,43.9,0.82,132.58,0.46,43.44,0.47,87.41,0.32,43.73,0.31,134.27,0.41,43.61,0.4,179.84,0.54,43.1,0.56,84.88,0.91,43.73,0.9,295.01,0.18,43.44,0.18,237.5,0.35,43.96,0.35,148.28,-1598,-1500,-1800,43.56166666666667,5.949999999999999,0 days 00:10:00,True,33,-1605.0,-1605.0,-1609.0,-1611.0,-1615.0,-1614.0,TARGET
2026-08-12 01:30:44,25.86,59.69,0.75,43.67,0.77,179.84,0.84,43.67,0.84,227.01,0.08,42.64,0.08,327.66,0.31,44.07,0.3,188.86,0.79,43.37,0.78,158.12,0.46,43.21,0.46,94.49,0.32,43.44,0.32,153.05,0.41,43.79,0.41,175.75,0.54,43.67,0.55,72.87,0.91,44.3,0.92,234.14,0.18,43.1,0.18,325.37,0.35,43.84,0.35,167.5,-1593,-1500,-1800,43.56416666666667,5.959999999999999,0 days 00:09:59,True,33,-1598.0,-1605.0,-1605.0,-1609.0,-1611.0,-1615.0,TARGET
2026-08-12 01:40:44,25.96,58.37,0.75,43.27,0.73,193.24,0.84,43.84,0.84,213.87,0.08,42.41,0.08,327.66,0.31,43.9,0.31,214.15,0.79,43.5,0.79,146.73,0.46,42.98,0.47,97.35,0.32,44.07,0.32,123.67,0.41,43.73,0.4,206.96,0.54,43.04,0.52,83.72,0.91,43.67,0.94,301.03,0.18,43.67,0.18,182.21,0.35,43.73,0.36,182.45,-1598,-1500,-1800,43.484166666666674,5.939999999999999,0 days 00:10:00,True,33,-1593.0,-1598.0,-1605.0,-1605.0,-1609.0,-1611.0,TARGET
2026-08-12 01:50:45,25.91,56.76,0.75,43.21,0.78,214.37,0.84,43.96,0.84,188.36,0.08,42.46,0.08,327.66,0.31,44.07,0.31,170.21,0.79,43.96,0.81,125.57,0.46,43.04,0.45,103.39,0.32,43.73,0.31,137.47,0.41,43.44,0.42,186.15,0.54,43.27,0.53,82.15,0.91,43.79,0.93,327.66,0.18,43.04,0.18,303.28,0.35,43.9,0.35,161.87,-1588,-1500,-1800,43.48916666666667,5.99,0 days 00:10:01,True,33,-1598.0,-1593.0,-1598.0,-1605.0,-1605.0,-1609.0,ABOVE
2026-08-12 02:00:45,25.8,55.35,0.75,43.33,0.74,199.37,0.84,43.56,0.85,230.19,0.08,42.7,0.08,327.66,0.31,44.3,0.3,167.24,0.79,43.27,0.78,169.37,0.46,43.1,0.47,95.68,0.32,43.56,0.32,143.87,0.41,43.56,0.4,191.82,0.54,43.44,0.55,78.15,0.91,44.02,0.91,253.76,0.18,43.21,0.18,268.66,0.35,43.61,0.35,184.39,-1587,-1500,-1800,43.471666666666664,5.929999999999999,0 days 00:10:00,True,33,-1588.0,-1598.0,-1593.0,-1598.0,-1605.0,-1605.0,ABOVE
2026-08-12 03:10:45,24.73,58.56,0.75,43.27,0.74,217.78,0.84,44.02,0.85,176.9,0.08,42.29,0.08,327.66,0.31,43.84,0.32,217.23,0.79,43.37,0.82,154.56,0.46,42.87,0.47,107.03,0.32,43.79,0.33,138.84,0.41,43.56,0.42,194.53,0.54,43.44,0.53,73.96,0.91,44.02,0.92,263.0,0.18,43.56,0.18,197.3,0.35,43.67,0.34,166.84,-1591,-1500,-1800,43.475,6.0,0 days 00:10:00,True,33,-1589.0,-1583.0,-1586.0,-1586.0,-1585.0,-1588.0,TARGET
2026-08-12 04:00:45,23.61,61.37,0.75,43.73,0.76,182.69,0.84,43.9,0.86,183.4,0.08,42.41,0.08,327.66,0.35,43.79,0.35,167.28,0.79,43.79,0.8,141.48,0.46,43.37,0.47,81.99,0.32,43.84,0.32,125.41,0.41,43.73,0.4,161.01,0.54,43.04,0.52,86.92,0.91,43.61,0.93,288.12,0.18,43.61,0.18,209.26,0.35,43.9,0.35,135.33,-1568,-1500,-1800,43.56,6.02,0 days 00:10:01,True,33,-1580.0,-1583.0,-1587.0,-1581.0,-1591.0,-1589.0,ABOVE
2026-08-12 04:10:45,23.34,61.06,0.75,43.61,0.75,172.64,0.84,43.67,0.84,238.76,0.08,42.64,0.08,327.66,0.31,43.96,0.3,174.01,0.79,43.67,0.82,137.11,0.46,42.98,0.46,99.35,0.32,43.56,0.32,148.5,0.41,43.96,0.41,160.42,0.54,43.44,0.56,76.1,0.91,43.96,0.91,296.19,0.18,43.04,0.18,309.75,0.35,43.73,0.36,180.08,-1576,-1500,-1800,43.51833333333334,5.99,0 days 00:10:00,True,33,-1568.0,-1580.0,-1583.0,-1587.0,-1581.0,-1591.0,ABOVE
2026-08-12 04:20:45,23.29,61.4,0.75,43.73,0.75,166.84,0.84,43.96,0.85,188.36,0.08,42.24,0.08,327.66,0.31,44.3,0.31,177.83,0.79,43.27,0.81,169.37,0.46,42.98,0.45,96.66,0.32,43.9,0.33,115.04,0.41,44.02,0.41,142.42,0.54,43.21,0.55,77.31,0.91,43.79,0.94,277.69,0.18,43.37,0.18,232.86,0.35,44.12,0.36,132.0,-1573,-1500,-1800,43.57416666666666,6.0200000000000005,0 days 00:10:00,True,33,-1576.0,-1568.0,-1580.0,-1583.0,-1587.0,-1581.0,ABOVE
2026-08-12 04:30:45,22.92,61.43,0.75,43.27,0.74,211.36,0.84,43.84,0.86,187.62,0.08,42.41,0.08,327.66,0.31,44.36,0.32,167.46,0.79,43.79,0.78,121.79,0.46,42.93,0.45,102.34,0.32,43.5,0.32,143.48,0.41,44.02,0.4,138.19,0.54,43.61,0.55,73.17,0.91,44.19,0.94,218.93,0.18,43.21,0.18,244.68,0.35,44.02,0.36,142.23,-1579,-1500,-1800,43.59583333333333,5.9799999999999995,0 days 00:10:00,True,33,-1573.0,-1576.0,-1568.0,-1580.0,-1583.0,-1587.0,ABOVE
2026-08-12 04:50:44,23.08,60.48,0.75,43.67,0.78,166.84,0.84,43.56,0.83,234.09,0.08,42.24,0.08,327.66,0.31,43.84,0.32,227.61,0.79,43.61,0.79,139.69,0.46,43.33,0.47,84.92,0.32,43.5,0.31,148.5,0.41,43.96,0.42,146.72,0.54,43.27,0.53,76.65,0.91,43.84,0.94,248.26,0.18,43.61,0.18,209.54,0.35,43.9,0.34,151.11,-1580,-1500,-1800,43.527499999999996,5.989999999999998,0 days 00:09:59,True,33,-1579.0,-1579.0,-1573.0,-1576.0,-1568.0,-1580.0,ABOVE
2026-08-12 05:00:44,23.02,60.54,0.75,43.67,0.72,169.1,0.84,43.96,0.81,176.44,0.08,42.24,0.08,327.66,0.31,44.3,0.31,177.83,0.79,43.61,0.82,119.21,0.46,43.27,0.45,78.85,0.32,43.96,0.33,116.98,0.41,43.73,0.4,165.07,0.54,43.61,0.52,72.78,0.91,44.25,0.93,222.7,0.18,43.33,0.18,232.24,0.35,43.67,0.36,164.64,-1576,-1500,-1800,43.63333333333333,5.91,0 days 00:10:00,True,33,-1580.0,-1579.0,-1579.0,-1573.0,-1576.0,-1568.0,ABOVE
2026-08-12 05:10:45,22.92,60.39,0.75,43.37,0.73,215.23,0.84,43.9,0.85,190.94,0.08,42.52,0.08,327.66,0.35,43.67,0.36,173.1,0.79,43.37,0.78,154.56,0.46,43.15,0.47,95.15,0.32,43.84,0.32,120.0,0.41,43.67,0.4,177.76,0.54,43.5,0.53,71.18,0.91,44.19,0.92,237.18,0.18,43.61,0.18,189.7,0.35,44.12,0.34,139.92,-1572,-1500,-1800,43.57583333333333,5.959999999999999,0 days 00:10:01,True,33,-1576.0,-1580.0,-1579.0,-1579.0,-1573.0,-1576.0,ABOVE
2026-08-12 05:20:45,22.92,60.88,0.75,43.61,0.76,164.42,0.84,43.96,0.85,191.19,0.08,42.35,0.08,327.66,0.31,43.9,0.31,221.25,0.79,43.37,0.76,169.83,0.46,42.81,0.47,103.48,0.32,44.02,0.31,116.16,0.41,43.73,0.41,180.08,0.54,43.1,0.54,88.73,0.91,44.02,0.89,236.56,0.18,43.61,0.18,192.08,0.35,44.02,0.36,143.89,-1573,-1500,-1800,43.541666666666664,5.92,0 days 00:10:00,True,33,-1572.0,-1576.0,-1580.0,-1579.0,-1579.0,-1573.0,ABOVE
2026-08-12 05:30:45,22.92,60.91,0.75,43.67,0.72,182.21,0.84,43.67,0.82,212.76,0.18,43.27,0.18,254.08,0.31,44.12,0.32,208.86,0.79,43.56,0.76,151.76,0.46,43.37,0.46,82.25,0.32,43.67,0.31,137.28,0.41,43.44,0.4,202.84,0.54,43.37,0.55,75.68,0.91,44.07,0.92,249.56,0.18,43.21,0.18,240.39,0.35,43.79,0.36,152.37,-1578,-1500,-1800,43.600833333333334,5.9799999999999995,0 days 00:10:00,True,33,-1573.0,-1572.0,-1576.0,-1580.0,-1579.0,-1579.0,ABOVE
2026-08-12 05:40:45,23.02,61.3,0.75,43.33,0.75,207.87,0.84,43.9,0.86,187.87,0.08,42.24,0.08,327.66,0.31,44.3,0.31,182.44,0.79,43.79,0.78,121.79,0.46,43.37,0.47,80.81,0.32,43.37,0.33,149.33,0.41,43.79,0.42,171.18,0.54,43.27,0.56,81.18,0.91,43.96,0.91,248.9,0.18,43.44,0.18,225.82,0.35,44.12,0.34,137.19,-1572,-1500,-1800,43.57333333333332,5.99,0 days 00:10:00,True,33,-1578.0,-1573.0,-1572.0,-1576.0,-1580.0,-1579.0,ABOVE
2026-08-12 05:50:44,22.92,60.76,0.75,43.5,0.73,188.95,0.84,43.96,0.81,181.01,0.08,42.52,0.08,327.66,0.31,44.02,0.31,205.25,0.79,43.5,0.82,166.18,0.46,43.37,0.45,90.15,0.32,43.61,0.31,114.29,0.41,43.9,0.42,201.75,0.54,43.33,0.55,76.11,0.91,43.96,0.9,263.0,0.18,43.44,0.18,214.95,0.35,44.07,0.34,137.19,-1572,-1500,-1800,43.59833333333333,5.9,0 days 00:09:59,True,33,-1572.0,-1578.0,-1573.0,-1572.0,-1576.0,-1580.0,ABOVE
2026-08-12 06:00:44,22.6,61.06,0.75,43.67,0.78,168.87,0.84,43.67,0.87,209.54,0.08,42.52,0.08,327.66,0.31,44.19,0.3,189.35,0.79,43.44,0.78,154.76,0.46,43.33,0.45,79.4,0.32,43.9,0.31,116.82,0.41,43.84,0.42,159.8,0.54,43.61,0.55,72.4,0.91,43.79,0.92,266.66,0.18,43.33,0.18,245.65,0.35,43.56,0.35,230.49,-1571,-1500,-1800,43.570833333333326,5.989999999999999,0 days 00:10:00,True,33,-1572.0,-1572.0,-1578.0,-1573.0,-1572.0,-1576.0,ABOVE
2026-08-12 07:20:45,22.86,61.92,0.75,43.37,0.74,196.78,0.84,43.56,0.81,226.71,0.08,42.52,0.08,327.66,0.31,43.9,0.3,221.25,0.79,43.37,0.8,178.65,0.46,43.15,0.46,93.21,0.32,43.73,0.31,123.8,0.41,44.02,0.42,150.08,0.54,43.1,0.52,69.01,0.91,43.73,0.89,282.6,0.18,43.04,0.18,327.66,0.35,44.02,0.34,144.06,-1589,-1500,-1800,43.459166666666675,5.85,0 days 00:10:00,True,34,-1583.0,-1582.0,-1581.0,-1588.0,-1577.0,-1573.0,ABOVE
2026-08-12 07:30:45,23.34,62.43,0.75,43.37,0.77,205.32,0.84,43.9,0.87,190.94,0.08,42.41,0.08,327.66,0.31,44.3,0.3,182.44,0.79,43.5,0.82,156.53,0.46,42.87,0.45,114.22,0.32,43.96,0.32,115.2,0.41,43.61,0.42,195.04,0.54,43.1,0.55,82.82,0.91,43.79,0.92,248.26,0.18,43.15,0.18,304.09,0.35,43.96,0.34,148.28,-1595,-1500,-1800,43.49333333333334,6.02,0 days 00:10:00,True,34,-1589.0,-1583.0,-1582.0,-1581.0,-1588.0,-1577.0,TARGET
2026-08-12 07:40:45,23.77,61.18,0.75,43.33,0.73,211.36,0.84,43.73,0.83,210.37,0.08,42.58,0.08,327.66,0.31,43.84,0.31,224.23,0.79,43.56,0.79,145.37,0.46,42.87,0.45,101.3,0.32,43.73,0.33,114.59,0.41,43.96,0.41,167.94,0.79,43.84,0.76,128.89,0.91,43.73,0.92,301.44,0.18,43.73,0.18,200.96,0.35,44.07,0.34,129.39,-1591,-1500,-1800,43.58083333333334,6.13,0 days 00:10:00,True,34,-1595.0,-1589.0,-1583.0,-1582.0,-1581.0,-1588.0,TARGET
2026-08-12 07:50:45,24.36,59.53,0.75,43.61,0.73,177.3,0.84,43.61,0.83,216.37,0.08,42.52,0.08,327.66,0.31,44.07,0.3,208.59,0.79,43.9,0.78,136.64,0.46,43.1,0.46,97.61,0.32,43.73,0.32,135.94,0.41,43.5,0.41,194.01,0.54,43.27,0.53,77.18,0.46,43.44,0.45,84.62,0.18,43.21,0.18,171.05,0.35,43.61,0.34,164.64,-1585,-1500,-1800,43.464166666666664,5.41,0 days 00:10:00,True,34,-1591.0,-1595.0,-1589.0,-1583.0,-1582.0,-1581.0,ABOVE
2026-08-12 08:00:44,24.79,57.73,0.75,43.67,0.73,164.85,0.84,43.56,0.87,230.19,0.18,42.98,0.18,227.15,0.31,44.07,0.31,202.28,0.79,43.44,0.78,156.73,0.46,43.1,0.45,113.09,0.32,43.5,0.32,154.76,0.41,43.56,0.41,212.48,0.54,43.56,0.55,73.46,0.91,43.9,0.93,253.43,0.18,43.61,0.18,197.57,0.35,43.61,0.36,170.73,-1596,-1500,-1800,43.54666666666666,6.069999999999999,0 days 00:09:59,True,34,-1585.0,-1591.0,-1595.0,-1589.0,-1583.0,-1582.0,TARGET
2026-08-12 08:10:44,25.21,56.7,0.75,43.73,0.77,157.36,0.84,43.9,0.83,196.32,0.08,42.46,0.08,327.66,0.31,43.96,0.32,220.96,0.79,43.56,0.8,145.37,0.46,42.93,0.46,100.07,0.32,43.61,0.31,130.47,0.41,44.02,0.41,160.42,0.54,43.1,0.54,82.93,0.91,44.12,0.89,226.0,0.18,43.33,0.18,237.18,0.35,44.02,0.35,140.8,-1600,-1500,-1800,43.56166666666667,5.939999999999999,0 days 00:10:00,True,34,-1596.0,-1585.0,-1591.0,-1595.0,-1589.0,-1583.0,TARGET
2026-08-12 08:20:45,25.48,56.18,0.75,43.33,0.76,191.06,0.84,44.02,0.82,196.58,0.08,42.41,0.08,327.66,0.31,43.9,0.3,213.87,0.79,43.56,0.77,156.95,0.46,42.93,0.45,132.14,0.32,43.37,0.32,156.31,0.41,44.07,0.41,150.47,0.54,43.21,0.52,80.01,0.91,43.79,0.9,308.53,0.18,43.61,0.18,200.69,0.35,43.96,0.34,217.51,-1605,-1500,-1800,43.51333333333333,5.8500000000000005,0 days 00:10:01,True,34,-1600.0,-1596.0,-1585.0,-1591.0,-1595.0,-1589.0,TARGET
2026-08-12 08:30:45,25.91,55.54,0.75,43.67,0.76,153.86,0.84,43.96,0.83,174.01,0.08,42.12,0.08,327.66,0.31,44.42,0.32,180.57,0.79,43.67,0.77,121.31,0.46,43.1,0.45,95.43,0.32,43.96,0.32,120.16,0.41,43.96,0.42,154.67,0.54,43.61,0.53,73.94,0.91,43.79,0.93,288.88,0.18,43.15,0.18,297.87,0.35,44.19,0.36,135.86,-1602,-1500,-1800,43.63333333333333,5.949999999999999,0 days 00:10:00,True,34,-1605.0,-1600.0,-1596.0,-1585.0,-1591.0,-1595.0,TARGET
2026-08-12 08:40:45,26.12,55.02,0.75,43.27,0.72,207.87,0.84,43.73,0.84,220.67,0.08,42.52,0.08,327.66,0.31,44.12,0.31,183.89,0.79,43.61,0.77,141.12,0.46,43.1,0.45,93.6,0.32,43.5,0.33,206.14,0.41,43.5,0.42,191.57,0.54,43.1,0.53,82.32,0.91,44.36,0.94,244.86,0.18,43.21,0.18,279.25,0.35,43.84,0.34,151.11,-1605,-1500,-1800,43.48833333333334,5.91,0 days 00:10:00,True,34,-1602.0,-1605.0,-1600.0,-1596.0,-1585.0,-1591.0,TARGET
2026-08-12 08:50:45,26.55,54.25,0.75,43.73,0.73,164.85,0.84,43.96,0.84,169.99,0.08,42.35,0.08,327.66,0.31,44.36,0.31,178.29,0.79,43.84,0.81,118.82,0.46,43.56,0.46,103.2,0.32,43.79,0.31,125.07,0.41,44.02,0.42,148.48,0.79,43.96,0.76,134.03,0.91,43.73,0.9,301.44,0.18,43.56,0.18,200.43,0.35,44.12,0.36,138.73,-1612,-1500,-1800,43.74833333333333,6.16,0 days 00:10:00,True,34,-1605.0,-1602.0,-1605.0,-1600.0,-1596.0,-1585.0,BELOW
2026-08-12 09:00:45,27.24,53.43,0.75,43.44,0.75,208.99,0.84,43.67,0.82,223.35,0.08,42.58,0.08,327.66,0.31,44.42,0.31,169.47,0.79,43.61,0.79,150.31,0.46,43.04,0.45,101.84,0.32,43.44,0.32,151.37,0.41,43.67,0.4,189.45,0.54,43.5,0.56,75.68,0.46,43.33,0.46,83.77,0.18,43.33,0.18,245.65,0.35,43.67,0.36,161.23,-1611,-1500,-1800,43.475,5.48,0 days 00:10:00,True,34,-1612.0,-1605.0,-1602.0,-1605.0,-1600.0,-1596.0,BELOW
2026-08-12 09:10:44,27.51,52.64,0.75,43.73,0.76,169.32,0.84,44.02,0.86,183.65,0.08,42.29,0.08,327.66,0.31,44.19,0.32,194.35,0.79,43.44,0.82,168.21,0.46,43.1,0.46,96.92,0.32,43.44,0.32,139.14,0.41,43.61,0.4,192.08,0.54,43.15,0.54,84.47,0.91,43.96,0.94,244.22,0.18,43.61,0.18,187.12,0.35,43.73,0.35,175.29,-1613,-1500,-1800,43.5225,6.029999999999999,0 days 00:09:59,True,34,-1611.0,-1612.0,-1605.0,-1602.0,-1605.0,-1600.0,BELOW
2026-08-12 09:20:45,28.05,51.78,0.75,43.44,0.77,211.92,0.84,43.79,0.82,227.61,0.08,42.52,0.08,327.66,0.31,44.12,0.32,208.86,0.79,43.73,0.81,133.33,0.46,43.04,0.46,119.71,0.32,43.84,0.32,121.95,0.41,43.56,0.42,200.15,0.54,43.15,0.54,86.49,0.91,43.96,0.89,327.66,0.18,43.44,0.18,225.51,0.35,44.12,0.35,145.75,-1622,-1500,-1800,43.55916666666666,5.959999999999998,0 days 00:10:01,True,34,-1613.0,-1611.0,-1612.0,-1605.0,-1602.0,-1605.0,BELOW
2026-08-12 09:30:45,28.26,51.75,0.75,43.56,0.77,174.37,0.84,44.02,0.84,183.65,0.08,42.35,0.08,327.66,0.31,44.19,0.3,191.69,0.79,43.73,0.79,137.28,0.46,43.67,0.45,82.92,0.32,43.96,0.33,117.28,0.41,43.9,0.41,158.39,0.54,43.1,0.55,87.71,0.91,43.73,0.93,288.5,0.18,43.37,0.18,327.66,0.35,43.9,0.36,152.97,-1619,-1500,-1800,43.623333333333335,5.99,0 days 00:10:00,True,34,-1622.0,-1613.0,-1611.0,-1612.0,-1605.0,-1602.0,BELOW
2026-08-12 09:50:45,28.63,50.8,0.75,43.73,0.73,155.8,0.84,43.84,0.85,178.0,0.08,42.18,0.08,327.66,0.31,44.25,0.31,180.1,0.79,43.96,0.78,126.55,0.46,43.44,0.45,80.08,0.32,43.44,0.32,154.76,0.41,43.56,0.4,197.3,0.54,43.5,0.55,73.76,0.91,43.73,0.91,282.97,0.18,43.1,0.18,290.75,0.35,43.96,0.36,152.97,-1618,-1500,-1800,43.557500000000005,5.92,0 days 00:10:00,True,34,-1624.0,-1619.0,-1622.0,-1613.0,-1611.0,-1612.0,BELOW
2026-08-12 11:40:45,30.5,46.96,0.75,43.73,0.72,175.51,0.84,44.12,0.84,191.69,0.08,42.7,0.08,327.66,0.31,44.25,0.3,200.69,0.79,43.9,0.82,126.55,0.46,43.33,0.45,86.52,0.32,43.84,0.31,122.11,0.41,44.07,0.41,148.67,0.54,43.44,0.52,76.1,0.91,43.79,0.91,289.25,0.18,43.5,0.18,215.51,0.35,44.07,0.34,141.16,-1638,-1500,-1800,43.72833333333333,5.880000000000001,0 days 00:10:00,True,34,-1639.0,-1637.0,-1634.0,-1631.0,-1635.0,-1629.0,BELOW
2026-08-12 12:50:45,32.11,43.66,0.75,43.84,0.76,163.56,0.84,43.73,0.83,266.29,0.08,42.75,0.08,327.66,0.31,44.25,0.32,192.19,0.79,43.96,0.8,132.58,0.46,43.5,0.45,82.59,0.32,43.96,0.33,118.12,0.41,43.9,0.41,161.87,0.54,43.33,0.52,77.94,0.91,44.07,0.94,254.1,0.18,43.1,0.18,327.66,0.35,43.73,0.36,170.96,-1640,-1500,-1800,43.676666666666655,5.9799999999999995,0 days 00:10:00,True,34,-1642.0,-1648.0,-1641.0,-1638.0,-1644.0,-1640.0,BELOW
2026-08-12 16:20:45,34.19,42.5,0.75,43.5,0.77,327.66,0.84,43.79,0.83,198.35,0.08,42.46,0.08,327.66,0.31,44.19,0.31,186.58,0.79,43.44,0.76,162.06,0.46,43.37,0.46,92.32,0.32,43.9,0.32,121.21,0.41,44.19,0.4,149.06,0.54,43.5,0.54,80.76,0.91,44.42,0.9,238.72,0.18,43.56,0.18,212.76,0.35,44.3,0.34,137.73,-1645,-1500,-1800,43.718333333333334,5.89,0 days 00:10:00,True,35,-1647.0,-1644.0,-1651.0,-1651.0,-1645.0,-1648.0,BELOW
2026-08-12 22:00:46,28.74,59.14,0.75,43.27,0.77,225.22,0.84,44.12,0.82,177.12,0.08,42.46,0.08,327.66,0.31,44.3,0.32,187.31,0.79,43.5,0.8,139.14,0.46,43.15,0.45,98.43,0.32,43.84,0.31,128.72,0.41,43.56,0.4,203.11,0.54,43.5,0.52,78.25,0.91,44.12,0.92,249.56,0.18,43.21,0.18,285.07,0.35,43.84,0.36,171.62,-1643,-1500,-1800,43.5725,5.930000000000001,0 days 00:10:01,True,35,-1652.0,-1646.0,-1651.0,-1648.0,-1654.0,-1657.0,BELOW
2026-08-12 22:30:45,28.31,60.88,0.75,43.84,0.76,152.76,0.84,43.96,0.84,188.36,0.08,42.35,0.08,327.66,0.31,44.42,0.31,165.49,0.79,43.67,0.79,155.59,0.46,43.56,0.47,85.25,0.32,44.02,0.33,113.47,0.41,43.73,0.41,216.37,0.54,43.67,0.54,68.54,0.91,43.79,0.92,327.66,0.18,43.61,0.18,203.37,0.35,43.73,0.36,159.17,-1644,-1500,-1800,43.69583333333333,5.99,0 days 00:09:59,True,35,-1643.0,-1650.0,-1643.0,-1652.0,-1646.0,-1651.0,BELOW
2026-08-12 22:40:45,28.26,61.18,0.75,43.44,0.74,188.95,0.84,43.67,0.81,230.79,0.08,42.52,0.08,327.66,0.31,43.96,0.31,327.66,0.79,43.96,0.79,127.88,0.46,42.98,0.47,102.47,0.32,43.67,0.32,141.48,0.41,44.07,0.42,135.67,0.54,43.44,0.56,73.56,0.91,44.19,0.9,237.49,0.18,43.15,0.18,327.66,0.35,43.96,0.35,148.28,-1632,-1500,-1800,43.58416666666667,5.93,0 days 00:10:00,True,35,-1644.0,-1643.0,-1650.0,-1643.0,-1652.0,-1646.0,BELOW
2026-08-12 22:50:45,28.58,60.08,0.75,43.33,0.72,208.15,0.84,44.12,0.81,177.12,0.08,42.58,0.08,327.66,0.31,44.48,0.32,139.45,0.79,43.61,0.76,162.48,0.46,42.93,0.45,105.64,0.32,44.02,0.32,117.28,0.41,44.02,0.41,148.48,0.54,43.67,0.55,73.56,0.91,43.96,0.94,207.76,0.18,43.61,0.18,189.45,0.35,43.9,0.35,156.41,-1637,-1500,-1800,43.68583333333333,5.890000000000001,0 days 00:10:00,True,35,-1632.0,-1644.0,-1643.0,-1650.0,-1643.0,-1652.0,BELOW
2026-08-12 23:00:46,28.15,61.88,0.75,43.79,0.78,167.06,0.84,43.73,0.82,201.22,0.08,42.7,0.08,327.66,0.31,44.3,0.32,287.07,0.79,43.67,0.78,135.94,0.46,43.1,0.47,96.11,0.32,43.27,0.32,152.45,0.41,43.67,0.41,192.33,0.54,43.56,0.55,75.87,0.91,44.19,0.9,269.1,0.18,43.5,0.18,218.36,0.35,44.19,0.35,138.73,-1639,-1500,-1800,43.639166666666675,5.96,0 days 00:10:01,True,35,-1637.0,-1632.0,-1644.0,-1643.0,-1650.0,-1643.0,BELOW
2026-08-12 23:10:46,28.05,61.3,0.75,43.67,0.76,179.84,0.84,43.67,0.81,227.31,0.08,42.58,0.08,327.66,0.31,43.79,0.32,223.94,0.79,44.02,0.78,146.92,0.46,43.1,0.46,94.9,0.32,43.5,0.32,156.95,0.41,43.5,0.41,183.9,0.54,43.21,0.56,81.44,0.91,44.19,0.9,245.82,0.18,43.67,0.18,194.78,0.35,43.73,0.34,170.96,-1625,-1500,-1800,43.5525,5.92,0 days 00:10:00,True,35,-1639.0,-1637.0,-1632.0,-1644.0,-1643.0,-1650.0,BELOW
2026-08-12 23:20:46,27.88,63.56,0.75,43.67,0.75,186.89,0.84,43.9,0.83,171.86,0.08,42.35,0.08,327.66,0.31,44.42,0.3,165.7,0.79,43.56,0.76,148.5,0.46,43.27,0.47,91.34,0.32,43.56,0.32,139.5,0.41,43.67,0.41,177.3,0.54,43.37,0.52,81.99,0.91,43.79,0.92,288.88,0.18,43.56,0.18,219.23,0.35,44.07,0.35,134.37,-1628,-1500,-1800,43.59916666666667,5.89,0 days 00:10:00,True,35,-1625.0,-1639.0,-1637.0,-1632.0,-1644.0,-1643.0,BELOW
2026-08-12 23:30:46,27.72,63.01,0.75,43.56,0.72,197.57,0.84,43.9,0.85,185.61,0.08,42.29,0.08,327.66,0.31,43.9,0.32,196.32,0.79,43.84,0.82,126.55,0.46,42.93,0.47,100.82,0.32,43.56,0.33,139.69,0.41,43.9,0.4,157.98,0.54,43.1,0.54,83.43,0.91,43.84,0.9,262.66,0.18,43.21,0.18,273.68,0.35,43.9,0.35,149.48,-1622,-1500,-1800,43.49416666666667,5.959999999999999,0 days 00:10:00,True,35,-1628.0,-1625.0,-1639.0,-1637.0,-1632.0,-1644.0,BELOW
2026-08-12 23:40:45,27.83,62.53,0.75,43.73,0.73,178.0,0.84,43.9,0.84,187.87,0.08,42.35,0.08,327.66,0.31,44.3,0.32,165.26,0.79,43.96,0.82,129.06,0.46,43.5,0.45,84.1,0.32,43.79,0.31,129.59,0.41,43.56,0.41,194.53,0.54,43.44,0.56,73.26,0.91,43.79,0.91,289.25,0.18,43.33,0.18,280.38,0.35,44.19,0.34,128.37,-1626,-1500,-1800,43.653333333333336,5.95,0 days 00:09:59,True,35,-1622.0,-1628.0,-1625.0,-1639.0,-1637.0,-1632.0,BELOW
2026-08-12 23:50:45,27.51,60.54,0.75,43.61,0.75,164.42,0.84,43.9,0.83,214.15,0.08,42.46,0.08,327.66,0.31,44.25,0.32,171.1,0.79,43.56,0.76,153.66,0.46,43.04,0.47,112.64,0.32,43.5,0.31,146.73,0.41,43.73,0.4,195.3,0.54,43.73,0.56,73.75,0.91,43.96,0.92,257.79,0.18,43.15,0.18,291.15,0.35,44.07,0.35,145.75,-1620,-1500,-1800,43.580000000000005,5.93,0 days 00:10:00,True,35,-1626.0,-1622.0,-1628.0,-1625.0,-1639.0,-1637.0,BELOW
2026-08-13 00:00:45,27.4,61.61,0.75,43.5,0.72,226.12,0.84,44.07,0.84,186.34,0.08,42.64,0.08,327.66,0.31,44.42,0.31,159.84,0.79,43.5,0.8,154.98,0.46,43.21,0.46,89.67,0.32,44.07,0.32,117.43,0.41,44.02,0.41,155.08,0.54,43.5,0.53,86.2,0.91,44.07,0.9,232.92,0.18,43.44,0.18,218.36,0.35,43.67,0.35,170.73,-1616,-1500,-1800,43.67583333333332,5.8999999999999995,0 days 00:10:00,True,35,-1620.0,-1626.0,-1622.0,-1628.0,-1625.0,-1639.0,BELOW
2026-08-13 00:10:46,27.3,60.21,0.75,43.73,0.78,180.08,0.84,43.9,0.85,196.07,0.08,42.64,0.08,327.66,0.31,43.96,0.3,196.32,0.79,43.9,0.77,127.71,0.46,43.1,0.46,96.36,0.32,43.56,0.33,186.39,0.41,43.9,0.4,169.76,0.54,43.04,0.56,83.84,0.91,43.79,0.9,295.79,0.18,43.1,0.18,195.22,0.35,43.79,0.35,163.56,-1620,-1500,-1800,43.53416666666667,5.959999999999999,0 days 00:10:01,True,35,-1616.0,-1620.0,-1626.0,-1622.0,-1628.0,-1625.0,BELOW
2026-08-13 00:20:46,27.35,62.43,0.75,43.73,0.74,173.32,0.84,43.79,0.87,201.22,0.08,42.24,0.08,327.66,0.31,43.96,0.3,211.2,0.79,43.5,0.76,156.95,0.46,43.1,0.47,99.75,0.32,43.79,0.33,126.38,0.41,44.07,0.42,147.3,0.54,43.61,0.53,71.01,0.91,43.73,0.93,327.66,0.18,43.5,0.18,265.25,0.35,43.67,0.36,167.06,-1606,-1500,-1800,43.557500000000005,5.97,0 days 00:10:00,True,35,-1620.0,-1616.0,-1620.0,-1626.0,-1622.0,-1628.0,TARGET
2026-08-13 00:30:46,27.3,61.37,0.75,43.84,0.72,182.93,0.84,44.02,0.87,191.19,0.08,42.64,0.08,327.66,0.31,43.79,0.32,217.23,0.79,43.73,0.81,134.8,0.46,43.5,0.46,83.09,0.32,43.67,0.33,139.87,0.41,43.84,0.41,217.23,0.54,43.33,0.53,80.44,0.91,44.25,0.9,241.9,0.18,43.1,0.18,327.66,0.35,43.96,0.34,158.19,-1613,-1500,-1800,43.63916666666666,5.95,0 days 00:10:00,True,35,-1606.0,-1620.0,-1616.0,-1620.0,-1626.0,-1622.0,BELOW
2026-08-13 00:40:45,27.3,61.24,0.75,43.67,0.78,172.87,0.84,44.02,0.81,186.09,0.08,42.24,0.08,327.66,0.31,44.07,0.3,205.51,0.79,43.37,0.8,154.56,0.46,43.56,0.46,96.45,0.32,43.67,0.33,147.31,0.41,43.67,0.41,187.12,0.54,43.56,0.55,74.75,0.91,44.02,0.89,258.79,0.18,43.67,0.18,189.7,0.35,44.25,0.34,135.08,-1604,-1500,-1800,43.6475,5.93,0 days 00:09:59,True,35,-1613.0,-1606.0,-1620.0,-1616.0,-1620.0,-1626.0,TARGET
2026-08-13 00:50:45,27.08,63.23,0.75,43.27,0.73,207.87,0.84,44.07,0.84,186.34,0.08,42.64,0.08,327.66,0.31,43.84,0.31,214.15,0.79,43.9,0.76,125.41,0.46,43.1,0.47,98.43,0.32,44.12,0.33,114.55,0.41,44.12,0.41,153.76,0.54,43.1,0.55,83.84,0.91,44.25,0.93,233.83,0.18,43.44,0.18,241.35,0.35,43.96,0.35,135.33,-1597,-1500,-1800,43.65083333333334,5.939999999999999,0 days 00:10:00,True,35,-1604.0,-1613.0,-1606.0,-1620.0,-1616.0,-1620.0,TARGET
2026-08-13 01:00:45,26.76,64.11,0.75,43.37,0.75,208.43,0.84,43.96,0.85,188.12,0.08,42.41,0.08,327.66,0.31,44.36,0.31,159.84,0.79,43.33,0.79,163.76,0.46,42.93,0.47,100.07,0.32,43.79,0.32,113.17,0.41,44.02,0.4,148.48,0.54,43.1,0.53,86.37,0.91,43.73,0.88,283.35,0.18,43.61,0.18,212.76,0.35,43.67,0.34,173.1,-1607,-1500,-1800,43.52333333333334,5.8999999999999995,0 days 00:10:00,True,35,-1597.0,-1604.0,-1613.0,-1606.0,-1620.0,-1616.0,TARGET
2026-08-13 01:10:46,26.66,64.08,0.75,43.67,0.72,168.65,0.84,43.56,0.85,212.76,0.08,42.24,0.08,327.66,0.31,44.12,0.31,197.35,0.79,43.73,0.79,138.84,0.46,42.93,0.45,81.99,0.32,43.61,0.32,142.75,0.41,43.56,0.41,189.45,0.54,43.67,0.54,71.75,0.91,43.73,0.91,277.32,0.18,43.15,0.18,291.15,0.35,44.19,0.35,138.73,-1602,-1500,-1800,43.51333333333334,5.91,0 days 00:10:01,True,35,-1607.0,-1597.0,-1604.0,-1613.0,-1606.0,-1620.0,TARGET
2026-08-13 01:20:46,26.55,64.94,0.75,43.73,0.72,163.12,0.84,43.67,0.86,213.32,0.08,42.52,0.08,327.66,0.31,44.42,0.3,165.7,0.79,43.5,0.81,153.25,0.46,43.1,0.47,97.61,0.32,43.5,0.32,145.56,0.41,44.02,0.4,143.89,0.54,43.73,0.55,73.36,0.91,44.3,0.9,222.99,0.18,43.04,0.18,290.75,0.35,43.9,0.36,158.19,-1601,-1500,-1800,43.61916666666667,5.95,0 days 00:10:00,True,35,-1602.0,-1607.0,-1597.0,-1604.0,-1613.0,-1606.0,TARGET
2026-08-13 01:30:46,26.66,64.75,0.75,43.9,0.77,180.79,0.84,43.96,0.85,174.24,0.08,42.41,0.08,327.66,0.31,44.42,0.32,169.69,0.79,43.5,0.81,149.92,0.46,43.27,0.46,89.21,0.32,43.84,0.33,112.11,0.41,43.61,0.41,177.3,0.54,43.21,0.53,81.18,0.91,44.3,0.92,234.14,0.18,43.73,0.18,203.64,0.35,44.12,0.36,144.25,-1603,-1500,-1800,43.689166666666665,6.0200000000000005,0 days 00:10:00,True,35,-1601.0,-1602.0,-1607.0,-1597.0,-1604.0,-1613.0,TARGET
2026-08-13 01:40:46,26.44,65.39,0.75,43.15,0.73,200.7,0.84,44.02,0.83,178.94,0.08,42.58,0.08,327.66,0.31,43.9,0.31,220.96,0.79,43.79,0.81,129.92,0.46,42.98,0.45,103.25,0.32,43.67,0.32,137.11,0.41,43.96,0.4,160.22,0.54,43.67,0.52,70.65,0.91,43.79,0.93,278.04,0.18,43.67,0.18,197.83,0.35,43.67,0.34,177.76,-1590,-1500,-1800,43.57083333333333,5.8999999999999995,0 days 00:10:00,True,35,-1603.0,-1601.0,-1602.0,-1607.0,-1597.0,-1604.0,TARGET
2026-08-13 01:50:45,26.23,65.39,0.75,43.61,0.72,182.21,0.84,44.07,0.82,177.12,0.08,42.7,0.08,327.66,0.31,44.07,0.3,205.51,0.79,43.33,0.8,171.73,0.46,43.5,0.47,84.62,0.32,43.84,0.32,128.72,0.41,43.73,0.42,175.51,0.54,43.1,0.55,85.41,0.91,44.25,0.88,233.83,0.18,43.44,0.18,276.59,0.35,43.61,0.34,181.97,-1600,-1500,-1800,43.604166666666664,5.88,0 days 00:09:59,True,35,-1590.0,-1603.0,-1601.0,-1602.0,-1607.0,-1597.0,TARGET
2026-08-13 02:00:45,26.07,65.49,0.75,43.21,0.73,210.79,0.84,43.44,0.84,222.18,0.08,42.24,0.08,327.66,0.31,44.3,0.32,195.11,0.79,43.84,0.77,128.72,0.46,42.87,0.45,103.75,0.32,43.56,0.33,156.73,0.41,44.07,0.41,155.48,0.54,43.21,0.53,83.55,0.91,43.79,0.89,295.41,0.18,43.61,0.18,251.45,0.35,44.25,0.36,134.89,-1595,-1500,-1800,43.5325,5.890000000000001,0 days 00:10:00,True,35,-1600.0,-1590.0,-1603.0,-1601.0,-1602.0,-1607.0,TARGET
2026-08-13 02:10:45,26.12,65.67,0.75,43.5,0.72,177.07,0.84,44.02,0.85,176.9,0.08,42.24,0.08,327.66,0.31,44.36,0.3,187.55,0.79,43.9,0.77,123.03,0.46,43.27,0.47,86.29,0.32,44.02,0.33,112.56,0.41,43.56,0.41,179.6,0.54,43.04,0.56,85.83,0.91,43.9,0.92,284.1,0.18,43.15,0.18,318.65,0.35,44.25,0.35,132.36,-1586,-1500,-1800,43.600833333333334,5.9399999999999995,0 days 00:10:00,True,35,-1595.0,-1600.0,-1590.0,-1603.0,-1601.0,-1602.0,ABOVE
2026-08-13 02:40:46,25.86,66.16,0.75,43.56,0.75,181.73,0.84,43.61,0.82,230.49,0.08,42.52,0.08,327.66,0.31,44.42,0.3,169.69,0.79,43.61,0.8,131.7,0.46,43.37,0.45,86.63,0.32,43.61,0.33,147.12,0.41,43.44,0.41,188.7,0.54,43.5,0.52,73.85,0.91,44.02,0.91,268.06,0.18,43.37,0.18,245.65,0.35,43.61,0.34,182.21,-1590,-1500,-1800,43.553333333333335,5.890000000000001,0 days 00:10:00,True,35,-1581.0,-1589.0,-1586.0,-1595.0,-1600.0,-1590.0,TARGET
2026-08-13 06:20:46,24.73,70.71,0.75,43.37,0.73,202.04,0.84,43.79,0.81,207.23,0.08,42.24,0.08,327.66,0.31,44.19,0.31,209.4,0.79,43.37,0.76,163.76,0.46,43.37,0.46,86.4,0.32,43.73,0.33,137.28,0.41,43.56,0.42,186.89,0.54,43.21,0.56,84.58,0.91,43.9,0.92,239.37,0.18,43.67,0.18,195.04,0.35,43.84,0.34,167.5,-1578,-1500,-1800,43.52,5.9,0 days 00:10:01,True,35,-1578.0,-1579.0,-1578.0,-1581.0,-1586.0,-1582.0,ABOVE
2026-08-13 06:30:46,24.79,70.74,0.75,43.44,0.76,199.9,0.84,43.96,0.87,183.4,0.08,42.64,0.08,327.66,0.31,44.36,0.31,173.43,0.79,43.96,0.77,124.45,0.46,42.81,0.46,105.37,0.32,44.02,0.31,110.77,0.41,44.12,0.42,147.11,0.54,43.61,0.53,76.4,0.91,43.84,0.89,272.6,0.18,43.33,0.18,224.92,0.35,44.02,0.34,148.48,-1592,-1500,-1800,43.675833333333344,5.919999999999999,0 days 00:10:00,True,35,-1578.0,-1578.0,-1579.0,-1578.0,-1581.0,-1586.0,TARGET
2026-08-13 06:40:46,24.89,70.74,0.75,43.73,0.73,175.51,0.84,43.67,0.84,213.04,0.08,42.46,0.08,327.66,0.31,44.19,0.31,186.58,0.79,43.73,0.76,130.64,0.46,43.21,0.45,93.32,0.32,43.9,0.32,121.95,0.41,43.9,0.42,156.41,0.54,42.98,0.55,84.13,0.91,44.12,0.94,229.1,0.18,43.21,0.18,285.84,0.35,43.96,0.34,149.87,-1598,-1500,-1800,43.58833333333333,5.92,0 days 00:10:00,True,35,-1592.0,-1578.0,-1578.0,-1579.0,-1578.0,-1581.0,TARGET
2026-08-13 06:50:46,24.84,71.04,0.75,43.27,0.76,204.78,0.84,43.79,0.84,210.37,0.08,42.64,0.08,327.66,0.31,44.3,0.31,187.31,0.79,43.56,0.78,153.45,0.46,43.04,0.47,99.75,0.32,43.44,0.32,151.37,0.41,43.67,0.41,171.18,0.54,43.44,0.54,76.19,0.91,43.5,0.88,276.22,0.18,43.61,0.18,199.9,0.35,44.12,0.35,135.67,-1596,-1500,-1800,43.531666666666666,5.919999999999999,0 days 00:10:00,True,35,-1598.0,-1592.0,-1578.0,-1578.0,-1579.0,-1578.0,TARGET
2026-08-13 07:00:46,25.05,70.28,0.75,43.33,0.76,214.95,0.84,44.07,0.82,183.89,0.08,42.58,0.08,327.66,0.31,43.9,0.32,210.92,0.79,43.61,0.8,144.06,0.46,42.98,0.47,101.71,0.32,43.79,0.33,129.75,0.41,43.79,0.41,169.32,0.54,43.61,0.55,69.49,0.91,44.12,0.93,229.7,0.18,43.04,0.18,289.97,0.35,43.9,0.34,161.23,-1605,-1500,-1800,43.56000000000001,5.989999999999999,0 days 00:10:00,True,35,-1596.0,-1598.0,-1592.0,-1578.0,-1578.0,-1579.0,TARGET
2026-08-13 07:10:45,25.32,69.03,0.75,43.73,0.78,162.91,0.84,43.56,0.86,226.42,0.08,42.58,0.08,327.66,0.31,44.36,0.3,178.06,0.79,43.56,0.82,128.91,0.46,43.27,0.45,88.97,0.32,43.67,0.32,144.25,0.41,43.67,0.4,179.6,0.54,43.1,0.53,81.72,0.91,44.25,0.89,233.53,0.18,43.56,0.18,219.23,0.35,43.79,0.36,185.12,-1607,-1500,-1800,43.59166666666667,5.97,0 days 00:09:59,True,35,-1605.0,-1596.0,-1598.0,-1592.0,-1578.0,-1578.0,TARGET
2026-08-13 07:20:45,25.53,68.54,0.75,43.56,0.77,184.39,0.84,43.61,0.82,226.71,0.08,42.35,0.08,327.66,0.31,44.02,0.3,205.51,0.79,43.84,0.78,124.13,0.46,42.93,0.45,104.7,0.32,43.56,0.32,150.12,0.41,44.07,0.4,133.09,0.54,43.96,0.56,73.36,0.91,43.61,0.93,294.25,0.18,43.67,0.18,189.7,0.35,44.12,0.35,148.67,-1607,-1500,-1800,43.60833333333333,5.9399999999999995,0 days 00:10:00,True,35,-1607.0,-1605.0,-1596.0,-1598.0,-1592.0,-1578.0,TARGET
2026-08-13 07:30:46,25.86,67.65,0.75,43.33,0.77,159.95,0.84,43.96,0.86,180.79,0.08,42.46,0.08,327.66,0.31,43.96,0.3,214.44,0.79,43.67,0.81,129.59,0.46,43.5,0.46,83.2,0.32,43.79,0.32,127.21,0.41,43.56,0.41,189.2,0.54,43.1,0.56,82.71,0.91,44.12,0.88,229.4,0.18,43.04,0.18,303.28,0.35,43.56,0.36,172.64,-1600,-1500,-1800,43.50416666666667,5.99,0 days 00:10:01,True,35,-1607.0,-1607.0,-1605.0,-1596.0,-1598.0,-1592.0,TARGET
2026-08-13 07:40:46,26.28,65.79,0.75,43.56,0.78,188.95,0.84,43.9,0.82,188.12,0.08,42.41,0.08,327.66,0.31,44.12,0.3,191.44,0.79,43.61,0.82,156.95,0.46,43.27,0.47,85.22,0.32,43.5,0.32,156.73,0.41,43.96,0.4,152.97,0.54,43.67,0.55,72.87,0.91,43.73,0.92,301.44,0.18,43.61,0.18,192.08,0.35,44.02,0.34,148.67,-1611,-1500,-1800,43.61333333333334,5.9799999999999995,0 days 00:10:00,True,35,-1600.0,-1607.0,-1607.0,-1605.0,-1596.0,-1598.0,BELOW
2026-08-13 07:50:46,26.71,64.69,0.75,43.56,0.74,200.15,0.84,44.19,0.81,179.64,0.08,42.58,0.08,327.66,0.31,44.19,0.32,209.12,0.79,43.5,0.81,158.53,0.46,43.1,0.46,101.98,0.32,44.02,0.33,114.39,0.41,43.61,0.4,191.82,0.54,43.1,0.54,83.32,0.91,44.25,0.89,222.7,0.18,43.04,0.18,317.38,0.35,44.12,0.36,135.67,-1611,-1500,-1800,43.605,5.92,0 days 00:10:00,True,35,-1611.0,-1600.0,-1607.0,-1607.0,-1605.0,-1596.0,BELOW
2026-08-13 08:00:46,27.08,64.11,0.75,43.5,0.75,233.78,0.84,43.73,0.83,276.96,0.08,42.52,0.08,327.66,0.31,44.53,0.3,160.67,0.79,43.56,0.77,146.73,0.46,43.15,0.46,95.82,0.32,43.79,0.31,118.5,0.41,43.56,0.41,203.11,0.54,43.73,0.55,88.43,0.91,43.73,0.9,295.01,0.18,43.67,0.18,195.04,0.35,43.56,0.36,174.6,-1617,-1500,-1800,43.58583333333334,5.900000000000001,0 days 00:10:00,True,35,-1611.0,-1611.0,-1600.0,-1607.0,-1607.0,-1605.0,BELOW
2026-08-13 08:10:45,27.35,63.17,0.75,43.9,0.73,165.72,0.84,43.9,0.83,207.76,0.08,42.41,0.08,327.66,0.31,44.12,0.3,208.86,0.79,43.37,0.81,154.56,0.46,43.61,0.47,85.37,0.32,43.61,0.31,144.25,0.41,43.84,0.41,163.56,0.54,43.1,0.56,89.31,0.91,44.25,0.93,226.29,0.18,43.1,0.18,273.68,0.35,44.36,0.36,110.75,-1612,-1500,-1800,43.630833333333335,5.97,0 days 00:09:59,True,35,-1617.0,-1611.0,-1611.0,-1600.0,-1607.0,-1607.0,BELOW
2026-08-13 08:20:45,27.67,62.22,0.75,43.73,0.72,170.73,0.84,43.73,0.82,213.32,0.08,42.58,0.08,327.66,0.31,44.48,0.31,169.91,0.79,43.73,0.82,129.42,0.46,43.56,0.45,86.75,0.32,43.67,0.32,137.28,0.41,43.9,0.41,152.76,0.54,43.04,0.52,79.9,0.91,43.67,0.91,247.28,0.18,43.67,0.18,195.04,0.35,43.56,0.35,181.73,-1603,-1500,-1800,43.60999999999999,5.89,0 days 00:10:00,True,35,-1612.0,-1617.0,-1611.0,-1611.0,-1600.0,-1607.0,TARGET
2026-08-13 08:30:46,28.05,61.61,0.75,43.61,0.76,177.3,0.84,43.96,0.87,169.99,0.08,42.29,0.08,327.66,0.31,44.36,0.3,171.54,0.79,43.84,0.76,130.98,0.46,43.37,0.47,85.98,0.32,44.25,0.32,118.89,0.41,44.02,0.42,140.98,0.54,43.37,0.53,81.87,0.91,43.79,0.93,289.25,0.18,43.21,0.18,291.15,0.35,44.25,0.34,140.3,-1616,-1500,-1800,43.69333333333333,5.959999999999998,0 days 00:10:01,True,35,-1603.0,-1612.0,-1617.0,-1611.0,-1611.0,-1600.0,BELOW
2026-08-13 08:40:46,28.31,61.24,0.75,43.37,0.72,208.43,0.84,44.02,0.83,176.67,0.08,42.7,0.08,327.66,0.31,43.9,0.32,210.92,0.79,43.61,0.77,150.31,0.46,43.15,0.46,91.71,0.32,44.02,0.33,118.12,0.41,43.73,0.42,173.55,0.54,43.37,0.52,73.86,0.91,43.96,0.89,258.47,0.18,43.21,0.18,297.87,0.35,43.61,0.36,179.84,-1618,-1500,-1800,43.55416666666667,5.879999999999999,0 days 00:10:00,True,35,-1616.0,-1603.0,-1612.0,-1617.0,-1611.0,-1611.0,BELOW
2026-08-13 08:50:46,28.53,59.93,0.75,43.37,0.75,221.87,0.84,43.9,0.82,185.85,0.08,42.41,0.08,327.66,0.31,44.02,0.3,218.36,0.79,43.61,0.81,140.92,0.46,43.1,0.46,103.39,0.32,43.9,0.31,120.16,0.41,43.73,0.41,166.84,0.54,43.21,0.53,82.05,0.91,43.96,0.88,273.31,0.18,43.44,0.18,241.67,0.35,44.25,0.35,136.2,-1622,-1500,-1800,43.574999999999996,5.879999999999999,0 days 00:10:00,True,35,-1618.0,-1616.0,-1603.0,-1612.0,-1617.0,-1611.0,BELOW
2026-08-13 09:10:46,29.75,57.12,0.75,43.79,0.76,161.23,0.84,43.67,0.83,235.01,0.08,42.29,0.08,327.66,0.31,44.12,0.32,197.09,0.79,43.5,0.77,153.45,0.46,42.93,0.46,100.07,0.32,43.61,0.33,150.31,0.41,43.73,0.4,177.76,0.54,43.15,0.55,84.99,0.91,44.12,0.92,269.1,0.18,43.27,0.18,274.41,0.35,43.67,0.36,175.29,-1621,-1500,-1800,43.487500000000004,5.96,0 days 00:10:00,True,35,-1624.0,-1622.0,-1618.0,-1616.0,-1603.0,-1612.0,BELOW
2026-08-13 09:20:45,30.29,55.38,0.75,43.37,0.76,156.31,0.84,43.73,0.86,216.65,0.08,42.46,0.08,327.66,0.31,44.07,0.31,191.19,0.79,43.73,0.77,115.55,0.46,43.27,0.47,84.17,0.32,43.67,0.33,136.92,0.41,43.84,0.42,138.84,0.54,43.1,0.52,80.86,0.91,43.79,0.94,301.82,0.18,43.5,0.18,241.99,0.35,44.02,0.36,157.03,-1618,-1500,-1800,43.54583333333334,5.999999999999999,0 days 00:09:59,True,35,-1621.0,-1624.0,-1622.0,-1618.0,-1616.0,-1603.0,BELOW
2026-08-13 10:50:46,31.73,51.2,0.75,44.02,0.78,156.81,0.84,43.79,0.81,203.9,0.08,42.41,0.08,327.66,0.31,44.25,0.32,200.43,0.79,43.5,0.79,149.92,0.46,43.37,0.45,89.43,0.32,43.9,0.33,115.04,0.41,43.79,0.4,175.75,0.54,43.73,0.56,75.04,0.91,44.25,0.94,238.11,0.18,43.37,0.18,269.74,0.35,44.12,0.34,129.39,-1640,-1500,-1800,43.708333333333336,5.98,0 days 00:10:00,True,35,-1637.0,-1630.0,-1634.0,-1630.0,-1633.0,-1633.0,BELOW
2026-08-13 11:10:46,32.21,50.22,0.75,43.84,0.77,171.62,0.84,44.25,0.81,168.82,0.08,42.58,0.08,327.66,0.31,43.9,0.31,240.01,0.79,43.9,0.8,132.58,0.46,43.5,0.45,81.12,0.32,43.84,0.33,122.11,0.41,44.07,0.4,155.08,0.54,43.56,0.52,75.47,0.91,43.79,0.94,327.66,0.18,43.73,0.18,213.6,0.35,43.84,0.34,161.44,-1639,-1500,-1800,43.73333333333334,5.93,0 days 00:10:00,True,35,-1642.0,-1640.0,-1637.0,-1630.0,-1634.0,-1630.0,BELOW
2026-08-13 11:30:45,32.0,50.25,0.75,43.33,0.72,205.04,0.84,44.07,0.84,174.92,0.08,42.58,0.08,327.66,0.31,44.02,0.32,196.58,0.79,43.37,0.79,139.14,0.46,43.04,0.47,106.75,0.32,44.02,0.32,110.77,0.41,44.19,0.41,153.97,0.54,43.15,0.53,82.05,0.91,44.3,0.92,246.46,0.18,43.67,0.18,209.82,0.35,44.19,0.35,127.54,-1639,-1500,-1800,43.660833333333336,5.929999999999999,0 days 00:09:59,True,35,-1640.0,-1639.0,-1642.0,-1640.0,-1637.0,-1630.0,BELOW
2026-08-13 14:20:46,34.72,43.69,0.75,43.73,0.72,170.96,0.84,44.19,0.81,200.17,0.08,42.64,0.08,327.66,0.31,44.53,0.32,168.11,0.79,43.9,0.78,126.55,0.46,43.21,0.47,96.36,0.32,43.67,0.32,148.89,0.41,43.79,0.41,175.98,0.54,43.44,0.55,78.71,0.91,44.25,0.94,246.14,0.18,43.67,0.18,223.35,0.35,44.3,0.34,131.28,-1645,-1500,-1800,43.77666666666667,5.92,0 days 00:10:00,True,36,-1645.0,-1648.0,-1643.0,-1648.0,-1652.0,-1646.0,BELOW
2026-08-13 14:30:46,34.67,43.72,0.75,43.37,0.76,188.45,0.84,43.61,0.84,282.24,0.08,42.18,0.08,327.66,0.31,44.53,0.32,170.12,0.79,43.9,0.82,126.55,0.46,43.21,0.47,103.02,0.32,44.07,0.32,117.43,0.41,44.12,0.4,141.34,0.54,43.27,0.54,83.25,0.91,44.36,0.89,234.14,0.18,43.61,0.18,219.51,0.35,43.73,0.35,173.32,-1644,-1500,-1800,43.663333333333334,5.969999999999999,0 days 00:10:00,True,36,-1645.0,-1645.0,-1648.0,-1643.0,-1648.0,-1652.0,BELOW
2026-08-13 14:40:46,35.04,43.51,0.75,43.5,0.78,188.95,0.84,43.96,0.81,176.21,0.08,42.58,0.08,300.44,0.31,44.07,0.3,199.65,0.79,43.56,0.82,144.06,0.46,43.33,0.46,94.1,0.32,43.73,0.31,140.06,0.41,44.19,0.42,144.45,0.54,43.56,0.55,76.4,0.91,43.84,0.91,262.66,0.18,43.73,0.18,190.19,0.35,43.96,0.34,162.08,-1641,-1500,-1800,43.66750000000001,5.96,0 days 00:10:00,True,36,-1644.0,-1645.0,-1645.0,-1648.0,-1643.0,-1648.0,BELOW
2026-08-13 14:50:46,35.2,42.87,0.75,43.84,0.75,161.66,0.84,43.67,0.82,212.48,0.08,42.52,0.08,327.66,0.31,44.3,0.3,190.09,0.79,43.73,0.76,140.23,0.46,43.5,0.47,86.86,0.32,43.67,0.31,147.31,0.41,44.02,0.42,143.89,0.54,43.33,0.53,79.97,0.91,43.79,0.94,315.97,0.18,43.44,0.18,270.44,0.35,44.12,0.35,145.75,-1645,-1500,-1800,43.66083333333333,5.909999999999998,0 days 00:10:00,True,36,-1641.0,-1644.0,-1645.0,-1645.0,-1648.0,-1643.0,BELOW
2026-08-13 15:00:46,35.58,42.32,0.75,43.84,0.75,165.29,0.84,43.79,0.86,210.64,0.08,42.41,0.08,327.66,0.31,44.53,0.31,178.75,0.79,43.44,0.78,158.33,0.46,43.33,0.47,91.47,0.32,43.84,0.32,136.48,0.41,43.96,0.41,162.08,0.54,43.15,0.52,83.95,0.91,44.25,0.9,255.09,0.18,43.15,0.18,297.47,0.35,44.12,0.36,141.34,-1641,-1500,-1800,43.65083333333332,5.94,0 days 00:10:00,True,36,-1645.0,-1641.0,-1644.0,-1645.0,-1645.0,-1648.0,BELOW
2026-08-13 15:10:46,35.36,42.53,0.75,43.37,0.78,202.04,0.84,44.12,0.85,168.6,0.08,42.52,0.08,327.66,0.31,44.42,0.3,178.29,0.79,43.9,0.79,127.54,0.46,43.27,0.46,100.88,0.32,43.96,0.31,124.45,0.41,43.73,0.41,189.95,0.54,43.15,0.56,86.6,0.91,44.19,0.91,264.37,0.18,43.67,0.18,219.81,0.35,44.3,0.36,135.08,-1642,-1500,-1800,43.71666666666667,5.99,0 days 00:10:00,True,36,-1641.0,-1645.0,-1641.0,-1644.0,-1645.0,-1645.0,BELOW
2026-08-13 15:20:46,35.52,42.29,0.75,43.9,0.73,161.66,0.84,44.19,0.86,175.15,0.08,42.64,0.08,327.66,0.31,43.96,0.32,211.2,0.79,43.37,0.77,159.95,0.46,43.1,0.47,103.66,0.32,43.79,0.31,133.5,0.41,44.07,0.4,153.56,0.54,43.33,0.53,78.4,0.91,44.3,0.89,238.4,0.18,43.56,0.18,242.62,0.35,44.12,0.34,129.56,-1639,-1500,-1800,43.69416666666667,5.879999999999999,0 days 00:10:00,True,36,-1642.0,-1641.0,-1645.0,-1641.0,-1644.0,-1645.0,BELOW
2026-08-13 15:50:46,34.67,44.85,0.75,43.84,0.74,176.21,0.84,44.19,0.86,175.15,0.08,42.7,0.08,327.66,0.31,44.53,0.31,166.12,0.79,43.84,0.8,161.66,0.46,43.5,0.45,79.83,0.32,44.02,0.31,113.47,0.41,43.73,0.42,166.84,0.54,43.5,0.53,74.25,0.91,44.36,0.89,238.4,0.18,43.37,0.18,275.13,0.35,44.07,0.34,152.09,-1645,-1500,-1800,43.804166666666674,5.909999999999999,0 days 00:10:00,True,36,-1641.0,-1643.0,-1639.0,-1642.0,-1641.0,-1645.0,BELOW
2026-08-13 22:00:46,28.31,65.7,0.75,43.56,0.74,189.2,0.84,44.25,0.85,165.26,0.08,42.35,0.08,327.66,0.31,44.07,0.31,176.9,0.79,43.56,0.76,175.06,0.46,43.5,0.47,80.08,0.32,43.79,0.32,128.56,0.41,44.02,0.41,176.67,0.54,43.61,0.53,73.46,0.91,44.25,0.94,230.0,0.18,43.15,0.18,268.31,0.35,43.73,0.34,175.51,-1640,-1500,-1800,43.65333333333333,5.93,0 days 00:10:00,True,36,-1654.0,-1654.0,-1659.0,-1658.0,-1659.0,-1658.0,BELOW
2026-08-13 22:10:47,28.05,66.34,0.75,43.33,0.75,188.2,0.84,43.79,0.85,277.69,0.08,42.58,0.08,275.16,0.31,44.07,0.31,170.43,0.79,43.9,0.76,121.95,0.46,43.27,0.46,85.75,0.32,43.61,0.33,130.47,0.41,43.79,0.42,185.12,0.54,43.61,0.53,73.17,0.91,44.07,0.88,273.66,0.18,43.67,0.18,184.87,0.35,44.02,0.35,131.5,-1643,-1500,-1800,43.642500000000005,5.8999999999999995,0 days 00:10:01,True,36,-1640.0,-1654.0,-1654.0,-1659.0,-1658.0,-1659.0,BELOW
2026-08-13 22:20:47,28.15,64.75,0.75,43.84,0.74,157.76,0.84,43.84,0.87,210.64,0.08,42.75,0.08,327.66,0.31,44.3,0.3,180.34,0.79,43.5,0.79,148.12,0.46,43.21,0.46,93.21,0.32,44.02,0.32,113.32,0.41,43.9,0.4,153.17,0.54,43.37,0.54,79.61,0.91,44.25,0.88,230.0,0.18,43.5,0.18,255.43,0.35,43.56,0.35,168.43,-1644,-1500,-1800,43.669999999999995,5.909999999999999,0 days 00:10:00,True,36,-1643.0,-1640.0,-1654.0,-1654.0,-1659.0,-1658.0,BELOW
2026-08-13 22:40:46,27.83,66.59,0.75,43.73,0.76,171.41,0.84,44.19,0.84,164.84,0.08,42.35,0.08,327.66,0.31,43.96,0.3,224.82,0.79,43.96,0.79,122.27,0.46,42.87,0.45,101.43,0.32,43.73,0.32,134.62,0.41,43.61,0.42,189.45,0.54,43.1,0.53,85.41,0.91,43.73,0.88,301.82,0.18,43.37,0.18,233.15,0.35,44.19,0.34,129.73,-1636,-1500,-1800,43.56583333333334,5.89,0 days 00:09:59,True,36,-1646.0,-1644.0,-1643.0,-1640.0,-1654.0,-1654.0,BELOW
2026-08-13 22:50:46,27.78,67.29,0.75,43.56,0.76,177.07,0.84,43.5,0.81,233.78,0.08,42.24,0.08,327.66,0.31,44.07,0.3,208.32,0.79,43.56,0.79,149.92,0.46,43.61,0.47,84.73,0.32,43.9,0.33,128.89,0.41,44.02,0.4,146.92,0.54,43.15,0.56,80.97,0.91,44.25,0.89,234.14,0.18,43.21,0.18,285.46,0.35,43.9,0.36,145.2,-1636,-1500,-1800,43.580833333333324,5.93,0 days 00:10:00,True,36,-1636.0,-1646.0,-1644.0,-1643.0,-1640.0,-1654.0,BELOW
2026-08-13 23:00:46,27.88,65.58,0.75,43.37,0.73,191.06,0.84,44.02,0.82,170.21,0.08,42.7,0.08,327.66,0.31,44.42,0.31,176.06,0.79,43.37,0.77,161.84,0.46,43.56,0.45,78.92,0.32,43.44,0.31,151.37,0.41,43.79,0.41,154.26,0.54,43.56,0.52,74.35,0.91,44.12,0.89,249.56,0.18,43.67,0.18,203.64,0.35,44.25,0.35,138.91,-1632,-1500,-1800,43.689166666666665,5.819999999999999,0 days 00:10:00,True,36,-1636.0,-1636.0,-1646.0,-1644.0,-1643.0,-1640.0,BELOW
2026-08-13 23:10:46,27.67,65.91,0.75,43.44,0.72,188.7,0.84,43.84,0.86,185.61,0.08,42.35,0.08,327.66,0.31,44.25,0.3,182.21,0.79,43.33,0.76,156.12,0.46,43.15,0.47,98.43,0.32,44.12,0.32,120.48,0.41,43.67,0.41,172.87,0.54,43.44,0.52,74.76,0.91,43.79,0.94,289.25,0.18,43.56,0.18,218.94,0.35,43.84,0.36,152.76,-1634,-1500,-1800,43.565,5.920000000000001,0 days 00:10:00,True,36,-1632.0,-1636.0,-1636.0,-1646.0,-1644.0,-1643.0,BELOW
2026-08-13 23:20:47,27.51,66.25,0.75,43.61,0.77,156.95,0.84,43.73,0.84,200.96,0.08,42.24,0.08,327.66,0.31,43.9,0.32,235.93,0.79,43.61,0.82,145.37,0.46,43.33,0.45,86.95,0.32,44.12,0.31,110.18,0.41,43.84,0.42,173.78,0.54,43.27,0.53,76.22,0.91,44.25,0.89,230.0,0.18,43.33,0.18,280.0,0.35,43.61,0.35,187.12,-1627,-1500,-1800,43.56999999999999,5.959999999999999,0 days 00:10:01,True,36,-1634.0,-1632.0,-1636.0,-1636.0,-1646.0,-1644.0,BELOW
2026-08-13 23:30:47,27.46,66.19,0.75,43.73,0.78,242.93,0.84,43.73,0.87,189.7,0.08,42.29,0.08,327.66,0.31,44.36,0.31,176.06,0.79,43.5,0.81,142.0,0.46,43.15,0.47,100.61,0.32,43.67,0.32,145.75,0.41,44.07,0.41,145.39,0.54,43.21,0.55,80.6,0.91,43.79,0.89,289.63,0.18,43.61,0.18,181.97,0.35,44.19,0.34,136.2,-1627,-1500,-1800,43.60833333333333,6.009999999999999,0 days 00:10:00,True,36,-1627.0,-1634.0,-1632.0,-1636.0,-1636.0,-1646.0,BELOW
2026-08-13 23:40:46,27.51,66.31,0.75,43.96,0.76,257.79,0.84,43.9,0.81,220.96,0.08,42.7,0.08,327.66,0.31,44.42,0.31,180.57,0.79,43.33,0.79,165.51,0.46,42.87,0.45,123.57,0.32,43.9,0.33,122.11,0.41,43.73,0.4,166.84,0.54,42.98,0.55,83.61,0.91,44.07,0.92,229.1,0.18,43.15,0.18,297.47,0.35,44.07,0.35,150.08,-1629,-1500,-1800,43.59,5.93,0 days 00:09:59,True,36,-1627.0,-1627.0,-1634.0,-1632.0,-1636.0,-1636.0,BELOW
2026-08-13 23:50:46,27.56,66.62,0.75,43.44,0.77,275.5,0.84,44.19,0.87,189.1,0.08,42.7,0.08,327.66,0.31,44.07,0.32,193.85,0.79,43.37,0.76,158.12,0.46,43.44,0.46,78.71,0.32,43.56,0.31,142.37,0.41,43.84,0.41,175.98,0.54,43.44,0.56,72.01,0.91,43.9,0.9,284.47,0.18,43.44,0.18,218.36,0.35,43.5,0.36,197.04,-1627,-1500,-1800,43.57416666666666,5.98,0 days 00:10:00,True,36,-1629.0,-1627.0,-1627.0,-1634.0,-1632.0,-1636.0,BELOW
2026-08-14 00:00:46,27.4,68.14,0.75,43.67,0.73,219.81,0.84,44.25,0.87,155.89,0.08,42.41,0.08,327.66,0.31,44.42,0.32,165.49,0.79,43.84,0.8,127.38,0.46,43.15,0.47,90.02,0.32,43.5,0.33,197.3,0.41,43.73,0.42,165.07,0.54,43.15,0.55,80.49,0.91,44.25,0.91,246.14,0.18,43.27,0.18,280.38,0.35,44.19,0.36,134.55,-1620,-1500,-1800,43.652499999999996,6.02,0 days 00:10:00,True,36,-1627.0,-1629.0,-1627.0,-1627.0,-1634.0,-1632.0,BELOW
2026-08-14 00:10:46,27.24,68.6,0.75,43.21,0.77,204.51,0.84,43.56,0.83,238.12,0.08,42.41,0.08,327.66,0.31,44.36,0.32,178.06,0.79,43.73,0.8,135.94,0.46,43.1,0.46,95.56,0.32,44.02,0.32,109.89,0.41,43.9,0.4,165.72,0.54,43.56,0.56,74.96,0.91,43.73,0.89,282.97,0.18,43.67,0.18,192.33,0.35,43.67,0.34,169.1,-1618,-1500,-1800,43.57666666666666,5.949999999999998,0 days 00:10:00,True,36,-1620.0,-1627.0,-1629.0,-1627.0,-1627.0,-1634.0,BELOW
2026-08-14 00:20:47,27.03,69.27,0.75,43.79,0.72,159.59,0.84,43.9,0.82,315.54,0.08,42.29,0.08,327.66,0.31,44.36,0.3,175.6,0.79,43.56,0.82,145.37,0.46,43.15,0.45,97.05,0.32,43.84,0.33,126.05,0.41,44.07,0.4,145.58,0.54,43.61,0.55,73.46,0.91,43.84,0.9,289.63,0.18,43.15,0.18,291.15,0.35,44.02,0.35,139.39,-1613,-1500,-1800,43.63166666666666,5.9,0 days 00:10:01,True,36,-1618.0,-1620.0,-1627.0,-1629.0,-1627.0,-1627.0,BELOW
2026-08-14 00:30:47,26.92,69.18,0.75,43.27,0.72,221.29,0.84,43.56,0.82,270.81,0.08,42.7,0.08,327.66,0.31,43.96,0.32,232.32,0.79,43.37,0.81,167.99,0.46,43.44,0.46,79.61,0.32,43.61,0.32,136.73,0.41,43.73,0.42,180.08,0.54,43.44,0.53,76.1,0.91,43.73,0.92,308.13,0.18,43.27,0.18,292.31,0.35,43.79,0.35,171.41,-1610,-1500,-1800,43.48916666666668,5.929999999999999,0 days 00:10:00,True,36,-1613.0,-1618.0,-1620.0,-1627.0,-1629.0,-1627.0,TARGET
2026-08-14 00:40:47,26.71,69.76,0.75,43.21,0.75,217.49,0.84,44.12,0.84,164.62,0.08,42.64,0.08,327.66,0.31,44.02,0.31,218.08,0.79,43.27,0.8,133.8,0.46,43.21,0.47,91.84,0.32,43.73,0.31,138.66,0.41,43.9,0.42,143.5,0.54,43.37,0.52,79.06,0.91,44.07,0.92,254.43,0.18,43.1,0.18,297.07,0.35,44.19,0.35,136.2,-1612,-1500,-1800,43.56916666666667,5.949999999999999,0 days 00:10:00,True,36,-1610.0,-1613.0,-1618.0,-1620.0,-1627.0,-1629.0,BELOW
2026-08-14 00:50:46,26.66,70.46,0.75,43.5,0.72,226.12,0.84,43.61,0.85,203.64,0.08,42.41,0.08,327.66,0.31,44.42,0.3,180.57,0.79,43.84,0.79,120.73,0.46,43.15,0.45,90.74,0.32,43.96,0.32,109.75,0.41,43.96,0.41,149.87,0.54,43.04,0.53,84.88,0.91,44.25,0.94,255.09,0.18,43.44,0.18,233.47,0.35,43.67,0.35,184.39,-1609,-1500,-1800,43.604166666666664,5.92,0 days 00:09:59,True,36,-1612.0,-1610.0,-1613.0,-1618.0,-1620.0,-1627.0,TARGET
2026-08-14 01:00:46,26.44,70.77,0.75,43.84,0.73,163.56,0.84,43.56,0.82,270.81,0.08,42.64,0.08,327.66,0.31,44.02,0.32,225.4,0.79,43.61,0.77,139.69,0.46,43.21,0.47,84.47,0.32,43.73,0.31,132.06,0.41,43.96,0.41,156.81,0.54,43.27,0.52,80.6,0.91,43.84,0.89,289.63,0.18,43.61,0.18,223.06,0.35,43.5,0.35,174.6,-1600,-1500,-1800,43.56583333333333,5.849999999999999,0 days 00:10:00,True,36,-1609.0,-1612.0,-1610.0,-1613.0,-1618.0,-1620.0,TARGET
2026-08-14 01:10:46,26.39,70.68,0.75,43.73,0.78,171.18,0.84,43.56,0.84,230.19,0.08,42.7,0.08,327.66,0.31,44.42,0.32,182.92,0.79,43.67,0.82,141.12,0.46,43.33,0.46,87.5,0.32,43.73,0.32,138.66,0.41,43.56,0.41,194.53,0.54,43.67,0.56,68.79,0.91,44.19,0.93,259.47,0.18,43.37,0.18,299.06,0.35,43.61,0.34,170.73,-1606,-1500,-1800,43.62833333333334,6.039999999999999,0 days 00:10:00,True,36,-1600.0,-1609.0,-1612.0,-1610.0,-1613.0,-1618.0,TARGET
2026-08-14 01:20:47,26.39,70.61,0.75,43.37,0.78,208.43,0.84,44.12,0.85,177.12,0.08,42.35,0.08,327.66,0.31,44.25,0.31,197.61,0.79,43.67,0.81,140.06,0.46,43.44,0.45,85.14,0.32,43.67,0.32,136.92,0.41,43.5,0.4,191.32,0.54,43.44,0.54,81.99,0.91,44.07,0.88,236.87,0.18,43.56,0.18,160.59,0.35,44.02,0.34,151.89,-1606,-1500,-1800,43.62166666666667,5.9399999999999995,0 days 00:10:01,True,36,-1606.0,-1600.0,-1609.0,-1612.0,-1610.0,-1613.0,TARGET
2026-08-14 01:30:47,26.34,71.01,0.75,43.27,0.72,241.03,0.84,43.96,0.85,181.26,0.08,42.64,0.08,327.66,0.31,44.48,0.31,174.11,0.79,43.73,0.77,138.48,0.46,43.1,0.47,100.48,0.32,43.84,0.31,139.02,0.41,43.9,0.4,156.62,0.54,43.61,0.55,69.49,0.91,44.19,0.93,259.82,0.18,43.56,0.18,194.26,0.35,44.19,0.35,141.53,-1600,-1500,-1800,43.70583333333334,5.919999999999999,0 days 00:10:00,True,36,-1606.0,-1606.0,-1600.0,-1609.0,-1612.0,-1610.0,TARGET
2026-08-14 01:40:47,26.23,70.98,0.75,43.44,0.76,202.3,0.84,43.67,0.82,230.79,0.08,42.7,0.08,327.66,0.31,44.36,0.32,185.32,0.79,43.33,0.82,154.36,0.46,43.61,0.47,84.21,0.32,44.02,0.32,118.28,0.41,43.73,0.42,178.0,0.54,43.27,0.52,83.15,0.91,43.79,0.93,271.88,0.18,43.61,0.18,206.4,0.35,43.79,0.36,173.55,-1601,-1500,-1800,43.61000000000001,6.000000000000001,0 days 00:10:00,True,36,-1600.0,-1606.0,-1606.0,-1600.0,-1609.0,-1612.0,TARGET
2026-08-14 01:50:46,25.86,72.45,0.75,43.79,0.74,167.28,0.84,43.61,0.81,234.71,0.08,42.41,0.08,327.66,0.31,44.19,0.32,194.35,0.79,43.61,0.76,139.87,0.46,43.37,0.47,85.86,0.32,43.61,0.33,148.7,0.41,43.96,0.42,151.5,0.54,43.04,0.52,82.21,0.91,43.73,0.92,327.66,0.18,43.21,0.18,263.5,0.35,44.19,0.34,140.12,-1602,-1500,-1800,43.56,5.889999999999999,0 days 00:09:59,True,36,-1601.0,-1600.0,-1606.0,-1606.0,-1600.0,-1609.0,TARGET
2026-08-14 02:00:46,25.69,72.54,0.75,43.61,0.77,186.89,0.84,43.73,0.85,213.04,0.08,42.35,0.08,327.66,0.31,43.96,0.32,221.54,0.79,43.79,0.82,128.56,0.46,43.33,0.46,90.5,0.32,43.79,0.31,116.52,0.41,43.9,0.41,167.72,0.54,43.04,0.55,82.71,0.91,44.12,0.88,233.23,0.18,43.15,0.18,213.51,0.35,44.07,0.35,136.83,-1601,-1500,-1800,43.57,5.979999999999999,0 days 00:10:00,True,36,-1602.0,-1601.0,-1600.0,-1606.0,-1606.0,-1600.0,TARGET
2026-08-14 02:10:46,25.8,72.11,0.75,43.33,0.75,241.03,0.84,44.12,0.81,181.73,0.08,42.46,0.08,327.66,0.31,44.02,0.3,225.12,0.79,43.61,0.78,135.39,0.46,42.93,0.47,102.34,0.32,43.84,0.31,125.25,0.41,43.61,0.4,179.37,0.54,43.15,0.56,81.93,0.91,44.07,0.88,245.18,0.18,43.56,0.18,191.82,0.35,44.12,0.34,155.48,-1592,-1500,-1800,43.568333333333335,5.86,0 days 00:10:00,True,36,-1601.0,-1602.0,-1601.0,-1600.0,-1606.0,-1606.0,TARGET
2026-08-14 02:20:47,25.86,72.2,0.75,43.84,0.72,167.5,0.84,43.9,0.86,190.69,0.08,42.64,0.08,327.66,0.31,44.36,0.3,187.8,0.79,43.37,0.81,167.76,0.46,42.87,0.46,102.97,0.32,43.9,0.32,124.29,0.41,43.96,0.42,150.08,0.54,43.56,0.52,73.85,0.91,44.25,0.92,226.29,0.18,43.44,0.18,215.51,0.35,43.67,0.34,159.17,-1596,-1500,-1800,43.64666666666667,5.93,0 days 00:10:01,True,36,-1592.0,-1601.0,-1602.0,-1601.0,-1600.0,-1606.0,TARGET
2026-08-14 02:30:47,25.69,72.51,0.75,43.84,0.75,167.5,0.84,43.61,0.87,227.01,0.08,42.46,0.08,327.66,0.31,44.19,0.32,206.06,0.79,43.37,0.79,169.83,0.46,43.33,0.46,89.79,0.32,43.5,0.32,148.31,0.41,43.79,0.4,161.44,0.54,43.15,0.55,79.08,0.91,43.84,0.94,296.19,0.18,43.61,0.18,200.43,0.35,43.84,0.34,171.62,-1599,-1500,-1800,43.544166666666676,6.0,0 days 00:10:00,True,36,-1596.0,-1592.0,-1601.0,-1602.0,-1601.0,-1600.0,TARGET
2026-08-14 02:40:47,25.69,72.63,0.75,43.44,0.74,183.42,0.84,44.07,0.85,181.5,0.08,42.7,0.08,327.66,0.31,44.36,0.31,180.57,0.79,43.73,0.77,137.28,0.46,43.04,0.45,98.31,0.32,43.44,0.31,153.05,0.41,43.73,0.41,175.51,0.54,43.44,0.56,82.37,0.91,43.73,0.92,266.66,0.18,43.27,0.18,280.38,0.35,44.12,0.36,133.09,-1595,-1500,-1800,43.589166666666664,5.94,0 days 00:10:00,True,36,-1599.0,-1596.0,-1592.0,-1601.0,-1602.0,-1601.0,TARGET
2026-08-14 02:50:46,25.75,73.18,0.75,43.79,0.77,169.32,0.84,44.12,0.84,181.73,0.08,42.64,0.08,327.66,0.31,44.02,0.31,228.81,0.79,43.37,0.77,160.17,0.46,43.37,0.45,85.98,0.32,43.84,0.32,131.33,0.41,43.67,0.42,179.6,0.54,43.61,0.56,70.56,0.91,44.02,0.91,273.66,0.18,43.15,0.18,262.79,0.35,44.07,0.36,150.26,-1596,-1500,-1800,43.63916666666666,5.97,0 days 00:09:59,True,36,-1595.0,-1599.0,-1596.0,-1592.0,-1601.0,-1602.0,TARGET
2026-08-14 03:00:46,25.69,73.3,0.75,43.73,0.76,173.32,0.84,43.73,0.87,198.09,0.08,42.64,0.08,327.66,0.31,44.36,0.3,185.32,0.79,43.79,0.79,131.14,0.46,43.27,0.46,92.07,0.32,43.67,0.32,147.31,0.41,43.96,0.4,167.94,0.54,43.37,0.56,76.42,0.91,43.73,0.89,289.25,0.18,43.44,0.18,241.67,0.35,44.12,0.34,139.92,-1596,-1500,-1800,43.65083333333333,5.949999999999998,0 days 00:10:00,True,36,-1596.0,-1595.0,-1599.0,-1596.0,-1592.0,-1601.0,TARGET
2026-08-14 03:10:46,25.69,73.45,0.75,43.73,0.76,164.85,0.84,44.07,0.84,174.92,0.08,42.64,0.08,327.66,0.31,44.48,0.32,173.87,0.79,43.37,0.77,176.37,0.46,43.04,0.47,99.48,0.32,43.9,0.32,121.95,0.41,44.02,0.42,157.03,0.54,43.04,0.53,87.48,0.91,43.73,0.88,301.44,0.18,43.1,0.18,291.15,0.35,43.73,0.36,167.28,-1594,-1500,-1800,43.57083333333333,5.93,0 days 00:10:00,True,36,-1596.0,-1596.0,-1595.0,-1599.0,-1596.0,-1592.0,TARGET
2026-08-14 03:20:47,25.91,73.03,0.75,43.27,0.76,211.36,0.84,44.07,0.84,194.35,0.08,42.41,0.08,327.66,0.31,44.3,0.32,189.84,0.79,43.73,0.81,136.12,0.46,43.37,0.45,84.5,0.32,43.79,0.32,129.92,0.41,43.79,0.42,169.32,0.54,43.5,0.54,76.62,0.91,43.84,0.88,327.66,0.18,42.75,0.18,294.69,0.35,43.67,0.34,138.48,-1588,-1500,-1800,43.54083333333333,5.9399999999999995,0 days 00:10:01,True,36,-1594.0,-1596.0,-1596.0,-1595.0,-1599.0,-1596.0,ABOVE
2026-08-14 03:30:47,25.8,73.67,0.75,43.33,0.78,208.43,0.84,44.02,0.83,183.4,0.08,42.46,0.08,327.66,0.31,43.9,0.31,228.21,0.79,43.5,0.78,153.25,0.46,43.21,0.45,94.62,0.32,43.56,0.31,148.31,0.41,43.9,0.42,167.94,0.54,43.21,0.53,80.97,0.91,44.25,0.91,250.54,0.18,43.21,0.18,304.09,0.35,43.96,0.34,156.62,-1585,-1500,-1800,43.5425,5.92,0 days 00:10:00,True,36,-1588.0,-1594.0,-1596.0,-1596.0,-1595.0,-1599.0,ABOVE
2026-08-14 03:40:47,25.86,73.09,0.75,43.73,0.76,169.1,0.84,43.61,0.83,223.06,0.08,42.35,0.08,327.66,0.31,44.48,0.3,153.28,0.79,43.96,0.76,132.75,0.46,43.1,0.47,96.92,0.32,43.9,0.33,118.98,0.41,43.61,0.42,200.69,0.54,43.15,0.53,83.43,0.91,44.02,0.9,268.41,0.18,43.5,0.18,215.79,0.35,43.67,0.35,172.87,-1596,-1500,-1800,43.589999999999996,5.91,0 days 00:10:00,True,36,-1585.0,-1588.0,-1594.0,-1596.0,-1596.0,-1595.0,TARGET
2026-08-14 03:50:47,26.12,72.35,0.75,43.37,0.78,202.3,0.84,43.67,0.87,223.35,0.08,42.7,0.08,327.66,0.31,44.02,0.32,327.66,0.79,43.44,0.79,152.84,0.46,43.04,0.47,94.12,0.32,43.73,0.32,137.47,0.41,43.61,0.42,179.6,0.54,43.15,0.55,80.86,0.91,44.3,0.93,242.21,0.18,43.37,0.18,327.66,0.35,43.44,0.36,176.6,-1589,-1500,-1800,43.48666666666667,6.069999999999999,0 days 00:10:00,True,36,-1596.0,-1585.0,-1588.0,-1594.0,-1596.0,-1596.0,ABOVE
2026-08-14 07:10:46,26.34,72.2,0.75,43.73,0.74,165.29,0.84,43.9,0.85,195.81,0.08,42.46,0.08,327.66,0.31,44.25,0.32,179.64,0.79,43.96,0.81,128.89,0.46,43.27,0.47,100.15,0.32,43.5,0.32,145.19,0.41,43.84,0.41,159.59,0.54,43.44,0.54,75.07,0.91,43.79,0.88,289.25,0.18,43.84,0.18,195.81,0.35,43.73,0.36,171.41,-1607,-1500,-1800,43.642500000000005,5.959999999999999,0 days 00:09:59,True,37,-1596.0,-1587.0,-1592.0,-1592.0,-1586.0,-1587.0,TARGET
2026-08-14 07:20:46,26.6,72.08,0.75,43.67,0.74,172.87,0.84,44.07,0.84,181.73,0.08,42.46,0.08,327.66,0.31,43.9,0.32,207.76,0.79,43.67,0.78,139.69,0.46,43.21,0.46,88.52,0.32,43.56,0.31,156.95,0.41,43.79,0.42,163.12,0.54,43.73,0.56,70.03,0.91,43.79,0.93,261.62,0.18,43.04,0.18,296.68,0.35,44.07,0.34,147.11,-1600,-1500,-1800,43.58000000000001,5.959999999999999,0 days 00:10:00,True,37,-1607.0,-1596.0,-1587.0,-1592.0,-1592.0,-1586.0,TARGET
2026-08-14 07:30:46,26.6,72.17,0.75,43.79,0.73,171.41,0.84,44.02,0.83,178.94,0.08,42.81,0.08,327.66,0.35,43.9,0.36,154.47,0.79,43.79,0.79,127.21,0.46,43.33,0.46,96.88,0.32,43.84,0.33,156.2,0.41,44.07,0.41,139.75,0.54,43.73,0.56,74.04,0.91,43.84,0.94,267.71,0.18,43.27,0.18,258.87,0.35,43.96,0.34,150.08,-1599,-1500,-1800,43.69583333333333,6.01,0 days 00:10:00,True,37,-1600.0,-1607.0,-1596.0,-1587.0,-1592.0,-1592.0,TARGET
2026-08-14 07:40:47,26.82,71.62,0.75,43.5,0.73,199.9,0.84,44.02,0.84,172.31,0.08,42.7,0.08,327.66,0.31,43.9,0.32,224.82,0.79,43.5,0.78,163.99,0.46,43.27,0.46,92.7,0.32,43.79,0.31,126.38,0.41,44.02,0.42,149.87,0.54,43.67,0.54,73.65,0.91,43.9,0.94,283.72,0.18,43.27,0.18,274.76,0.35,44.3,0.34,122.0,-1595,-1500,-1800,43.653333333333336,5.9399999999999995,0 days 00:10:01,True,37,-1599.0,-1600.0,-1607.0,-1596.0,-1587.0,-1592.0,TARGET
2026-08-14 07:50:47,27.14,70.43,0.75,43.27,0.78,217.78,0.84,44.02,0.86,181.26,0.08,42.24,0.08,327.66,0.31,44.53,0.32,174.33,0.79,43.61,0.8,153.86,0.46,43.37,0.46,87.5,0.32,43.67,0.31,138.28,0.41,43.61,0.4,181.97,0.54,43.56,0.56,72.21,0.91,43.9,0.89,268.06,0.18,43.27,0.18,279.63,0.35,43.61,0.34,170.96,-1603,-1500,-1800,43.555,5.9799999999999995,0 days 00:10:00,True,37,-1595.0,-1599.0,-1600.0,-1607.0,-1596.0,-1587.0,TARGET
2026-08-14 08:00:47,27.4,69.67,0.75,43.21,0.74,224.62,0.84,43.79,0.85,210.37,0.08,42.58,0.08,327.66,0.31,44.53,0.32,162.09,0.79,43.56,0.79,177.07,0.46,43.37,0.45,92.32,0.32,43.84,0.33,129.92,0.41,43.61,0.4,197.57,0.54,43.33,0.52,82.25,0.91,44.25,0.92,237.79,0.18,43.37,0.18,264.54,0.35,43.79,0.36,163.12,-1612,-1500,-1800,43.6025,5.94,0 days 00:10:00,True,37,-1603.0,-1595.0,-1599.0,-1600.0,-1607.0,-1596.0,BELOW
2026-08-14 08:10:46,27.56,69.12,0.75,43.79,0.76,156.0,0.84,43.5,0.85,226.12,0.08,42.58,0.08,327.66,0.31,44.07,0.3,222.12,0.79,43.56,0.82,154.98,0.46,43.27,0.47,90.86,0.32,43.84,0.32,125.07,0.41,43.96,0.4,151.5,0.54,43.15,0.54,83.04,0.91,44.19,0.89,222.12,0.18,43.61,0.18,200.43,0.35,43.84,0.36,171.62,-1615,-1500,-1800,43.61333333333334,5.97,0 days 00:09:59,True,37,-1612.0,-1603.0,-1595.0,-1599.0,-1600.0,-1607.0,BELOW
2026-08-14 08:20:46,27.83,68.54,0.75,43.21,0.73,214.09,0.84,43.5,0.87,255.43,0.08,42.75,0.08,270.75,0.31,44.53,0.31,170.12,0.79,43.37,0.76,162.06,0.46,43.21,0.45,93.97,0.32,43.84,0.33,134.97,0.41,44.12,0.4,147.3,0.54,43.21,0.52,83.66,0.91,43.84,0.89,315.97,0.18,43.61,0.18,192.08,0.35,43.84,0.34,156.2,-1611,-1500,-1800,43.58583333333333,5.859999999999999,0 days 00:10:00,True,37,-1615.0,-1612.0,-1603.0,-1595.0,-1599.0,-1600.0,BELOW
2026-08-14 08:30:46,27.88,68.39,0.75,43.84,0.78,173.55,0.84,44.07,0.86,168.37,0.08,42.18,0.08,327.66,0.31,44.07,0.32,202.54,0.79,44.19,0.78,134.89,0.46,43.5,0.45,83.59,0.32,43.67,0.33,130.47,0.41,43.61,0.42,162.7,0.54,43.33,0.52,80.22,0.91,43.84,0.9,257.44,0.18,43.21,0.18,207.61,0.35,43.84,0.34,165.5,-1615,-1500,-1800,43.612500000000004,5.960000000000001,0 days 00:10:00,True,37,-1611.0,-1615.0,-1612.0,-1603.0,-1595.0,-1599.0,BELOW
2026-08-14 08:40:47,28.53,66.62,0.75,43.33,0.76,208.15,0.84,43.5,0.84,233.78,0.08,42.52,0.08,327.66,0.35,43.9,0.34,163.76,0.79,43.67,0.79,150.51,0.46,43.37,0.46,82.75,0.32,43.79,0.32,136.12,0.41,43.61,0.41,186.89,0.54,43.15,0.54,80.97,0.91,44.36,0.92,230.6,0.18,43.21,0.18,274.04,0.35,44.19,0.36,138.73,-1617,-1500,-1800,43.550000000000004,6.0,0 days 00:10:01,True,37,-1615.0,-1611.0,-1615.0,-1612.0,-1603.0,-1595.0,BELOW
2026-08-14 08:50:47,29.06,65.12,0.75,43.73,0.74,180.08,0.84,44.07,0.86,170.21,0.08,42.24,0.08,327.66,0.31,44.48,0.31,167.67,0.79,43.61,0.81,146.92,0.46,42.98,0.45,100.35,0.32,44.02,0.31,116.31,0.41,44.12,0.42,144.25,0.54,43.5,0.53,75.87,0.91,43.67,0.91,276.96,0.18,43.73,0.18,198.35,0.35,44.19,0.34,139.92,-1617,-1500,-1800,43.695,5.94,0 days 00:10:00,True,37,-1617.0,-1615.0,-1611.0,-1615.0,-1612.0,-1603.0,BELOW
2026-08-14 10:40:47,31.68,56.21,0.75,43.5,0.74,197.3,0.84,43.5,0.86,218.94,0.08,42.75,0.08,327.66,0.31,44.36,0.3,177.83,0.79,43.56,0.82,151.76,0.46,42.98,0.47,100.82,0.32,43.56,0.32,151.56,0.41,43.96,0.4,163.99,0.54,43.67,0.52,70.92,0.91,44.19,0.89,254.76,0.18,43.44,0.18,245.98,0.35,44.12,0.36,141.16,-1640,-1500,-1800,43.6325,5.9399999999999995,0 days 00:10:01,True,37,-1631.0,-1637.0,-1635.0,-1635.0,-1629.0,-1631.0,BELOW
2026-08-14 10:50:47,32.05,55.6,0.75,43.56,0.72,186.39,0.84,44.19,0.87,175.15,0.08,42.46,0.08,327.66,0.31,44.42,0.31,173.87,0.79,43.37,0.81,165.74,0.46,43.5,0.46,86.09,0.32,43.79,0.31,131.14,0.41,43.61,0.42,192.33,0.79,43.5,0.81,148.5,0.91,44.19,0.93,249.89,0.18,43.56,0.18,242.31,0.35,43.9,0.35,160.0,-1639,-1500,-1800,43.67083333333334,6.249999999999999,0 days 00:10:00,True,37,-1640.0,-1631.0,-1637.0,-1635.0,-1635.0,-1629.0,BELOW
2026-08-14 12:00:47,33.92,50.83,0.75,43.84,0.78,167.5,0.84,44.07,0.81,194.1,0.08,42.75,0.08,327.66,0.31,44.25,0.31,182.21,0.79,43.9,0.81,132.75,0.46,43.5,0.46,80.18,0.32,43.56,0.33,146.92,0.41,43.56,0.41,194.53,0.79,43.79,0.76,133.33,0.91,44.07,0.88,254.1,0.18,42.98,0.18,296.29,0.35,43.84,0.36,175.98,-1640,-1500,-1800,43.67583333333334,6.17,0 days 00:10:00,True,37,-1642.0,-1643.0,-1638.0,-1637.0,-1641.0,-1635.0,BELOW
2026-08-14 12:10:47,33.76,51.23,0.75,43.37,0.75,165.51,0.84,43.56,0.82,222.76,0.08,42.52,0.08,327.66,0.31,44.12,0.3,189.35,0.79,43.96,0.8,127.88,0.46,43.5,0.47,82.98,0.32,43.44,0.33,163.99,0.41,44.19,0.4,147.48,0.54,43.79,0.53,75.04,0.46,43.44,0.46,87.62,0.18,43.61,0.18,230.49,0.35,43.73,0.35,175.75,-1637,-1500,-1800,43.6025,5.469999999999999,0 days 00:10:00,True,37,-1640.0,-1642.0,-1643.0,-1638.0,-1637.0,-1641.0,BELOW
2026-08-14 12:20:47,34.19,50.44,0.75,43.84,0.77,159.8,0.84,44.12,0.82,199.9,0.08,42.29,0.08,327.66,0.31,44.36,0.31,177.83,0.79,43.73,0.82,138.66,0.46,43.37,0.46,89.43,0.32,44.07,0.32,113.77,0.41,43.67,0.4,154.98,0.54,43.27,0.53,78.4,0.91,44.3,0.93,237.79,0.32,43.9,0.33,128.56,0.35,44.25,0.36,146.14,-1638,-1500,-1800,43.76416666666666,6.13,0 days 00:10:00,True,37,-1637.0,-1640.0,-1642.0,-1643.0,-1638.0,-1637.0,BELOW
2026-08-14 12:40:46,34.35,49.89,0.75,43.9,0.74,158.19,0.84,44.07,0.82,170.43,0.08,42.7,0.08,327.66,0.31,44.12,0.3,206.06,0.79,43.61,0.81,145.37,0.46,43.37,0.45,94.22,0.32,43.9,0.31,129.06,0.41,43.73,0.4,175.51,0.54,43.79,0.52,70.47,0.91,44.42,0.89,234.74,0.18,43.27,0.18,285.84,0.35,44.07,0.36,142.59,-1633,-1500,-1800,43.74583333333334,5.859999999999999,0 days 00:09:59,True,37,-1639.0,-1638.0,-1637.0,-1640.0,-1642.0,-1643.0,BELOW
2026-08-14 12:50:47,34.67,49.0,0.75,43.9,0.76,158.19,0.84,43.9,0.87,204.72,0.08,42.64,0.08,327.66,0.31,44.36,0.31,195.37,0.79,43.96,0.81,130.27,0.46,43.37,0.45,97.68,0.32,43.67,0.31,142.75,0.41,44.02,0.42,155.28,0.54,43.44,0.55,81.5,0.91,44.25,0.88,237.79,0.18,43.79,0.18,213.6,0.35,44.36,0.35,136.56,-1633,-1500,-1800,43.805,5.97,0 days 00:10:01,True,37,-1633.0,-1639.0,-1638.0,-1637.0,-1640.0,-1642.0,BELOW
2026-08-14 14:10:47,34.4,50.01,0.75,43.96,0.77,156.41,0.84,43.56,0.85,222.76,0.08,42.29,0.08,327.66,0.31,44.3,0.32,192.44,0.79,43.5,0.82,162.26,0.46,43.5,0.45,87.3,0.32,43.73,0.31,137.11,0.41,43.73,0.41,187.62,0.54,43.79,0.55,74.15,0.91,43.96,0.89,290.76,0.18,43.73,0.18,195.3,0.35,44.07,0.34,148.67,-1642,-1500,-1800,43.67666666666668,5.969999999999999,0 days 00:10:00,True,38,-1637.0,-1644.0,-1639.0,-1639.0,-1638.0,-1637.0,BELOW
2026-08-14 14:20:47,34.19,50.04,0.75,43.73,0.77,177.76,0.84,44.19,0.82,164.84,0.08,42.52,0.08,327.66,0.31,44.07,0.31,189.1,0.79,44.02,0.81,130.44,0.46,43.15,0.47,97.74,0.32,44.02,0.33,125.74,0.41,44.19,0.42,147.3,0.54,43.73,0.54,70.03,0.91,44.3,0.88,222.99,0.18,43.37,0.18,269.74,0.35,43.73,0.35,171.18,-1642,-1500,-1800,43.751666666666665,5.959999999999999,0 days 00:10:00,True,38,-1642.0,-1637.0,-1644.0,-1639.0,-1639.0,-1638.0,BELOW
2026-08-14 14:30:47,34.13,50.28,0.75,43.84,0.75,185.37,0.84,44.19,0.86,172.98,0.08,42.75,0.08,327.66,0.31,44.19,0.32,186.58,0.79,43.79,0.82,144.44,0.46,43.1,0.46,101.36,0.32,44.02,0.33,119.29,0.41,43.9,0.42,171.62,0.54,43.44,0.54,81.03,0.91,44.3,0.9,238.11,0.18,43.73,0.18,189.7,0.35,44.25,0.35,136.2,-1644,-1500,-1800,43.791666666666664,6.01,0 days 00:10:00,True,38,-1642.0,-1642.0,-1637.0,-1644.0,-1639.0,-1639.0,BELOW
2026-08-14 15:20:47,34.08,51.81,0.75,43.67,0.72,179.6,0.84,43.9,0.82,204.72,0.08,42.58,0.08,327.66,0.31,43.84,0.32,211.47,0.79,43.96,0.78,136.64,0.46,43.61,0.45,84.73,0.32,43.44,0.32,153.05,0.41,44.02,0.4,158.59,0.54,43.37,0.53,82.75,0.91,44.36,0.9,251.18,0.18,43.37,0.18,259.9,0.35,44.02,0.34,158.81,-1647,-1500,-1800,43.678333333333335,5.84,0 days 00:10:00,True,38,-1643.0,-1640.0,-1640.0,-1641.0,-1644.0,-1642.0,BELOW
2026-08-14 21:40:48,26.12,89.63,0.75,43.9,0.72,232.01,0.84,43.73,0.85,239.07,0.08,42.58,0.08,327.66,0.31,44.36,0.32,161.89,0.79,43.61,0.82,139.69,0.46,43.27,0.47,87.5,0.32,43.67,0.31,133.14,0.41,43.84,0.4,171.86,0.54,43.5,0.56,74.15,0.91,43.9,0.9,253.43,0.18,43.73,0.18,195.3,0.35,43.61,0.35,172.87,-1642,-1500,-1800,43.64166666666667,5.959999999999999,0 days 00:10:00,True,38,-1643.0,-1636.0,-1645.0,-1649.0,-1644.0,-1648.0,BELOW
2026-08-14 21:50:47,26.02,89.54,0.75,43.37,0.72,327.66,0.84,43.56,0.83,212.48,0.08,42.58,0.08,327.66,0.31,44.36,0.31,173.43,0.79,43.5,0.77,148.31,0.46,43.21,0.45,92.57,0.32,43.56,0.33,168.43,0.41,43.73,0.41,171.18,0.54,43.1,0.55,83.32,0.91,44.12,0.93,237.49,0.18,43.37,0.18,250.12,0.35,43.84,0.36,140.42,-1631,-1500,-1800,43.525000000000006,5.92,0 days 00:09:59,True,38,-1642.0,-1643.0,-1636.0,-1645.0,-1649.0,-1644.0,BELOW
2026-08-14 22:00:47,26.18,85.94,0.75,43.67,0.78,162.91,0.84,44.12,0.86,174.69,0.08,42.58,0.08,327.66,0.31,44.3,0.31,216.12,0.79,43.84,0.79,119.68,0.46,43.37,0.46,81.76,0.32,43.84,0.32,125.41,0.41,44.02,0.41,142.42,0.54,43.56,0.55,73.76,0.91,43.79,0.92,289.63,0.18,43.56,0.18,206.14,0.35,44.19,0.36,132.19,-1641,-1500,-1800,43.73666666666667,6.02,0 days 00:10:00,True,38,-1631.0,-1642.0,-1643.0,-1636.0,-1645.0,-1649.0,BELOW
2026-08-14 22:10:47,26.07,89.02,0.75,43.79,0.73,152.56,0.84,43.84,0.82,198.61,0.08,42.29,0.08,327.66,0.31,44.42,0.31,163.76,0.79,43.79,0.76,140.23,0.46,43.37,0.46,87.06,0.32,43.73,0.33,130.81,0.41,43.96,0.4,156.62,0.54,43.56,0.55,68.03,0.91,44.07,0.91,327.66,0.18,43.27,0.18,285.84,0.35,44.25,0.35,131.12,-1632,-1500,-1800,43.69499999999999,5.88,0 days 00:10:00,True,38,-1641.0,-1631.0,-1642.0,-1643.0,-1636.0,-1645.0,BELOW
2026-08-14 22:20:47,26.02,89.17,0.75,43.27,0.78,202.04,0.84,44.02,0.86,183.89,0.08,42.41,0.08,327.66,0.31,44.3,0.32,187.31,0.79,43.96,0.81,122.27,0.46,43.04,0.45,98.18,0.32,43.61,0.32,114.14,0.41,44.12,0.41,145.75,0.54,43.67,0.52,72.5,0.91,44.19,0.93,225.7,0.18,43.5,0.18,327.66,0.35,43.79,0.36,154.67,-1623,-1500,-1800,43.656666666666666,6.0200000000000005,0 days 00:10:00,True,38,-1632.0,-1641.0,-1631.0,-1642.0,-1643.0,-1636.0,BELOW
2026-08-14 22:30:48,26.07,88.62,0.75,43.37,0.78,193.76,0.84,44.07,0.83,168.37,0.08,42.29,0.08,327.66,0.31,44.25,0.32,180.1,0.79,43.44,0.76,153.05,0.46,42.98,0.46,100.95,0.32,43.96,0.32,121.36,0.41,43.61,0.42,187.12,0.54,43.61,0.55,69.04,0.91,44.3,0.89,230.29,0.18,43.5,0.18,181.49,0.35,44.07,0.34,141.16,-1624,-1500,-1800,43.62083333333334,5.929999999999999,0 days 00:10:01,True,38,-1623.0,-1632.0,-1641.0,-1631.0,-1642.0,-1643.0,BELOW
2026-08-14 22:40:48,26.07,88.75,0.75,43.44,0.75,191.32,0.84,43.61,0.87,212.76,0.08,42.24,0.08,327.66,0.31,44.19,0.31,189.35,0.79,43.44,0.77,153.25,0.46,43.15,0.45,93.72,0.32,43.61,0.32,144.06,0.41,43.61,0.42,187.12,0.54,43.37,0.54,79.97,0.91,43.9,0.92,257.44,0.18,43.5,0.18,205.6,0.35,43.73,0.35,165.29,-1629,-1500,-1800,43.482499999999995,5.959999999999999,0 days 00:10:00,True,38,-1624.0,-1623.0,-1632.0,-1641.0,-1631.0,-1642.0,BELOW
2026-08-14 22:50:48,25.86,88.87,0.75,43.56,0.78,179.37,0.84,43.67,0.84,213.04,0.08,42.64,0.08,327.66,0.31,44.02,0.3,214.73,0.79,43.5,0.8,146.53,0.46,42.98,0.47,105.64,0.32,43.44,0.31,149.92,0.41,43.67,0.42,179.84,0.54,43.61,0.54,73.17,0.91,44.02,0.94,249.24,0.18,43.56,0.18,205.87,0.35,44.02,0.34,153.37,-1624,-1500,-1800,43.557500000000005,5.999999999999998,0 days 00:10:00,True,38,-1629.0,-1624.0,-1623.0,-1632.0,-1641.0,-1631.0,BELOW
2026-08-14 23:00:47,25.8,89.3,0.75,43.61,0.72,172.87,0.84,43.79,0.82,201.48,0.08,42.35,0.08,327.66,0.31,44.3,0.32,184.84,0.79,43.61,0.77,136.73,0.46,43.37,0.47,78.61,0.32,43.79,0.31,130.98,0.41,43.73,0.4,168.87,0.54,43.33,0.56,81.87,0.91,44.12,0.88,229.1,0.18,43.37,0.18,233.78,0.35,44.07,0.34,129.39,-1628,-1500,-1800,43.620000000000005,5.849999999999999,0 days 00:09:59,True,38,-1624.0,-1629.0,-1624.0,-1623.0,-1632.0,-1641.0,BELOW
2026-08-14 23:10:47,26.02,86.46,0.75,43.79,0.73,156.0,0.84,43.84,0.87,190.44,0.08,42.7,0.08,327.66,0.31,43.84,0.32,210.64,0.79,43.84,0.76,115.85,0.46,43.33,0.47,88.06,0.32,43.56,0.32,150.12,0.41,44.02,0.42,143.89,0.54,43.44,0.52,79.61,0.91,44.07,0.94,258.79,0.18,43.56,0.18,209.26,0.35,44.25,0.35,134.73,-1620,-1500,-1800,43.68666666666667,5.959999999999999,0 days 00:10:00,True,38,-1628.0,-1624.0,-1629.0,-1624.0,-1623.0,-1632.0,BELOW
2026-08-14 23:20:47,25.91,88.81,0.75,43.73,0.72,161.44,0.84,43.96,0.86,181.26,0.08,42.64,0.08,327.66,0.31,43.79,0.32,210.37,0.79,43.61,0.77,141.3,0.46,43.5,0.46,84.1,0.32,43.96,0.31,110.48,0.41,43.79,0.4,175.75,0.54,43.67,0.52,72.5,0.91,44.07,0.88,233.23,0.18,43.5,0.18,237.81,0.35,44.07,0.34,126.88,-1625,-1500,-1800,43.69083333333333,5.839999999999999,0 days 00:10:00,True,38,-1620.0,-1628.0,-1624.0,-1629.0,-1624.0,-1623.0,BELOW
2026-08-14 23:30:47,25.86,89.14,0.75,43.27,0.76,198.84,0.84,44.07,0.87,172.53,0.08,42.7,0.08,327.66,0.31,44.07,0.32,189.1,0.79,43.84,0.81,147.89,0.46,42.98,0.47,101.71,0.32,44.02,0.31,123.35,0.41,43.61,0.41,150.31,0.54,43.33,0.54,74.26,0.91,43.73,0.94,327.66,0.18,43.56,0.18,223.06,0.35,44.02,0.34,160.42,-1621,-1500,-1800,43.6,6.029999999999999,0 days 00:10:00,True,38,-1625.0,-1620.0,-1628.0,-1624.0,-1629.0,-1624.0,BELOW
2026-08-14 23:40:48,25.86,88.72,0.75,43.37,0.74,211.64,0.84,44.02,0.87,205.51,0.08,42.64,0.08,327.66,0.31,43.9,0.31,207.5,0.79,43.96,0.8,122.27,0.46,42.93,0.47,100.95,0.32,44.02,0.31,119.29,0.41,43.56,0.41,197.3,0.54,43.44,0.56,76.51,0.91,43.61,0.92,266.29,0.18,43.1,0.18,327.66,0.35,44.07,0.35,143.89,-1618,-1500,-1800,43.55166666666667,5.999999999999999,0 days 00:10:01,True,38,-1621.0,-1625.0,-1620.0,-1628.0,-1624.0,-1629.0,BELOW
2026-08-14 23:50:48,25.91,88.78,0.75,43.27,0.78,214.37,0.84,43.61,0.83,216.09,0.08,42.64,0.08,327.66,0.31,44.25,0.3,171.1,0.79,43.79,0.79,126.21,0.46,43.15,0.45,98.31,0.32,43.56,0.32,148.5,0.41,43.79,0.4,163.34,0.54,43.15,0.52,80.01,0.91,43.96,0.89,244.54,0.18,43.04,0.18,303.28,0.35,43.9,0.36,149.67,-1620,-1500,-1800,43.509166666666665,5.9,0 days 00:10:00,True,38,-1618.0,-1621.0,-1625.0,-1620.0,-1628.0,-1624.0,BELOW
2026-08-15 00:00:48,25.86,89.33,0.75,43.21,0.76,207.61,0.84,43.67,0.84,210.09,0.08,42.58,0.08,327.66,0.31,44.07,0.3,185.85,0.79,43.67,0.82,128.05,0.46,43.15,0.46,91.71,0.32,43.33,0.31,144.81,0.41,44.07,0.4,150.26,0.54,43.33,0.52,74.76,0.91,43.79,0.88,252.11,0.18,43.5,0.18,237.18,0.35,44.07,0.35,138.37,-1614,-1500,-1800,43.53666666666666,5.8999999999999995,0 days 00:10:00,True,38,-1620.0,-1618.0,-1621.0,-1625.0,-1620.0,-1628.0,BELOW
2026-08-15 00:10:47,25.53,89.02,0.75,43.44,0.72,194.01,0.84,43.56,0.82,238.12,0.08,42.52,0.08,327.66,0.31,44.02,0.3,188.61,0.79,43.79,0.82,126.38,0.46,43.37,0.45,79.86,0.32,43.61,0.32,151.56,0.41,44.02,0.41,156.81,0.54,43.44,0.52,75.68,0.91,43.73,0.9,247.28,0.18,43.21,0.18,268.66,0.35,43.61,0.36,173.1,-1611,-1500,-1800,43.526666666666664,5.880000000000001,0 days 00:09:59,True,38,-1614.0,-1620.0,-1618.0,-1621.0,-1625.0,-1620.0,BELOW
2026-08-15 00:20:47,25.37,89.3,0.75,43.44,0.76,211.92,0.84,43.5,0.82,215.51,0.08,42.06,0.08,327.66,0.31,44.19,0.31,177.36,0.79,43.67,0.82,135.75,0.46,43.1,0.45,97.05,0.32,43.67,0.32,128.05,0.41,43.84,0.42,169.32,0.54,43.04,0.52,88.62,0.91,44.07,0.89,254.43,0.18,43.21,0.18,268.31,0.35,43.61,0.34,177.3,-1614,-1500,-1800,43.449999999999996,5.909999999999999,0 days 00:10:00,True,38,-1611.0,-1614.0,-1620.0,-1618.0,-1621.0,-1625.0,BELOW
2026-08-15 00:30:47,25.43,88.96,0.75,43.79,0.78,159.8,0.84,44.02,0.86,178.94,0.08,42.52,0.08,327.66,0.31,44.19,0.32,197.35,0.79,43.73,0.77,130.98,0.46,42.75,0.45,103.62,0.32,43.44,0.31,109.18,0.41,43.96,0.4,155.08,0.54,43.56,0.53,71.93,0.91,43.96,0.93,232.01,0.18,43.44,0.18,229.58,0.35,43.84,0.36,147.89,-1617,-1500,-1800,43.599999999999994,5.97,0 days 00:10:00,True,38,-1614.0,-1611.0,-1614.0,-1620.0,-1618.0,-1621.0,BELOW
2026-08-15 00:40:47,25.27,89.2,0.75,43.79,0.73,165.07,0.84,43.61,0.83,219.51,0.08,42.06,0.08,327.66,0.31,44.25,0.32,189.84,0.79,43.61,0.81,155.59,0.46,42.93,0.47,105.5,0.32,43.73,0.32,138.66,0.31,44.19,0.3,187.07,0.54,43.5,0.52,74.15,0.91,43.61,0.89,322.03,0.18,43.5,0.18,208.71,0.35,43.73,0.34,159.17,-1608,-1500,-1800,43.5425,5.789999999999999,0 days 00:10:00,True,38,-1617.0,-1614.0,-1611.0,-1614.0,-1620.0,-1618.0,TARGET
2026-08-15 00:50:48,25.21,89.05,0.75,43.67,0.77,197.83,0.84,44.12,0.82,177.36,0.08,42.18,0.08,327.66,0.31,43.96,0.31,211.47,0.79,43.44,0.76,141.81,0.46,43.5,0.47,88.41,0.32,43.56,0.33,156.95,0.41,43.67,0.41,187.12,0.54,43.61,0.54,73.56,0.91,43.61,0.92,266.29,0.18,42.98,0.18,227.15,0.35,43.61,0.34,153.66,-1607,-1500,-1800,43.49250000000001,5.93,0 days 00:10:01,True,38,-1608.0,-1617.0,-1614.0,-1611.0,-1614.0,-1620.0,TARGET
2026-08-15 01:00:48,24.84,89.27,0.75,43.79,0.78,156.0,0.84,44.12,0.84,172.53,0.08,42.35,0.08,327.66,0.31,44.12,0.31,199.9,0.79,43.44,0.81,154.76,0.46,43.37,0.45,82.98,0.32,43.5,0.33,158.75,0.41,44.02,0.41,145.2,0.54,43.21,0.56,81.07,0.91,44.12,0.92,327.66,0.18,43.04,0.18,296.68,0.35,43.96,0.36,153.37,-1608,-1500,-1800,43.586666666666666,6.03,0 days 00:10:00,True,38,-1607.0,-1608.0,-1617.0,-1614.0,-1611.0,-1614.0,TARGET
2026-08-15 01:10:47,25.16,88.9,0.75,43.44,0.75,188.95,0.84,44.07,0.87,183.89,0.08,42.12,0.08,327.66,0.31,44.02,0.31,183.89,0.79,43.44,0.78,183.9,0.46,43.33,0.45,85.86,0.32,43.84,0.31,124.29,0.41,43.61,0.41,189.7,0.54,42.98,0.53,83.61,0.91,43.96,0.93,225.12,0.18,43.61,0.18,327.66,0.35,44.07,0.36,142.59,-1610,-1500,-1800,43.54083333333333,5.96,0 days 00:09:59,True,38,-1608.0,-1607.0,-1608.0,-1617.0,-1614.0,-1611.0,TARGET
2026-08-15 01:20:47,25.16,89.02,0.75,43.21,0.73,228.37,0.84,44.02,0.84,174.46,0.08,42.52,0.08,327.66,0.31,44.42,0.3,173.87,0.79,43.73,0.8,129.59,0.46,43.21,0.46,90.25,0.32,43.96,0.32,117.28,0.41,43.9,0.42,154.67,0.54,43.33,0.55,78.06,0.91,43.79,0.92,247.93,0.18,43.37,0.18,229.58,0.35,43.5,0.35,160.37,-1609,-1500,-1800,43.580000000000005,5.949999999999999,0 days 00:10:00,True,38,-1610.0,-1608.0,-1607.0,-1608.0,-1617.0,-1614.0,TARGET
2026-08-15 01:30:47,25.11,89.39,0.75,43.33,0.74,214.95,0.84,43.9,0.83,181.01,0.08,42.18,0.08,327.66,0.31,44.42,0.32,171.76,0.79,43.33,0.79,154.36,0.46,43.27,0.46,87.95,0.32,43.9,0.33,119.13,0.41,43.5,0.41,188.95,0.54,42.98,0.56,81.61,0.91,43.67,0.9,266.29,0.18,43.21,0.18,274.04,0.35,43.56,0.34,174.83,-1609,-1500,-1800,43.4375,5.9399999999999995,0 days 00:10:00,True,38,-1609.0,-1610.0,-1608.0,-1607.0,-1608.0,-1617.0,TARGET
2026-08-15 01:40:47,24.95,89.23,0.54,42.98,0.53,86.25,0.84,43.96,0.84,188.36,0.08,42.58,0.08,327.66,0.31,44.12,0.31,189.35,0.79,43.61,0.8,138.28,0.84,43.9,0.85,198.87,0.32,43.79,0.31,126.21,0.41,43.79,0.42,171.41,0.54,43.61,0.56,71.28,0.91,43.79,0.89,261.97,0.18,43.15,0.18,273.68,0.35,44.07,0.35,147.11,-1607,-1500,-1800,43.612500000000004,6.12,0 days 00:10:00,True,38,-1609.0,-1609.0,-1610.0,-1608.0,-1607.0,-1608.0,TARGET
2026-08-15 01:50:47,25.05,89.51,0.75,43.9,0.73,207.23,0.84,43.79,0.85,182.93,0.08,42.41,0.08,327.66,0.31,44.25,0.31,189.59,0.79,43.9,0.81,115.04,0.46,42.98,0.46,98.75,0.32,43.84,0.31,121.95,0.31,43.79,0.3,204.45,0.54,43.1,0.55,78.87,0.91,43.79,0.94,252.11,0.18,43.21,0.18,280.0,0.35,43.9,0.36,156.62,-1596,-1500,-1800,43.57166666666668,5.88,0 days 00:10:00,True,38,-1607.0,-1609.0,-1609.0,-1610.0,-1608.0,-1607.0,TARGET
2026-08-15 02:00:48,25.21,89.2,0.75,43.21,0.77,214.09,0.84,43.04,0.85,227.46,0.08,42.58,0.08,327.66,0.31,44.48,0.31,162.09,0.79,43.44,0.76,142.0,0.46,43.37,0.45,78.94,0.08,42.52,0.08,327.66,0.41,44.02,0.42,157.03,0.54,43.15,0.56,80.01,0.91,44.19,0.91,264.03,0.18,43.27,0.18,311.41,0.35,43.73,0.36,167.28,-1587,-1500,-1800,43.41666666666666,5.730000000000001,0 days 00:10:01,True,38,-1596.0,-1607.0,-1609.0,-1609.0,-1610.0,-1608.0,ABOVE
2026-08-15 02:10:48,25.37,85.6,0.75,43.21,0.72,201.5,0.84,44.02,0.84,158.39,0.08,42.58,0.08,327.66,0.31,43.96,0.32,217.51,0.79,43.67,0.81,131.87,0.46,42.93,0.45,119.55,0.32,43.56,0.32,147.12,0.41,44.07,0.4,144.06,0.54,43.27,0.53,81.76,0.91,43.96,0.93,244.22,0.18,43.33,0.18,236.56,0.35,43.67,0.35,162.91,-1595,-1500,-1800,43.519166666666656,5.93,0 days 00:10:00,True,38,-1587.0,-1596.0,-1607.0,-1609.0,-1609.0,-1610.0,TARGET
2026-08-15 02:20:47,25.27,88.96,0.75,43.33,0.78,211.36,0.84,43.56,0.86,265.6,0.08,42.41,0.08,327.66,0.31,44.12,0.3,229.1,0.79,43.44,0.78,145.0,0.46,43.27,0.46,87.95,0.32,43.9,0.31,114.89,0.41,43.56,0.42,300.25,0.54,43.33,0.55,76.75,0.91,44.07,0.88,236.87,0.18,43.37,0.18,221.59,0.35,43.73,0.34,154.06,-1593,-1500,-1800,43.50749999999999,5.9399999999999995,0 days 00:09:59,True,38,-1595.0,-1587.0,-1596.0,-1607.0,-1609.0,-1609.0,TARGET
2026-08-15 02:30:47,25.16,88.53,0.75,43.21,0.76,195.74,0.84,43.5,0.87,222.76,0.08,42.58,0.08,327.66,0.31,44.42,0.3,160.05,0.79,43.79,0.82,128.56,0.46,42.98,0.46,98.63,0.32,43.56,0.32,200.43,0.41,43.96,0.42,154.87,0.54,43.27,0.52,73.86,0.91,44.19,0.91,237.49,0.18,43.5,0.18,218.65,0.35,43.73,0.35,166.84,-1587,-1500,-1800,43.5575,5.989999999999998,0 days 00:10:00,True,38,-1593.0,-1595.0,-1587.0,-1596.0,-1607.0,-1609.0,ABOVE
2026-08-15 02:40:47,25.27,88.81,0.75,43.33,0.72,202.04,0.84,43.67,0.82,195.3,0.08,42.46,0.08,327.66,0.31,44.07,0.3,164.41,0.79,43.5,0.78,145.37,0.46,43.15,0.46,94.37,0.32,43.79,0.33,126.21,0.41,43.67,0.42,175.29,0.54,42.98,0.56,82.21,0.91,44.19,0.9,215.01,0.18,43.67,0.18,206.4,0.35,43.9,0.36,144.81,-1592,-1500,-1800,43.53166666666667,5.910000000000001,0 days 00:10:00,True,38,-1587.0,-1593.0,-1595.0,-1587.0,-1596.0,-1607.0,TARGET
2026-08-15 03:20:48,25.21,88.75,0.75,43.56,0.74,194.78,0.84,43.73,0.87,220.1,0.08,42.64,0.08,327.66,0.31,44.12,0.32,191.44,0.79,43.9,0.81,127.54,0.46,42.7,0.46,103.34,0.32,44.02,0.32,120.32,0.41,43.79,0.42,165.29,0.54,43.1,0.53,88.04,0.91,43.67,0.93,276.96,0.18,43.15,0.18,297.07,0.35,44.25,0.35,137.55,-1569,-1500,-1800,43.55250000000001,6.009999999999999,0 days 00:10:00,True,38,-1589.0,-1587.0,-1589.0,-1592.0,-1587.0,-1593.0,ABOVE
2026-08-15 03:30:47,25.32,85.94,0.75,43.67,0.74,175.29,0.84,43.84,0.82,185.37,0.08,42.52,0.08,327.66,0.31,44.42,0.3,160.05,0.79,43.5,0.79,149.92,0.46,43.33,0.45,84.8,0.32,44.02,0.33,114.39,0.41,43.84,0.4,157.76,0.54,43.37,0.54,73.76,0.91,44.12,0.93,241.26,0.18,43.04,0.18,303.68,0.35,43.5,0.34,168.43,-1569,-1500,-1800,43.597500000000004,5.9,0 days 00:09:59,True,38,-1569.0,-1589.0,-1587.0,-1589.0,-1592.0,-1587.0,ABOVE
2026-08-15 03:40:47,25.37,87.25,0.75,43.5,0.77,179.37,0.84,43.9,0.82,204.72,0.08,42.29,0.08,327.66,0.31,44.42,0.32,173.87,0.79,43.79,0.79,130.98,0.46,42.98,0.46,101.84,0.32,43.44,0.33,154.76,0.41,43.9,0.41,160.22,0.54,43.15,0.53,79.08,0.91,43.79,0.92,272.24,0.18,43.56,0.18,197.3,0.35,44.12,0.36,138.37,-1571,-1500,-1800,43.56999999999999,5.970000000000001,0 days 00:10:00,True,38,-1569.0,-1569.0,-1589.0,-1587.0,-1589.0,-1592.0,ABOVE
2026-08-15 03:50:47,25.27,88.41,0.75,43.27,0.77,232.54,0.84,43.9,0.86,193.6,0.08,42.41,0.08,327.66,0.31,43.9,0.32,208.04,0.79,43.67,0.82,128.05,0.46,43.33,0.46,84.8,0.32,43.84,0.33,126.38,0.41,43.84,0.4,149.48,0.54,43.04,0.52,84.24,0.91,44.19,0.9,229.7,0.18,43.21,0.18,291.53,0.35,43.61,0.34,166.4,-1569,-1500,-1800,43.51749999999999,5.98,0 days 00:10:00,True,38,-1571.0,-1569.0,-1569.0,-1589.0,-1587.0,-1589.0,ABOVE
2026-08-15 04:00:47,25.21,88.26,0.75,43.33,0.78,207.87,0.84,43.61,0.84,209.82,0.08,42.64,0.08,327.66,0.31,44.36,0.31,173.43,0.79,43.27,0.79,159.53,0.46,42.93,0.45,103.89,0.32,43.56,0.31,145.56,0.41,43.5,0.4,229.89,0.54,43.56,0.52,73.46,0.91,44.3,0.92,242.21,0.18,43.56,0.18,215.79,0.35,43.61,0.36,172.87,-1577,-1500,-1800,43.51916666666667,5.94,0 days 00:10:00,True,38,-1569.0,-1571.0,-1569.0,-1569.0,-1589.0,-1587.0,ABOVE
2026-08-15 04:10:48,25.27,88.11,0.54,43.61,0.56,71.28,0.84,43.9,0.81,210.92,0.08,42.64,0.08,327.66,0.31,44.48,0.3,133.22,0.79,43.79,0.76,118.67,0.46,42.87,0.47,103.75,0.32,43.61,0.33,117.2,0.41,44.02,0.42,146.92,0.54,43.21,0.52,75.6,0.91,43.61,0.91,282.24,0.18,43.67,0.18,251.78,0.35,43.9,0.36,139.02,-1566,-1500,-1800,43.60916666666666,5.7,0 days 00:10:01,True,38,-1577.0,-1569.0,-1571.0,-1569.0,-1569.0,-1589.0,ABOVE
2026-08-15 04:20:48,25.27,88.14,0.75,43.73,0.78,157.56,0.84,43.73,0.82,195.3,0.08,42.24,0.08,327.66,0.31,44.12,0.32,179.64,0.79,43.9,0.78,118.98,0.46,43.1,0.46,100.61,0.32,43.56,0.33,153.45,0.31,44.3,0.3,180.1,0.54,43.04,0.52,86.92,0.91,43.79,0.88,267.0,0.18,42.98,0.18,309.75,0.35,43.67,0.34,197.83,-1577,-1500,-1800,43.51333333333334,5.79,0 days 00:10:00,True,38,-1566.0,-1577.0,-1569.0,-1571.0,-1569.0,-1569.0,ABOVE
2026-08-15 04:30:48,25.16,88.29,0.75,43.56,0.72,186.64,0.84,44.07,0.83,172.53,0.08,42.18,0.08,327.66,0.31,43.84,0.32,227.9,0.79,43.84,0.8,125.25,0.46,43.27,0.45,87.83,0.32,43.5,0.31,154.76,0.41,43.56,0.42,189.2,0.54,43.56,0.56,69.04,0.91,43.67,0.9,294.63,0.18,43.21,0.18,279.25,0.35,44.02,0.36,142.42,-1566,-1500,-1800,43.52333333333333,5.930000000000001,0 days 00:10:00,True,38,-1577.0,-1566.0,-1577.0,-1569.0,-1571.0,-1569.0,ABOVE
2026-08-15 04:40:47,25.21,85.51,0.75,43.61,0.77,189.45,0.84,44.07,0.82,176.9,0.08,42.29,0.08,327.66,0.31,44.3,0.3,163.14,0.79,43.44,0.81,151.37,0.46,43.33,0.47,88.63,0.32,43.61,0.31,142.75,0.41,44.07,0.42,153.56,0.54,43.5,0.54,72.97,0.91,43.61,0.9,271.16,0.18,43.15,0.18,310.57,0.35,44.12,0.35,135.86,-1572,-1500,-1800,43.59166666666666,5.949999999999999,0 days 00:09:59,True,38,-1566.0,-1577.0,-1566.0,-1577.0,-1569.0,-1571.0,ABOVE
2026-08-15 04:50:47,25.16,87.83,0.75,43.61,0.75,184.39,0.84,43.84,0.82,198.61,0.08,42.24,0.08,327.66,0.31,44.07,0.32,202.54,0.79,43.9,0.77,121.95,0.46,43.21,0.46,85.52,0.32,43.79,0.31,122.71,0.41,44.07,0.42,147.11,0.54,43.37,0.56,79.61,0.91,43.79,0.9,327.66,0.18,43.04,0.18,290.75,0.35,43.61,0.36,181.97,-1571,-1500,-1800,43.54500000000001,5.930000000000001,0 days 00:10:00,True,38,-1572.0,-1566.0,-1577.0,-1566.0,-1577.0,-1569.0,ABOVE
2026-08-15 05:00:47,25.27,87.86,0.75,43.27,0.75,190.56,0.84,43.96,0.82,193.6,0.08,42.52,0.08,327.66,0.31,44.02,0.3,214.44,0.79,43.79,0.76,120.73,0.46,42.93,0.47,107.88,0.32,43.84,0.31,124.29,0.41,43.96,0.4,146.53,0.54,43.37,0.53,73.17,0.91,43.61,0.88,260.94,0.18,43.27,0.18,327.66,0.35,43.67,0.35,155.39,-1574,-1500,-1800,43.517500000000005,5.829999999999999,0 days 00:10:00,True,38,-1571.0,-1572.0,-1566.0,-1577.0,-1566.0,-1577.0,ABOVE
2026-08-15 06:00:47,25.05,87.19,0.75,43.9,0.73,152.97,0.84,43.5,0.86,281.87,0.08,42.24,0.08,327.66,0.31,44.3,0.32,161.47,0.79,43.61,0.82,134.27,0.46,43.37,0.45,80.92,0.32,43.84,0.31,139.02,0.41,43.79,0.4,167.28,0.54,42.98,0.55,82.1,0.91,44.02,0.9,221.54,0.18,43.67,0.18,192.33,0.35,43.61,0.35,164.42,-1572,-1500,-1800,43.56916666666667,5.95,0 days 00:10:00,True,38,-1565.0,-1569.0,-1560.0,-1570.0,-1563.0,-1574.0,ABOVE
2026-08-15 06:10:47,25.05,87.83,0.75,43.33,0.78,196.26,0.84,43.56,0.84,218.94,0.08,42.41,0.08,327.66,0.31,44.36,0.31,175.83,0.79,43.5,0.82,146.73,0.46,42.81,0.45,125.68,0.32,43.96,0.31,116.0,0.41,43.79,0.4,185.37,0.54,43.61,0.54,81.83,0.91,44.25,0.92,212.58,0.18,43.5,0.18,205.6,0.35,43.67,0.34,166.84,-1572,-1500,-1800,43.5625,5.97,0 days 00:10:00,True,38,-1572.0,-1565.0,-1569.0,-1560.0,-1570.0,-1563.0,ABOVE
2026-08-15 06:20:47,25.0,85.14,0.75,43.37,0.72,190.81,0.84,43.67,0.83,230.49,0.08,42.46,0.08,327.66,0.31,44.3,0.3,174.11,0.79,43.61,0.79,128.05,0.46,43.44,0.45,80.44,0.32,43.9,0.31,111.36,0.41,43.84,0.4,159.59,0.54,42.98,0.52,83.72,0.91,44.07,0.89,245.18,0.18,43.73,0.18,195.04,0.35,44.07,0.34,138.55,-1569,-1500,-1800,43.620000000000005,5.81,0 days 00:10:00,True,38,-1572.0,-1572.0,-1565.0,-1569.0,-1560.0,-1570.0,ABOVE
2026-08-15 06:30:48,25.05,88.04,0.75,43.56,0.78,186.89,0.84,43.79,0.81,198.09,0.08,42.41,0.08,327.66,0.31,44.53,0.3,164.2,0.79,43.61,0.77,132.8,0.46,43.27,0.46,85.98,0.32,43.37,0.33,214.95,0.41,43.79,0.41,152.56,0.54,43.1,0.53,80.97,0.91,44.02,0.88,253.76,0.18,43.44,0.18,222.18,0.35,43.96,0.35,127.88,-1568,-1500,-1800,43.57083333333333,5.88,0 days 00:10:01,True,38,-1569.0,-1572.0,-1572.0,-1565.0,-1569.0,-1560.0,ABOVE
2026-08-15 06:40:48,24.89,87.68,0.75,43.27,0.75,202.04,0.84,44.07,0.85,172.53,0.08,42.41,0.08,327.66,0.31,44.3,0.3,184.84,0.79,43.67,0.77,131.87,0.46,43.33,0.47,87.39,0.32,43.96,0.31,112.41,0.41,43.9,0.42,158.39,0.54,43.61,0.52,68.79,0.91,43.67,0.91,288.5,0.18,43.44,0.18,250.78,0.35,43.96,0.36,136.64,-1577,-1500,-1800,43.6325,5.92,0 days 00:10:00,True,38,-1568.0,-1569.0,-1572.0,-1572.0,-1565.0,-1569.0,ABOVE
2026-08-15 06:50:48,25.0,87.68,0.75,43.73,0.73,162.91,0.84,44.12,0.86,174.69,0.08,42.12,0.08,327.66,0.31,44.3,0.32,167.24,0.79,43.37,0.77,156.31,0.46,43.37,0.46,83.88,0.32,43.84,0.33,120.16,0.41,43.96,0.4,158.39,0.54,43.27,0.56,74.97,0.91,43.67,0.92,271.88,0.18,43.04,0.18,303.28,0.35,44.19,0.36,134.55,-1573,-1500,-1800,43.58166666666667,5.97,0 days 00:10:00,True,38,-1577.0,-1568.0,-1569.0,-1572.0,-1572.0,-1565.0,ABOVE
2026-08-15 07:00:47,25.11,88.17,0.75,43.27,0.72,205.04,0.84,43.67,0.84,219.51,0.08,42.46,0.08,327.66,0.31,44.3,0.31,173.43,0.79,43.56,0.78,146.92,0.46,43.15,0.45,91.22,0.32,43.84,0.31,124.13,0.41,43.61,0.4,192.33,0.54,43.56,0.54,73.17,0.91,43.84,0.94,239.37,0.18,43.15,0.18,291.15,0.35,43.96,0.35,143.7,-1584,-1500,-1800,43.530833333333334,5.9,0 days 00:09:59,True,38,-1573.0,-1577.0,-1568.0,-1569.0,-1572.0,-1572.0,ABOVE
2026-08-15 07:10:47,24.95,87.59,0.75,43.56,0.73,162.26,0.84,44.02,0.81,178.7,0.08,42.58,0.08,327.66,0.31,44.25,0.3,175.37,0.79,43.44,0.77,196.78,0.46,42.64,0.46,98.82,0.32,43.9,0.31,117.96,0.41,43.61,0.41,184.15,0.54,43.1,0.53,81.33,0.91,43.73,0.89,276.96,0.18,43.27,0.18,249.12,0.35,43.9,0.35,153.17,-1583,-1500,-1800,43.5,5.819999999999999,0 days 00:10:00,True,38,-1584.0,-1573.0,-1577.0,-1568.0,-1569.0,-1572.0,ABOVE
2026-08-15 07:20:47,25.0,87.8,0.75,43.84,0.77,154.47,0.84,44.02,0.82,169.99,0.08,42.52,0.08,327.66,0.31,43.9,0.32,214.15,0.79,43.84,0.81,126.38,0.46,43.15,0.46,88.28,0.32,43.73,0.33,129.59,0.41,44.02,0.42,156.81,0.54,43.15,0.56,81.44,0.91,44.3,0.93,222.7,0.18,43.1,0.18,297.07,0.35,43.5,0.36,172.64,-1590,-1500,-1800,43.58916666666667,6.04,0 days 00:10:00,True,38,-1583.0,-1584.0,-1573.0,-1577.0,-1568.0,-1569.0,TARGET
2026-08-15 08:00:48,25.8,87.5,0.75,43.37,0.77,205.32,0.84,43.73,0.87,220.1,0.08,42.75,0.08,327.66,0.31,43.84,0.31,204.72,0.79,43.9,0.8,125.41,0.46,42.93,0.45,103.89,0.32,43.67,0.33,125.89,0.31,44.48,0.31,162.09,0.54,43.61,0.52,73.26,0.91,43.73,0.91,261.62,0.18,43.33,0.18,264.19,0.35,44.19,0.34,120.79,-1590,-1500,-1800,43.6275,5.87,0 days 00:10:00,True,38,-1583.0,-1577.0,-1581.0,-1590.0,-1583.0,-1584.0,TARGET
2026-08-15 08:10:47,25.86,86.46,0.75,43.67,0.76,189.95,0.84,43.79,0.84,206.96,0.08,42.06,0.08,327.66,0.31,44.36,0.3,169.25,0.79,44.19,0.78,113.0,0.46,43.21,0.46,93.21,0.32,43.84,0.32,121.95,0.41,43.5,0.41,184.15,0.54,42.98,0.53,85.18,0.91,43.9,0.94,243.9,0.18,43.15,0.18,318.22,0.35,43.56,0.36,177.07,-1592,-1500,-1800,43.517500000000005,5.96,0 days 00:09:59,True,38,-1590.0,-1583.0,-1577.0,-1581.0,-1590.0,-1583.0,TARGET
2026-08-15 08:20:47,26.44,87.4,0.75,43.33,0.77,221.59,0.84,43.73,0.86,216.65,0.08,42.64,0.08,327.66,0.31,44.42,0.32,176.06,0.79,43.67,0.78,133.14,0.46,43.44,0.45,87.18,0.32,43.56,0.31,155.17,0.41,43.9,0.4,163.76,0.54,43.73,0.52,71.1,0.91,44.07,0.89,245.5,0.18,43.33,0.18,264.19,0.35,43.67,0.35,169.1,-1588,-1500,-1800,43.62416666666667,5.909999999999999,0 days 00:10:00,True,38,-1592.0,-1590.0,-1583.0,-1577.0,-1581.0,-1590.0,ABOVE
2026-08-15 08:30:47,26.76,85.94,0.75,43.67,0.73,166.62,0.84,43.56,0.83,300.25,0.08,42.7,0.08,327.66,0.31,44.48,0.31,162.09,0.79,43.84,0.77,136.3,0.46,42.98,0.45,113.57,0.32,43.73,0.33,137.28,0.41,44.02,0.41,156.81,0.54,43.5,0.54,74.96,0.91,44.07,0.9,240.64,0.18,43.5,0.18,233.78,0.35,43.84,0.35,163.76,-1599,-1500,-1800,43.6575,5.880000000000001,0 days 00:10:00,True,38,-1588.0,-1592.0,-1590.0,-1583.0,-1577.0,-1581.0,TARGET
2026-08-15 08:40:47,27.14,84.72,0.75,43.33,0.77,201.76,0.84,43.9,0.86,188.12,0.08,42.35,0.08,327.66,0.31,44.12,0.32,200.17,0.79,43.9,0.82,129.06,0.46,43.33,0.47,86.52,0.32,43.96,0.31,120.16,0.41,44.02,0.41,150.26,0.54,43.1,0.56,81.83,0.91,43.73,0.9,277.69,0.18,43.5,0.18,222.18,0.35,43.73,0.35,159.17,-1604,-1500,-1800,43.58083333333334,6.029999999999999,0 days 00:10:00,True,38,-1599.0,-1588.0,-1592.0,-1590.0,-1583.0,-1577.0,TARGET
2026-08-15 08:50:48,27.46,83.56,0.75,43.15,0.76,207.33,0.84,44.02,0.87,179.17,0.08,42.35,0.08,327.66,0.31,43.96,0.32,202.01,0.79,43.84,0.82,126.38,0.46,43.21,0.46,88.28,0.32,43.67,0.31,175.29,0.41,44.02,0.41,145.39,0.54,43.67,0.56,67.54,0.91,44.12,0.9,237.18,0.18,43.15,0.18,297.87,0.35,43.61,0.35,153.66,-1605,-1500,-1800,43.564166666666665,6.02,0 days 00:10:01,True,38,-1604.0,-1599.0,-1588.0,-1592.0,-1590.0,-1583.0,TARGET
2026-08-15 09:00:48,27.72,82.31,0.54,43.21,0.54,77.5,0.84,43.79,0.86,201.22,0.08,42.29,0.08,327.66,0.31,43.84,0.32,204.45,0.79,43.67,0.76,129.42,0.84,44.12,0.86,166.59,0.32,43.73,0.32,124.92,0.41,43.9,0.4,154.67,0.54,43.61,0.53,74.65,0.91,43.79,0.9,289.25,0.18,43.61,0.18,212.76,0.35,44.02,0.35,142.59,-1603,-1500,-1800,43.63166666666667,6.1,0 days 00:10:00,True,38,-1605.0,-1604.0,-1599.0,-1588.0,-1592.0,-1590.0,TARGET
2026-08-15 09:10:48,28.37,80.69,0.75,43.73,0.73,163.34,0.84,44.02,0.83,170.21,0.08,42.58,0.08,327.66,0.31,44.25,0.32,184.6,0.79,43.61,0.8,148.7,0.46,42.93,0.46,105.5,0.32,43.79,0.31,126.05,0.41,43.79,0.42,173.55,0.54,43.67,0.56,68.54,0.91,43.84,0.93,253.1,0.18,43.15,0.18,297.47,0.35,44.02,0.34,150.08,-1612,-1500,-1800,43.615,5.959999999999999,0 days 00:10:00,True,38,-1603.0,-1605.0,-1604.0,-1599.0,-1588.0,-1592.0,BELOW
2026-08-15 09:20:47,28.79,80.05,0.75,43.67,0.73,182.21,0.84,44.02,0.84,181.26,0.08,42.52,0.08,327.66,0.31,44.19,0.32,189.1,0.79,43.37,0.79,159.95,0.46,43.15,0.46,90.14,0.08,42.58,0.08,327.66,0.31,44.07,0.32,194.35,0.54,43.33,0.53,77.5,0.91,43.73,0.9,277.32,0.18,43.33,0.18,259.22,0.35,43.67,0.35,162.91,-1613,-1500,-1800,43.469166666666666,5.579999999999999,0 days 00:09:59,True,38,-1612.0,-1603.0,-1605.0,-1604.0,-1599.0,-1588.0,BELOW
2026-08-15 09:30:47,29.06,79.07,0.75,43.37,0.75,205.6,0.84,44.07,0.85,176.9,0.08,42.29,0.08,327.66,0.31,44.53,0.3,162.31,0.79,43.44,0.77,158.33,0.46,43.27,0.47,88.06,0.32,43.44,0.31,156.73,0.41,43.67,0.4,175.29,0.54,43.33,0.56,80.81,0.91,43.44,0.9,241.67,0.18,43.21,0.18,285.46,0.35,44.07,0.35,150.26,-1616,-1500,-1800,43.51083333333333,5.92,0 days 00:10:00,True,38,-1613.0,-1612.0,-1603.0,-1605.0,-1604.0,-1599.0,BELOW
2026-08-15 09:40:47,29.54,77.73,0.75,43.21,0.73,210.79,0.84,44.12,0.86,191.69,0.08,42.46,0.08,327.66,0.31,44.53,0.32,170.12,0.79,43.33,0.82,149.33,0.46,43.44,0.46,92.45,0.32,43.73,0.31,128.56,0.41,43.56,0.41,184.15,0.54,43.15,0.56,79.9,0.91,44.02,0.9,244.86,0.18,43.37,0.18,245.98,0.35,43.61,0.36,166.84,-1616,-1500,-1800,43.54416666666666,5.990000000000001,0 days 00:10:00,True,38,-1616.0,-1613.0,-1612.0,-1603.0,-1605.0,-1604.0,BELOW
2026-08-15 09:50:47,29.59,74.31,0.75,43.27,0.77,211.36,0.84,43.33,0.83,196.51,0.08,42.7,0.08,327.66,0.31,44.19,0.32,182.21,0.79,43.37,0.79,154.76,0.46,43.37,0.46,83.88,0.32,43.84,0.33,128.72,0.41,43.56,0.41,192.08,0.54,43.15,0.54,80.97,0.91,43.96,0.91,290.76,0.18,43.33,0.18,258.87,0.35,43.73,0.34,152.56,-1613,-1500,-1800,43.48333333333333,5.96,0 days 00:10:00,True,38,-1616.0,-1616.0,-1613.0,-1612.0,-1603.0,-1605.0,BELOW
2026-08-15 10:00:48,29.97,74.19,0.75,43.67,0.76,177.54,0.84,44.02,0.81,188.61,0.08,42.7,0.08,327.66,0.31,44.48,0.31,162.09,0.79,43.61,0.8,138.28,0.46,43.27,0.46,87.95,0.32,44.02,0.32,139.56,0.41,43.79,0.41,167.28,0.54,43.1,0.54,82.82,0.91,43.9,0.91,290.01,0.18,43.44,0.18,281.12,0.35,43.67,0.35,166.84,-1622,-1500,-1800,43.63916666666666,5.93,0 days 00:10:01,True,38,-1613.0,-1616.0,-1616.0,-1613.0,-1612.0,-1603.0,BELOW
2026-08-15 10:10:48,29.91,73.82,0.75,43.67,0.73,172.87,0.84,44.02,0.84,183.65,0.08,42.87,0.08,327.66,0.31,44.07,0.32,205.51,0.79,43.5,0.76,133.91,0.46,43.04,0.45,107.6,0.32,43.9,0.31,116.16,0.41,43.84,0.42,161.87,0.54,43.04,0.53,82.21,0.91,43.96,0.91,244.54,0.18,43.37,0.18,269.38,0.35,44.12,0.35,162.7,-1611,-1500,-1800,43.61666666666667,5.88,0 days 00:10:00,True,38,-1622.0,-1613.0,-1616.0,-1616.0,-1613.0,-1612.0,BELOW
2026-08-15 10:20:48,30.24,72.08,0.54,43.37,0.54,81.4,0.84,43.9,0.83,217.51,0.08,42.35,0.08,327.66,0.31,44.02,0.32,232.62,0.79,44.02,0.77,124.78,0.84,43.79,0.81,201.48,0.32,43.84,0.32,126.21,0.41,43.96,0.4,148.28,0.54,43.21,0.52,83.95,0.91,43.73,0.94,295.01,0.18,43.44,0.18,293.47,0.35,43.79,0.34,187.37,-1623,-1500,-1800,43.61833333333334,6.049999999999999,0 days 00:10:00,True,38,-1611.0,-1622.0,-1613.0,-1616.0,-1616.0,-1613.0,BELOW
2026-08-15 10:40:47,30.18,72.81,0.75,43.67,0.75,175.29,0.84,43.61,0.83,222.76,0.08,42.58,0.08,327.66,0.31,44.19,0.32,203.07,0.79,43.56,0.76,150.12,0.46,42.93,0.45,100.68,0.08,42.52,0.08,327.66,0.41,43.9,0.42,161.87,0.54,43.44,0.52,79.15,0.91,44.25,0.94,246.14,0.18,43.33,0.18,280.38,0.35,43.96,0.36,145.0,-1621,-1500,-1800,43.495,5.69,0 days 00:09:59,True,38,-1624.0,-1623.0,-1611.0,-1622.0,-1613.0,-1616.0,BELOW
2026-08-15 10:50:47,30.24,71.96,0.75,43.9,0.76,156.41,0.84,43.56,0.87,222.76,0.08,42.46,0.08,327.66,0.31,44.12,0.32,189.1,0.79,43.96,0.8,124.45,0.46,42.81,0.46,103.62,0.32,43.61,0.33,144.06,0.41,44.07,0.42,147.11,0.54,43.56,0.52,73.07,0.91,43.84,0.92,295.79,0.18,43.67,0.18,209.82,0.35,43.96,0.36,156.81,-1621,-1500,-1800,43.62666666666667,6.0200000000000005,0 days 00:10:00,True,38,-1621.0,-1624.0,-1623.0,-1611.0,-1622.0,-1613.0,BELOW
2026-08-15 11:20:48,30.93,68.75,0.75,43.37,0.75,202.3,0.84,44.07,0.84,172.31,0.08,42.58,0.08,327.66,0.31,44.48,0.31,176.51,0.79,43.9,0.8,121.05,0.46,43.44,0.46,82.98,0.32,43.67,0.31,130.64,0.41,44.07,0.42,141.16,0.54,43.15,0.53,86.06,0.91,44.02,0.9,248.9,0.18,43.73,0.18,192.58,0.35,44.19,0.34,134.89,-1622,-1500,-1800,43.7225,5.92,0 days 00:10:00,True,38,-1624.0,-1625.0,-1621.0,-1621.0,-1624.0,-1623.0,BELOW
2026-08-15 11:30:48,31.46,67.65,0.75,43.9,0.74,182.93,0.84,44.07,0.84,181.73,0.08,42.7,0.08,327.66,0.31,43.96,0.32,244.54,0.79,43.73,0.81,129.75,0.84,44.12,0.87,186.58,0.32,43.96,0.31,125.57,0.41,43.84,0.41,152.97,0.54,43.61,0.53,73.07,0.91,44.02,0.9,258.47,0.18,43.37,0.18,225.51,0.35,43.73,0.34,159.37,-1623,-1500,-1800,43.75083333333333,6.33,0 days 00:10:00,True,38,-1622.0,-1624.0,-1625.0,-1621.0,-1621.0,-1624.0,BELOW
2026-08-15 13:40:48,31.73,66.86,0.75,43.84,0.77,157.76,0.84,44.42,0.86,185.8,0.08,42.41,0.08,327.66,0.31,44.36,0.3,165.7,0.79,43.5,0.79,137.92,0.46,43.04,0.45,99.75,0.32,43.9,0.32,126.55,0.41,43.67,0.4,171.18,0.54,43.84,0.56,67.81,0.91,43.96,0.89,273.31,0.18,43.73,0.18,192.58,0.35,44.36,0.36,149.45,-1633,-1500,-1800,43.7525,5.959999999999999,0 days 00:10:00,True,38,-1629.0,-1633.0,-1632.0,-1629.0,-1625.0,-1626.0,BELOW
2026-08-15 15:00:48,30.77,68.45,0.75,43.73,0.75,171.18,0.84,43.84,0.85,210.64,0.08,42.52,0.08,327.66,0.31,43.96,0.3,208.04,0.79,43.5,0.81,151.56,0.46,43.56,0.45,84.21,0.32,43.56,0.32,155.39,0.41,43.73,0.4,178.0,0.54,43.73,0.55,71.83,0.91,43.79,0.94,261.97,0.18,43.67,0.18,219.81,0.35,44.3,0.36,136.39,-1627,-1500,-1800,43.657500000000006,5.989999999999999,0 days 00:10:00,True,38,-1629.0,-1633.0,-1632.0,-1636.0,-1632.0,-1634.0,BELOW
2026-08-15 15:20:47,31.2,67.32,0.75,43.9,0.77,167.72,0.84,43.79,0.81,200.96,0.08,42.7,0.08,327.66,0.31,44.3,0.32,180.1,0.79,43.37,0.76,152.84,0.46,42.98,0.46,110.8,0.32,44.07,0.31,120.48,0.41,43.61,0.41,186.89,0.54,43.37,0.54,77.18,0.91,43.15,0.89,253.74,0.18,43.1,0.18,297.47,0.35,44.25,0.35,119.91,-1627,-1500,-1800,43.54916666666667,5.88,0 days 00:09:59,True,38,-1631.0,-1627.0,-1629.0,-1633.0,-1632.0,-1636.0,BELOW
2026-08-15 16:30:48,29.97,70.28,0.54,43.44,0.54,79.72,0.84,44.12,0.84,172.76,0.08,42.29,0.08,327.66,0.31,44.25,0.32,175.37,0.79,43.79,0.78,126.21,0.84,44.19,0.85,168.82,0.32,43.96,0.33,121.36,0.41,43.84,0.41,156.0,0.54,43.27,0.54,81.29,0.91,44.25,0.9,233.83,0.18,43.15,0.18,297.47,0.35,44.25,0.34,128.7,-1643,-1500,-1800,43.73333333333333,6.11,0 days 00:10:00,True,38,-1643.0,-1646.0,-1631.0,-1634.0,-1639.0,-1631.0,BELOW
2026-08-15 20:40:48,26.87,80.75,0.75,43.61,0.78,194.78,0.84,44.02,0.84,174.46,0.08,42.75,0.08,327.66,0.31,44.48,0.32,167.89,0.79,43.84,0.77,125.25,0.46,43.44,0.47,85.86,0.32,43.84,0.31,126.55,0.41,44.02,0.41,153.37,0.54,43.56,0.55,74.96,0.91,44.19,0.92,237.49,0.18,43.15,0.18,291.15,0.35,44.12,0.36,138.37,-1647,-1500,-1800,43.751666666666665,5.99,0 days 00:10:00,True,38,-1643.0,-1649.0,-1641.0,-1649.0,-1656.0,-1647.0,BELOW
2026-08-15 20:50:48,26.87,81.51,0.75,43.5,0.78,194.26,0.84,43.56,0.82,219.23,0.08,42.58,0.08,327.66,0.31,44.07,0.32,327.66,0.79,43.84,0.8,121.05,0.46,43.15,0.45,93.21,0.32,43.84,0.31,125.07,0.41,43.96,0.4,153.37,0.54,43.04,0.56,81.72,0.91,44.3,0.9,222.99,0.18,43.61,0.18,209.54,0.35,43.84,0.35,169.54,-1635,-1500,-1800,43.607499999999995,5.949999999999999,0 days 00:10:00,True,38,-1647.0,-1643.0,-1649.0,-1641.0,-1649.0,-1656.0,BELOW
2026-08-15 21:30:48,26.34,81.05,0.75,43.9,0.74,158.19,0.84,43.67,0.81,200.96,0.08,42.41,0.08,327.66,0.31,44.42,0.32,165.7,0.79,43.56,0.8,143.87,0.46,42.75,0.47,102.82,0.32,43.33,0.32,174.12,0.41,43.79,0.4,169.1,0.54,42.98,0.56,86.25,0.91,44.02,0.88,263.34,0.18,43.27,0.18,245.33,0.35,44.3,0.34,136.56,-1632,-1500,-1800,43.53333333333333,5.8999999999999995,0 days 00:10:00,True,38,-1643.0,-1632.0,-1640.0,-1635.0,-1647.0,-1643.0,BELOW
2026-08-15 22:20:49,26.92,72.45,0.75,43.21,0.76,210.79,0.84,43.84,0.85,188.12,0.08,42.41,0.08,292.32,0.31,44.3,0.31,167.01,0.79,43.61,0.78,141.12,0.46,43.21,0.45,91.22,0.32,43.73,0.33,135.94,0.41,43.79,0.41,173.32,0.54,43.56,0.52,74.15,0.91,44.07,0.94,233.23,0.18,43.37,0.18,241.35,0.35,43.73,0.35,223.65,-1626,-1500,-1800,43.56916666666667,5.959999999999999,0 days 00:10:01,True,38,-1636.0,-1635.0,-1635.0,-1634.0,-1632.0,-1643.0,BELOW
2026-08-15 22:30:48,26.98,72.9,0.75,43.73,0.74,161.01,0.84,44.07,0.86,179.17,0.08,42.52,0.08,327.66,0.31,44.36,0.3,167.46,0.79,43.9,0.82,121.05,0.46,43.21,0.45,95.02,0.32,43.67,0.31,142.56,0.41,44.02,0.41,142.59,0.54,43.33,0.55,75.58,0.91,44.12,0.91,208.86,0.18,43.5,0.18,219.23,0.35,44.07,0.34,151.7,-1630,-1500,-1800,43.708333333333336,5.95,0 days 00:09:59,True,38,-1626.0,-1636.0,-1635.0,-1635.0,-1634.0,-1632.0,BELOW
2026-08-15 22:40:48,27.03,73.0,0.75,43.61,0.73,172.87,0.84,43.15,0.82,210.24,0.08,42.29,0.08,327.66,0.31,44.36,0.3,173.87,0.79,43.61,0.79,145.56,0.46,43.04,0.47,101.84,0.32,43.67,0.31,131.7,0.41,43.61,0.42,172.87,0.54,43.33,0.56,78.94,0.91,43.96,0.88,225.12,0.18,43.56,0.18,186.39,0.35,44.12,0.34,144.45,-1622,-1500,-1800,43.52583333333333,5.879999999999999,0 days 00:10:00,True,38,-1630.0,-1626.0,-1636.0,-1635.0,-1635.0,-1634.0,BELOW
2026-08-15 22:50:48,26.98,71.87,0.75,43.73,0.74,162.91,0.84,43.96,0.86,171.86,0.08,42.64,0.08,327.66,0.31,44.42,0.3,173.87,0.79,43.67,0.8,141.3,0.46,42.98,0.47,103.89,0.32,43.73,0.32,134.44,0.41,43.79,0.4,173.78,0.54,42.98,0.53,82.21,0.91,44.02,0.89,240.64,0.18,43.5,0.18,226.42,0.35,43.9,0.35,165.72,-1625,-1500,-1800,43.61000000000001,5.919999999999999,0 days 00:10:00,True,38,-1622.0,-1630.0,-1626.0,-1636.0,-1635.0,-1635.0,BELOW
2026-08-15 23:00:48,26.92,73.61,0.75,43.73,0.75,164.85,0.84,43.9,0.86,190.69,0.08,42.7,0.08,327.66,0.31,44.3,0.32,173.66,0.79,43.33,0.79,173.9,0.46,42.93,0.45,102.34,0.32,43.56,0.32,150.12,0.41,43.5,0.42,188.95,0.54,43.37,0.53,80.44,0.91,43.67,0.88,271.16,0.18,43.44,0.18,245.98,0.35,44.07,0.35,145.58,-1623,-1500,-1800,43.541666666666664,5.929999999999999,0 days 00:10:00,True,38,-1625.0,-1622.0,-1630.0,-1626.0,-1636.0,-1635.0,BELOW
2026-08-15 23:10:48,26.39,76.66,0.75,43.44,0.77,211.92,0.84,44.02,0.83,176.67,0.08,42.41,0.08,327.66,0.31,44.25,0.3,179.64,0.79,43.61,0.78,142.56,0.46,42.98,0.47,104.84,0.32,43.5,0.31,154.76,0.41,43.79,0.4,169.54,0.54,43.27,0.55,79.29,0.91,44.02,0.9,273.66,0.18,43.15,0.18,268.31,0.35,44.07,0.34,139.56,-1612,-1500,-1800,43.5425,5.91,0 days 00:10:00,True,38,-1623.0,-1625.0,-1622.0,-1630.0,-1626.0,-1636.0,BELOW
2026-08-15 23:20:48,26.66,76.32,0.75,43.37,0.78,193.5,0.84,43.96,0.82,180.79,0.08,42.7,0.08,327.66,0.31,44.42,0.31,167.67,0.79,43.73,0.78,122.87,0.46,43.27,0.45,92.57,0.32,43.5,0.33,148.12,0.41,43.96,0.42,156.62,0.54,43.15,0.53,79.08,0.91,43.9,0.94,232.01,0.18,43.04,0.18,252.73,0.35,43.96,0.34,145.39,-1611,-1500,-1800,43.57999999999999,5.960000000000001,0 days 00:10:00,True,38,-1612.0,-1623.0,-1625.0,-1622.0,-1630.0,-1626.0,BELOW
2026-08-15 23:30:49,26.34,77.42,0.75,43.84,0.72,161.66,0.84,43.73,0.86,220.37,0.08,42.41,0.08,327.66,0.31,44.3,0.32,192.44,0.79,43.44,0.82,148.12,0.46,43.44,0.47,84.5,0.32,43.5,0.32,155.17,0.41,43.67,0.42,164.64,0.54,43.37,0.56,76.94,0.91,43.73,0.88,256.78,0.18,43.27,0.18,254.42,0.35,43.96,0.36,148.48,-1607,-1500,-1800,43.555,5.99,0 days 00:10:01,True,38,-1611.0,-1612.0,-1623.0,-1625.0,-1622.0,-1630.0,TARGET
2026-08-15 23:40:48,26.6,76.44,0.75,43.61,0.77,261.28,0.84,43.67,0.84,247.28,0.08,42.75,0.08,327.66,0.31,44.25,0.32,179.87,0.79,44.02,0.82,125.74,0.46,43.15,0.46,97.18,0.32,43.79,0.32,133.33,0.41,44.12,0.4,119.6,0.54,43.21,0.54,80.22,0.91,43.96,0.91,232.62,0.18,43.15,0.18,278.88,0.35,43.61,0.36,170.96,-1611,-1500,-1800,43.607499999999995,6.0,0 days 00:09:59,True,38,-1607.0,-1611.0,-1612.0,-1623.0,-1625.0,-1622.0,BELOW
2026-08-15 23:50:48,26.5,77.42,0.75,43.5,0.76,183.9,0.84,44.07,0.86,168.37,0.08,42.41,0.08,327.66,0.31,44.19,0.3,184.37,0.79,43.27,0.82,163.34,0.46,43.15,0.45,96.36,0.32,44.02,0.31,102.62,0.41,43.44,0.41,196.78,0.54,43.37,0.54,74.36,0.91,43.84,0.89,267.35,0.18,43.37,0.18,237.18,0.35,43.67,0.36,146.14,-1606,-1500,-1800,43.525,5.96,0 days 00:10:00,True,38,-1611.0,-1607.0,-1611.0,-1612.0,-1623.0,-1625.0,TARGET
2026-08-16 00:00:48,26.18,77.24,0.75,43.27,0.75,207.87,0.84,43.84,0.86,220.67,0.08,42.58,0.08,327.66,0.31,44.42,0.32,158.25,0.79,43.73,0.76,129.59,0.46,42.87,0.46,104.56,0.32,43.67,0.33,140.06,0.41,43.96,0.4,162.08,0.54,43.1,0.52,78.08,0.91,44.07,0.93,279.87,0.18,43.33,0.18,264.19,0.35,43.84,0.35,159.8,-1602,-1500,-1800,43.556666666666665,5.939999999999999,0 days 00:10:00,True,38,-1606.0,-1611.0,-1607.0,-1611.0,-1612.0,-1623.0,TARGET
2026-08-16 00:10:48,26.39,77.79,0.75,43.79,0.77,161.44,0.84,43.84,0.85,198.61,0.08,42.64,0.08,327.66,0.31,44.42,0.31,165.7,0.79,43.33,0.79,149.53,0.46,43.15,0.47,95.68,0.32,43.67,0.31,135.75,0.41,43.61,0.4,181.73,0.54,43.33,0.53,75.07,0.91,43.73,0.89,271.53,0.18,43.44,0.18,255.09,0.35,43.79,0.34,159.37,-1605,-1500,-1800,43.56166666666667,5.92,0 days 00:10:00,True,38,-1602.0,-1606.0,-1611.0,-1607.0,-1611.0,-1612.0,TARGET
2026-08-16 00:20:48,26.12,81.54,0.75,43.9,0.72,160.0,0.84,43.61,0.84,219.81,0.08,42.7,0.08,327.66,0.31,43.79,0.31,204.18,0.79,43.67,0.76,130.81,0.46,43.33,0.47,86.52,0.32,43.37,0.31,154.56,0.41,43.84,0.4,159.8,0.54,43.27,0.53,77.4,0.91,43.84,0.92,247.93,0.18,43.15,0.18,325.81,0.35,43.96,0.36,148.48,-1593,-1500,-1800,43.53583333333333,5.88,0 days 00:10:00,True,38,-1605.0,-1602.0,-1606.0,-1611.0,-1607.0,-1611.0,TARGET
2026-08-16 00:30:48,26.07,82.46,0.75,43.73,0.77,159.37,0.84,44.12,0.82,170.65,0.08,42.64,0.08,327.66,0.31,44.36,0.31,163.56,0.79,43.84,0.79,122.87,0.46,43.04,0.45,97.35,0.32,43.67,0.32,134.62,0.41,43.96,0.4,146.72,0.54,43.67,0.54,71.37,0.91,43.67,0.89,247.28,0.18,43.33,0.18,245.01,0.35,43.84,0.35,178.24,-1597,-1500,-1800,43.655833333333334,5.8999999999999995,0 days 00:10:00,True,38,-1593.0,-1605.0,-1602.0,-1606.0,-1611.0,-1607.0,TARGET
2026-08-16 00:40:49,25.48,84.14,0.75,43.67,0.78,184.87,0.84,44.12,0.87,172.98,0.08,42.41,0.08,327.66,0.31,43.96,0.3,221.54,0.79,43.67,0.78,138.48,0.46,43.33,0.45,80.81,0.32,43.84,0.31,120.0,0.41,43.79,0.42,161.66,0.54,43.37,0.56,74.46,0.91,44.25,0.91,219.22,0.18,43.21,0.18,228.06,0.35,43.96,0.34,135.5,-1599,-1500,-1800,43.63166666666667,5.9799999999999995,0 days 00:10:01,True,38,-1597.0,-1593.0,-1605.0,-1602.0,-1606.0,-1611.0,TARGET
2026-08-16 00:50:48,25.05,84.87,0.75,43.37,0.73,199.37,0.84,43.96,0.81,169.99,0.08,42.7,0.08,327.66,0.31,44.36,0.32,161.47,0.79,43.56,0.81,140.92,0.46,42.75,0.47,104.42,0.32,43.56,0.32,137.92,0.41,43.67,0.41,162.91,0.54,43.61,0.55,68.46,0.91,44.07,0.91,240.95,0.18,43.61,0.18,197.57,0.35,43.67,0.35,187.12,-1599,-1500,-1800,43.57416666666666,5.9399999999999995,0 days 00:09:59,True,38,-1599.0,-1597.0,-1593.0,-1605.0,-1602.0,-1606.0,TARGET
2026-08-16 01:00:48,25.0,85.97,0.75,43.79,0.73,261.97,0.84,44.02,0.84,186.09,0.08,42.58,0.08,327.66,0.31,44.36,0.32,165.49,0.79,43.84,0.78,118.98,0.46,43.27,0.47,87.39,0.32,44.07,0.32,112.7,0.41,44.07,0.4,141.16,0.54,43.1,0.53,83.32,0.91,44.25,0.92,212.29,0.18,43.44,0.18,225.82,0.35,43.84,0.35,156.0,-1589,-1500,-1800,43.719166666666666,5.919999999999999,0 days 00:10:00,True,38,-1599.0,-1599.0,-1597.0,-1593.0,-1605.0,-1602.0,ABOVE
2026-08-16 02:20:48,25.59,83.53,0.75,43.61,0.73,164.64,0.84,43.84,0.81,175.98,0.08,42.52,0.08,327.66,0.31,43.73,0.32,203.9,0.79,43.9,0.78,120.0,0.46,43.33,0.47,98.84,0.32,43.79,0.31,110.18,0.41,44.07,0.41,142.59,0.54,42.98,0.56,86.37,0.91,44.19,0.89,218.93,0.18,43.33,0.18,245.65,0.35,43.56,0.35,181.73,-1571,-1500,-1800,43.57083333333333,5.89,0 days 00:10:00,True,38,-1575.0,-1584.0,-1576.0,-1583.0,-1585.0,-1581.0,ABOVE
2026-08-16 02:30:48,25.59,82.55,0.75,43.56,0.72,170.51,0.84,44.19,0.86,167.01,0.08,42.75,0.08,327.66,0.31,43.84,0.32,163.56,0.79,43.67,0.77,163.12,0.46,43.21,0.47,96.49,0.32,43.84,0.31,127.54,0.41,43.84,0.4,139.02,0.54,43.1,0.54,80.49,0.91,43.61,0.88,288.12,0.18,43.61,0.18,189.45,0.35,43.96,0.35,151.5,-1576,-1500,-1800,43.598333333333336,5.879999999999999,0 days 00:10:00,True,38,-1571.0,-1575.0,-1584.0,-1576.0,-1583.0,-1585.0,ABOVE
2026-08-16 02:50:48,25.69,80.02,0.75,43.73,0.75,150.72,0.84,43.79,0.86,178.24,0.08,42.41,0.08,327.66,0.31,44.19,0.31,179.64,0.79,43.73,0.8,122.71,0.46,43.15,0.47,106.07,0.32,43.44,0.31,137.75,0.41,43.96,0.41,145.2,0.54,42.98,0.54,85.29,0.91,44.25,0.94,212.58,0.18,43.27,0.18,269.03,0.35,43.96,0.36,162.08,-1572,-1500,-1800,43.571666666666665,6.009999999999999,0 days 00:10:00,True,38,-1565.0,-1576.0,-1571.0,-1575.0,-1584.0,-1576.0,ABOVE
2026-08-16 03:00:49,25.37,83.65,0.75,43.73,0.72,161.23,0.84,43.79,0.84,195.55,0.08,42.41,0.08,327.66,0.31,44.25,0.3,171.1,0.79,43.5,0.77,136.56,0.46,42.75,0.47,86.34,0.32,43.9,0.33,116.98,0.41,43.67,0.42,162.91,0.54,43.67,0.52,70.56,0.91,43.73,0.91,322.47,0.18,43.61,0.18,184.64,0.35,44.12,0.36,141.34,-1577,-1500,-1800,43.594166666666666,5.8999999999999995,0 days 00:10:01,True,38,-1572.0,-1565.0,-1576.0,-1571.0,-1575.0,-1584.0,ABOVE
2026-08-16 03:10:48,25.21,84.56,0.75,43.21,0.76,214.09,0.84,44.07,0.86,172.53,0.08,42.64,0.08,327.66,0.31,44.02,0.32,199.39,0.79,43.61,0.79,136.92,0.46,42.93,0.46,102.47,0.32,43.56,0.32,135.39,0.41,43.84,0.41,156.2,0.54,43.21,0.52,77.94,0.91,44.25,0.92,219.22,0.18,43.15,0.18,304.09,0.35,43.56,0.36,206.14,-1575,-1500,-1800,43.50416666666666,5.9799999999999995,0 days 00:09:59,True,38,-1577.0,-1572.0,-1565.0,-1576.0,-1571.0,-1575.0,ABOVE
2026-08-16 03:20:48,25.0,86.55,0.75,43.73,0.77,152.37,0.84,44.02,0.81,170.43,0.08,42.64,0.08,327.66,0.31,44.19,0.32,191.94,0.79,43.84,0.78,119.85,0.46,43.5,0.47,81.99,0.32,43.84,0.33,118.98,0.41,44.02,0.42,142.42,0.54,43.1,0.52,86.37,0.91,43.9,0.92,253.43,0.18,43.73,0.18,192.33,0.35,43.79,0.34,157.76,-1568,-1500,-1800,43.69166666666666,5.9399999999999995,0 days 00:10:00,True,38,-1575.0,-1577.0,-1572.0,-1565.0,-1576.0,-1571.0,ABOVE
2026-08-16 03:30:48,24.79,87.68,0.75,43.37,0.75,208.43,0.84,43.5,0.83,237.5,0.08,42.29,0.08,327.66,0.31,43.9,0.31,217.23,0.79,43.67,0.8,126.05,0.46,43.1,0.46,95.02,0.32,43.44,0.31,146.73,0.41,43.84,0.42,158.19,0.54,43.04,0.54,81.22,0.91,43.67,0.93,282.97,0.18,43.37,0.18,237.18,0.35,44.19,0.36,133.62,-1574,-1500,-1800,43.448333333333345,5.97,0 days 00:10:00,True,38,-1568.0,-1575.0,-1577.0,-1572.0,-1565.0,-1576.0,ABOVE
2026-08-16 03:50:48,24.68,88.11,0.75,43.44,0.76,156.73,0.84,43.61,0.81,230.49,0.08,42.52,0.08,327.66,0.31,44.3,0.32,169.25,0.79,43.56,0.79,148.31,0.46,43.33,0.46,86.29,0.32,43.84,0.32,133.67,0.41,43.67,0.42,175.29,0.54,43.44,0.52,71.65,0.91,44.07,0.89,221.54,0.18,43.1,0.18,327.66,0.35,44.12,0.34,129.39,-1574,-1500,-1800,43.583333333333336,5.89,0 days 00:10:00,True,38,-1563.0,-1574.0,-1568.0,-1575.0,-1577.0,-1572.0,ABOVE
2026-08-16 04:20:48,24.36,89.2,0.75,43.67,0.72,150.51,0.84,43.79,0.82,180.31,0.08,42.35,0.08,327.66,0.31,43.96,0.31,214.44,0.79,43.33,0.81,161.62,0.46,43.44,0.45,80.08,0.32,43.61,0.33,137.11,0.41,43.5,0.41,183.9,0.54,42.93,0.52,81.5,0.91,43.67,0.89,288.5,0.18,43.5,0.18,166.18,0.35,43.61,0.34,166.62,-1571,-1500,-1800,43.446666666666665,5.86,0 days 00:09:59,True,38,-1562.0,-1563.0,-1574.0,-1563.0,-1574.0,-1568.0,ABOVE
2026-08-16 04:30:48,24.47,86.58,0.75,43.79,0.74,154.26,0.84,43.67,0.82,203.9,0.08,42.41,0.08,327.66,0.31,43.79,0.3,216.94,0.79,43.67,0.77,127.21,0.46,43.21,0.47,93.85,0.32,43.67,0.31,128.22,0.41,43.9,0.42,149.67,0.54,43.56,0.53,69.4,0.91,43.61,0.92,300.63,0.18,43.15,0.18,290.75,0.35,44.07,0.35,134.2,-1570,-1500,-1800,43.541666666666664,5.889999999999999,0 days 00:10:00,True,38,-1571.0,-1562.0,-1563.0,-1574.0,-1563.0,-1574.0,ABOVE
2026-08-16 05:10:49,24.15,88.96,0.75,43.44,0.77,196.78,0.84,43.56,0.86,242.31,0.08,42.58,0.08,327.66,0.31,44.36,0.32,143.34,0.79,43.79,0.8,123.96,0.46,42.98,0.46,100.21,0.32,43.61,0.31,134.09,0.41,43.73,0.4,152.37,0.54,43.61,0.52,71.65,0.91,43.84,0.91,235.33,0.18,42.98,0.18,316.96,0.35,43.56,0.34,179.12,-1571,-1500,-1800,43.50333333333333,5.949999999999999,0 days 00:10:01,True,38,-1565.0,-1565.0,-1565.0,-1570.0,-1571.0,-1562.0,ABOVE
2026-08-16 05:20:49,24.2,88.26,0.75,43.33,0.74,221.87,0.84,43.56,0.86,256.1,0.08,42.7,0.08,327.66,0.31,43.73,0.32,200.96,0.79,43.56,0.82,145.19,0.46,42.87,0.47,102.97,0.32,43.61,0.31,136.92,0.41,43.79,0.4,159.59,0.54,43.15,0.54,82.43,0.91,44.19,0.88,212.29,0.18,43.27,0.18,232.54,0.35,44.07,0.34,125.89,-1568,-1500,-1800,43.48583333333334,5.9399999999999995,0 days 00:10:00,True,38,-1571.0,-1565.0,-1565.0,-1565.0,-1570.0,-1571.0,ABOVE
2026-08-16 05:40:48,23.93,89.72,0.75,43.44,0.76,167.76,0.84,43.37,0.87,237.5,0.08,42.35,0.08,327.66,0.31,44.36,0.31,169.47,0.79,43.84,0.81,118.82,0.46,43.21,0.47,104.45,0.32,43.44,0.31,151.17,0.41,43.79,0.41,154.26,0.54,42.98,0.53,81.99,0.91,43.61,0.91,271.16,0.18,43.27,0.18,274.41,0.35,43.5,0.34,176.83,-1572,-1500,-1800,43.43000000000001,5.9799999999999995,0 days 00:10:00,True,38,-1565.0,-1568.0,-1571.0,-1565.0,-1565.0,-1565.0,ABOVE
2026-08-16 05:50:48,23.99,89.27,0.75,43.67,0.75,160.59,0.84,43.79,0.81,193.09,0.08,42.18,0.08,327.66,0.31,43.84,0.31,217.23,0.79,43.61,0.79,135.75,0.46,43.33,0.47,83.66,0.32,43.79,0.31,121.95,0.41,43.73,0.42,167.28,0.54,42.98,0.56,81.61,0.91,44.12,0.89,218.65,0.18,43.56,0.18,203.11,0.35,43.84,0.36,144.62,-1571,-1500,-1800,43.53666666666667,5.93,0 days 00:10:00,True,38,-1572.0,-1565.0,-1568.0,-1571.0,-1565.0,-1565.0,ABOVE
2026-08-16 06:00:48,24.15,87.25,0.75,43.37,0.76,178.65,0.84,43.79,0.85,173.32,0.08,42.41,0.08,327.66,0.31,44.12,0.3,191.44,0.79,43.56,0.8,139.5,0.46,43.15,0.45,107.74,0.32,43.79,0.32,130.81,0.41,43.9,0.42,149.48,0.54,42.98,0.52,80.75,0.91,43.56,0.92,276.22,0.18,43.04,0.18,309.75,0.35,44.07,0.34,126.07,-1575,-1500,-1800,43.47833333333333,5.9399999999999995,0 days 00:10:00,True,38,-1571.0,-1572.0,-1565.0,-1568.0,-1571.0,-1565.0,ABOVE
2026-08-16 06:10:48,23.77,90.7,0.75,43.56,0.73,175.06,0.84,43.9,0.82,180.79,0.08,42.58,0.08,327.66,0.31,44.12,0.32,172.76,0.79,43.73,0.76,120.41,0.46,43.15,0.47,92.32,0.32,43.9,0.32,118.82,0.41,43.67,0.4,168.65,0.54,43.56,0.54,69.49,0.91,43.61,0.92,265.94,0.18,42.58,0.18,281.28,0.35,43.73,0.35,178.0,-1568,-1500,-1800,43.5075,5.889999999999999,0 days 00:10:00,True,38,-1575.0,-1571.0,-1572.0,-1565.0,-1568.0,-1571.0,ABOVE
2026-08-16 06:20:49,23.66,90.73,0.75,43.27,0.77,204.78,0.84,43.67,0.83,209.82,0.08,42.46,0.08,327.66,0.31,44.07,0.31,186.34,0.79,43.56,0.82,137.92,0.46,43.1,0.46,93.72,0.32,43.73,0.32,163.34,0.41,43.56,0.4,191.82,0.54,43.04,0.54,81.72,0.91,43.79,0.88,257.12,0.18,43.15,0.18,263.5,0.35,44.07,0.36,131.84,-1574,-1500,-1800,43.45583333333334,5.949999999999999,0 days 00:10:01,True,38,-1568.0,-1575.0,-1571.0,-1572.0,-1565.0,-1568.0,ABOVE
2026-08-16 06:30:49,23.66,90.82,0.75,43.67,0.75,173.32,0.84,43.84,0.83,193.09,0.08,42.58,0.08,327.66,0.31,43.79,0.3,216.94,0.79,43.33,0.77,154.36,0.46,43.44,0.46,82.48,0.32,43.61,0.33,128.05,0.41,43.9,0.42,149.87,0.54,43.44,0.55,73.65,0.91,44.07,0.94,233.23,0.18,43.56,0.18,194.53,0.35,43.5,0.34,176.83,-1572,-1500,-1800,43.560833333333335,5.949999999999999,0 days 00:10:00,True,38,-1574.0,-1568.0,-1575.0,-1571.0,-1572.0,-1565.0,ABOVE
2026-08-16 06:50:48,23.83,90.61,0.75,43.61,0.72,256.44,0.84,43.96,0.83,188.36,0.08,42.12,0.08,327.66,0.31,44.25,0.32,179.87,0.79,43.73,0.82,137.28,0.46,43.1,0.46,89.9,0.32,43.67,0.33,134.62,0.41,43.37,0.41,183.18,0.54,43.37,0.54,73.96,0.91,44.12,0.93,222.12,0.18,43.56,0.18,208.99,0.35,43.67,0.35,161.01,-1575,-1500,-1800,43.54416666666666,5.969999999999999,0 days 00:10:00,True,38,-1567.0,-1572.0,-1574.0,-1568.0,-1575.0,-1571.0,ABOVE
2026-08-16 07:00:48,23.66,90.88,0.75,43.56,0.75,168.43,0.84,44.02,0.86,169.99,0.08,42.58,0.08,327.66,0.31,43.84,0.32,224.23,0.79,43.37,0.76,149.53,0.46,43.33,0.47,82.75,0.32,43.96,0.33,116.16,0.41,43.5,0.42,179.12,0.54,43.04,0.52,77.87,0.91,43.61,0.91,282.6,0.18,43.04,0.18,290.37,0.35,44.07,0.36,129.39,-1572,-1500,-1800,43.49333333333334,5.96,0 days 00:10:00,True,38,-1575.0,-1567.0,-1572.0,-1574.0,-1568.0,-1575.0,ABOVE
2026-08-16 07:10:48,23.88,90.33,0.75,43.33,0.75,196.26,0.84,43.79,0.86,187.87,0.08,42.24,0.08,327.66,0.31,43.5,0.3,218.94,0.79,43.37,0.8,156.31,0.46,43.15,0.45,92.96,0.32,43.73,0.33,130.81,0.41,43.44,0.42,191.32,0.54,43.27,0.53,78.5,0.91,44.02,0.93,221.54,0.18,43.44,0.18,218.65,0.35,43.61,0.35,182.21,-1574,-1500,-1800,43.4075,5.9799999999999995,0 days 00:10:00,True,38,-1572.0,-1575.0,-1567.0,-1572.0,-1574.0,-1568.0,ABOVE
2026-08-16 07:20:49,23.99,90.15,0.75,43.15,0.78,203.96,0.84,43.9,0.83,183.4,0.08,42.46,0.08,327.66,0.31,43.79,0.31,198.35,0.79,43.21,0.82,150.56,0.46,42.87,0.46,103.75,0.32,43.67,0.33,127.21,0.41,43.79,0.4,159.59,0.54,42.93,0.52,89.54,0.91,43.61,0.92,260.94,0.18,43.04,0.18,296.68,0.35,44.02,0.36,141.16,-1581,-1500,-1800,43.370000000000005,5.989999999999999,0 days 00:10:01,True,38,-1574.0,-1572.0,-1575.0,-1567.0,-1572.0,-1574.0,ABOVE
2026-08-16 07:50:48,24.04,90.06,0.75,43.56,0.72,186.64,0.84,43.73,0.86,220.37,0.08,42.06,0.08,327.66,0.31,44.48,0.3,163.99,0.79,43.33,0.79,161.62,0.46,42.98,0.45,98.05,0.32,43.37,0.32,149.73,0.41,43.96,0.41,155.08,0.54,43.21,0.56,82.15,0.91,44.07,0.94,249.56,0.18,43.5,0.18,218.65,0.35,43.61,0.34,177.07,-1587,-1500,-1800,43.48833333333332,5.949999999999999,0 days 00:10:00,True,38,-1573.0,-1576.0,-1581.0,-1574.0,-1572.0,-1575.0,ABOVE
2026-08-16 08:00:48,24.04,89.57,0.75,43.33,0.73,154.36,0.84,43.96,0.82,183.65,0.08,42.18,0.08,327.66,0.31,44.02,0.31,205.25,0.79,43.84,0.79,118.82,0.46,42.87,0.47,100.68,0.32,43.84,0.31,123.03,0.41,43.56,0.42,186.64,0.54,42.98,0.52,84.65,0.91,43.73,0.89,227.31,0.18,43.15,0.18,231.62,0.35,43.96,0.34,162.28,-1575,-1500,-1800,43.45166666666666,5.859999999999999,0 days 00:10:00,True,38,-1587.0,-1573.0,-1576.0,-1581.0,-1574.0,-1572.0,ABOVE
2026-08-16 08:10:48,24.04,90.06,0.75,43.21,0.73,195.74,0.84,43.79,0.84,204.18,0.08,42.52,0.08,327.66,0.31,44.42,0.32,165.92,0.79,43.37,0.78,152.84,0.46,42.75,0.46,100.41,0.32,43.73,0.31,123.96,0.41,43.96,0.4,149.87,0.54,43.5,0.54,72.68,0.91,43.96,0.91,224.82,0.18,43.21,0.18,204.51,0.35,43.56,0.36,215.79,-1596,-1500,-1800,43.498333333333335,5.91,0 days 00:10:00,True,38,-1575.0,-1587.0,-1573.0,-1576.0,-1581.0,-1574.0,TARGET
2026-08-16 08:20:48,24.04,90.36,0.75,43.21,0.75,213.81,0.84,44.02,0.84,172.08,0.08,42.18,0.08,327.66,0.31,44.25,0.32,189.59,0.79,43.84,0.79,123.96,0.46,43.21,0.45,88.97,0.32,43.5,0.33,143.48,0.41,43.96,0.4,149.87,0.54,43.37,0.54,74.36,0.91,43.61,0.9,300.63,0.18,43.04,0.18,324.94,0.35,43.84,0.35,140.61,-1596,-1500,-1800,43.5025,5.93,0 days 00:10:00,True,38,-1596.0,-1575.0,-1587.0,-1573.0,-1576.0,-1581.0,TARGET
2026-08-16 08:30:49,24.15,89.97,0.75,43.73,0.74,159.59,0.84,43.5,0.86,218.65,0.08,42.06,0.08,327.66,0.31,44.36,0.32,156.09,0.79,43.79,0.76,123.96,0.46,42.75,0.47,101.16,0.32,43.37,0.33,151.37,0.41,43.67,0.4,182.45,0.54,43.21,0.52,80.22,0.91,44.12,0.91,218.65,0.18,43.56,0.18,200.43,0.35,43.67,0.36,161.01,-1593,-1500,-1800,43.482499999999995,5.93,0 days 00:10:01,True,38,-1596.0,-1596.0,-1575.0,-1587.0,-1573.0,-1576.0,TARGET
2026-08-16 08:40:49,23.88,91.1,0.75,43.15,0.72,207.33,0.84,43.5,0.81,226.12,0.08,42.18,0.08,327.66,0.31,44.36,0.3,165.49,0.79,43.44,0.76,156.53,0.46,42.87,0.45,107.03,0.32,43.37,0.31,154.56,0.41,43.9,0.42,146.34,0.54,43.37,0.53,73.96,0.91,44.02,0.91,229.1,0.18,43.5,0.18,183.9,0.35,43.73,0.36,308.13,-1592,-1500,-1800,43.44916666666666,5.83,0 days 00:10:00,True,38,-1593.0,-1596.0,-1596.0,-1575.0,-1587.0,-1573.0,TARGET
2026-08-16 08:50:48,23.99,90.79,0.75,43.37,0.75,191.32,0.84,44.02,0.83,174.46,0.08,42.18,0.08,327.66,0.31,43.84,0.3,188.12,0.79,43.73,0.78,122.55,0.46,43.33,0.47,81.4,0.32,43.73,0.31,123.96,0.41,43.56,0.4,181.49,0.54,43.33,0.54,77.61,0.91,43.9,0.89,240.33,0.18,43.37,0.18,250.12,0.35,43.56,0.35,172.87,-1597,-1500,-1800,43.49333333333333,5.879999999999999,0 days 00:09:59,True,38,-1592.0,-1593.0,-1596.0,-1596.0,-1575.0,-1587.0,TARGET
2026-08-16 09:00:48,24.09,90.24,0.75,43.44,0.76,167.76,0.84,43.61,0.83,230.19,0.08,42.41,0.08,327.66,0.31,44.42,0.31,163.76,0.79,43.37,0.8,152.64,0.46,42.87,0.46,102.34,0.32,43.37,0.33,154.56,0.41,44.02,0.42,146.92,0.54,43.15,0.54,78.53,0.91,44.07,0.89,222.12,0.18,43.44,0.18,218.94,0.35,44.07,0.34,147.11,-1599,-1500,-1800,43.52,5.9399999999999995,0 days 00:10:00,True,38,-1597.0,-1592.0,-1593.0,-1596.0,-1596.0,-1575.0,TARGET
2026-08-16 09:10:48,23.99,90.18,0.75,43.44,0.75,179.12,0.84,43.67,0.84,207.23,0.08,42.64,0.08,327.66,0.31,44.02,0.3,208.04,0.79,43.79,0.78,116.67,0.46,43.37,0.47,85.33,0.32,43.37,0.32,158.12,0.41,43.73,0.42,168.87,0.54,43.61,0.52,68.36,0.91,44.02,0.91,232.62,0.18,43.5,0.18,226.12,0.35,43.96,0.36,142.42,-1604,-1500,-1800,43.593333333333334,5.93,0 days 00:10:00,True,38,-1599.0,-1597.0,-1592.0,-1593.0,-1596.0,-1596.0,TARGET
2026-08-16 09:20:48,23.99,90.33,0.75,43.1,0.72,210.24,0.84,43.21,0.85,180.29,0.08,42.41,0.08,327.66,0.31,44.3,0.31,197.86,0.79,43.56,0.76,142.2,0.46,43.33,0.47,84.92,0.32,43.9,0.32,112.25,0.41,43.79,0.42,175.75,0.54,43.56,0.52,72.58,0.91,43.73,0.92,261.28,0.18,43.15,0.18,262.79,0.35,43.84,0.36,167.5,-1604,-1500,-1800,43.49,5.909999999999999,0 days 00:10:00,True,38,-1604.0,-1599.0,-1597.0,-1592.0,-1593.0,-1596.0,TARGET
2026-08-16 09:30:48,23.93,89.42,0.75,43.44,0.77,170.06,0.84,43.79,0.85,192.84,0.08,42.64,0.08,327.66,0.31,44.3,0.3,182.44,0.79,43.61,0.82,136.92,0.46,42.98,0.45,98.75,0.32,43.44,0.33,149.92,0.41,43.79,0.4,167.06,0.54,43.44,0.55,73.65,0.91,44.12,0.94,208.86,0.18,43.5,0.18,181.25,0.35,43.96,0.36,142.42,-1604,-1500,-1800,43.584166666666675,6.03,0 days 00:10:00,True,38,-1604.0,-1604.0,-1599.0,-1597.0,-1592.0,-1593.0,TARGET
2026-08-16 09:40:49,24.04,90.43,0.75,43.73,0.72,171.18,0.84,43.44,0.83,237.81,0.08,42.46,0.08,327.66,0.31,44.36,0.3,173.66,0.79,43.61,0.78,145.19,0.46,43.33,0.45,86.29,0.32,43.84,0.31,120.73,0.41,43.56,0.42,179.37,0.54,43.61,0.56,69.49,0.91,44.02,0.9,208.32,0.18,43.56,0.18,199.9,0.35,43.96,0.36,145.2,-1614,-1500,-1800,43.623333333333335,5.890000000000001,0 days 00:10:01,True,38,-1604.0,-1604.0,-1604.0,-1599.0,-1597.0,-1592.0,BELOW
2026-08-16 09:50:49,24.2,90.12,0.75,43.21,0.76,232.24,0.84,43.79,0.83,189.95,0.08,42.46,0.08,327.66,0.31,43.96,0.31,198.87,0.79,43.33,0.78,152.64,0.46,42.93,0.46,109.62,0.32,43.9,0.31,116.98,0.41,43.96,0.41,142.23,0.54,43.56,0.56,68.36,0.91,44.12,0.94,218.93,0.18,43.56,0.18,206.4,0.35,43.67,0.36,160.81,-1611,-1500,-1800,43.537499999999994,5.9799999999999995,0 days 00:10:00,True,38,-1614.0,-1604.0,-1604.0,-1604.0,-1599.0,-1597.0,BELOW
2026-08-16 10:00:48,24.41,88.72,0.75,43.27,0.75,208.15,0.84,43.9,0.82,183.17,0.08,42.58,0.08,327.66,0.31,44.48,0.31,165.7,0.79,43.79,0.77,116.67,0.46,43.37,0.47,79.97,0.32,43.61,0.33,142.56,0.41,44.02,0.41,151.7,0.54,43.21,0.55,76.86,0.91,44.19,0.9,226.0,0.18,43.67,0.18,197.83,0.35,44.07,0.34,125.89,-1610,-1500,-1800,43.68,5.91,0 days 00:09:59,True,38,-1611.0,-1614.0,-1604.0,-1604.0,-1604.0,-1599.0,TARGET
2026-08-16 10:10:48,24.52,88.72,0.75,43.21,0.75,177.71,0.84,43.44,0.86,312.65,0.08,42.29,0.08,327.66,0.31,44.02,0.32,221.54,0.79,43.84,0.77,125.25,0.46,43.1,0.47,94.12,0.32,44.12,0.32,118.12,0.41,43.84,0.42,165.5,0.54,43.21,0.55,82.54,0.91,44.12,0.94,218.65,0.18,43.37,0.18,182.94,0.35,44.07,0.36,132.92,-1615,-1500,-1800,43.5525,6.0200000000000005,0 days 00:10:00,True,38,-1610.0,-1611.0,-1614.0,-1604.0,-1604.0,-1604.0,BELOW
2026-08-16 10:50:49,24.68,87.04,0.75,43.37,0.74,202.57,0.84,43.73,0.82,195.3,0.08,42.64,0.08,327.66,0.31,44.02,0.31,211.2,0.79,43.37,0.82,154.56,0.46,43.33,0.45,81.4,0.32,43.67,0.32,130.64,0.41,43.56,0.42,191.82,0.54,43.44,0.54,78.71,0.91,44.12,0.89,233.23,0.18,43.5,0.18,226.12,0.35,43.73,0.34,168.87,-1632,-1500,-1800,43.54,5.909999999999999,0 days 00:10:00,True,38,-1626.0,-1616.0,-1620.0,-1615.0,-1610.0,-1611.0,BELOW
2026-08-16 11:20:48,25.48,87.95,0.75,43.67,0.75,157.36,0.84,44.07,0.83,168.37,0.08,42.64,0.08,327.66,0.31,44.36,0.32,159.84,0.79,43.61,0.81,134.44,0.46,43.21,0.47,96.62,0.32,43.96,0.31,112.41,0.41,44.07,0.41,155.28,0.54,43.04,0.53,85.29,0.91,43.9,0.9,263.0,0.18,43.33,0.18,269.38,0.35,44.02,0.36,139.75,-1632,-1500,-1800,43.656666666666666,5.95,0 days 00:10:00,True,38,-1635.0,-1638.0,-1632.0,-1626.0,-1616.0,-1620.0,BELOW
2026-08-16 11:30:48,25.91,87.37,0.75,43.73,0.77,159.37,0.84,44.02,0.82,163.99,0.08,41.83,0.08,327.66,0.31,44.53,0.31,166.12,0.79,43.9,0.81,120.0,0.46,43.15,0.45,91.1,0.32,43.9,0.32,113.17,0.41,43.5,0.41,194.53,0.54,43.56,0.55,73.85,0.91,43.37,0.88,250.12,0.18,42.64,0.18,281.66,0.35,44.02,0.34,150.26,-1627,-1500,-1800,43.512499999999996,5.92,0 days 00:10:00,True,38,-1632.0,-1635.0,-1638.0,-1632.0,-1626.0,-1616.0,BELOW
2026-08-16 11:40:48,27.19,82.24,0.75,43.27,0.77,201.76,0.84,43.96,0.86,168.16,0.08,42.35,0.08,327.66,0.31,44.42,0.32,204.12,0.79,43.37,0.78,154.56,0.46,42.98,0.47,105.64,0.32,43.79,0.33,134.8,0.41,44.02,0.41,160.64,0.54,43.1,0.53,83.84,0.91,43.61,0.93,327.66,0.18,43.1,0.18,327.66,0.35,44.02,0.34,151.7,-1625,-1500,-1800,43.499166666666675,5.999999999999999,0 days 00:10:00,True,38,-1627.0,-1632.0,-1635.0,-1638.0,-1632.0,-1626.0,BELOW
2026-08-16 11:50:49,27.72,82.21,0.75,43.79,0.77,157.76,0.84,44.02,0.84,186.09,0.08,42.58,0.08,327.66,0.31,44.36,0.3,176.06,0.79,43.84,0.81,129.92,0.46,42.87,0.45,111.41,0.32,43.73,0.31,127.21,0.41,43.5,0.4,191.57,0.54,43.37,0.54,77.82,0.91,44.12,0.89,208.32,0.18,43.56,0.18,218.94,0.35,43.84,0.36,152.97,-1630,-1500,-1800,43.63166666666667,5.93,0 days 00:10:01,True,38,-1625.0,-1627.0,-1632.0,-1635.0,-1638.0,-1632.0,BELOW
2026-08-16 12:10:48,27.56,78.58,0.75,43.79,0.78,192.84,0.84,44.12,0.87,172.76,0.08,42.41,0.08,327.66,0.31,44.48,0.32,169.91,0.79,43.67,0.79,144.25,0.46,43.15,0.47,94.49,0.32,43.44,0.31,160.37,0.41,43.96,0.41,204.98,0.54,43.21,0.53,91.84,0.91,44.07,0.9,236.87,0.18,43.44,0.18,225.82,0.35,43.61,0.34,179.6,-1626,-1500,-1800,43.61249999999999,5.9799999999999995,0 days 00:09:59,True,38,-1631.0,-1630.0,-1625.0,-1627.0,-1632.0,-1635.0,BELOW
2026-08-16 12:50:49,26.23,80.66,0.75,43.79,0.75,157.76,0.84,44.02,0.87,181.5,0.08,42.7,0.08,327.66,0.31,43.9,0.3,207.76,0.79,43.5,0.76,151.76,0.46,42.81,0.46,105.23,0.32,43.84,0.31,112.11,0.41,44.02,0.4,156.81,0.54,43.1,0.56,82.32,0.91,43.9,0.91,262.31,0.18,43.33,0.18,269.38,0.35,43.96,0.34,139.2,-1640,-1500,-1800,43.5725,5.92,0 days 00:10:01,True,38,-1633.0,-1633.0,-1631.0,-1626.0,-1631.0,-1630.0,BELOW
2026-08-16 14:30:48,30.24,73.42,0.75,43.9,0.73,160.0,0.84,44.07,0.84,177.12,0.08,42.41,0.08,327.66,0.31,44.48,0.32,167.89,0.79,43.5,0.81,151.56,0.46,43.44,0.45,82.98,0.32,43.9,0.33,127.71,0.41,43.61,0.42,251.78,0.54,43.61,0.56,73.94,0.91,44.36,0.89,213.12,0.18,43.73,0.18,201.22,0.41,44.07,0.42,151.89,-1641,-1500,-1800,43.75666666666667,6.03,0 days 00:09:59,True,39,-1631.0,-1631.0,-1636.0,-1635.0,-1632.0,-1631.0,BELOW
2026-08-16 14:40:48,30.56,71.59,0.75,43.84,0.74,185.37,0.84,44.02,0.86,170.21,0.08,42.29,0.08,327.66,0.31,44.42,0.32,156.28,0.79,43.37,0.76,161.84,0.46,42.87,0.47,102.2,0.32,44.02,0.33,111.64,0.41,43.84,0.4,187.62,0.54,43.37,0.55,80.92,0.91,44.07,0.93,245.5,0.18,43.56,0.18,226.42,0.35,43.67,0.34,170.96,-1627,-1500,-1800,43.61166666666666,5.959999999999999,0 days 00:10:00,True,39,-1641.0,-1631.0,-1631.0,-1636.0,-1635.0,-1632.0,BELOW
2026-08-16 16:20:49,29.11,75.9,0.75,43.5,0.74,191.82,0.84,43.67,0.81,219.81,0.08,42.75,0.08,327.66,0.31,43.84,0.3,213.87,0.79,43.9,0.81,124.29,0.46,43.27,0.47,91.47,0.32,44.02,0.33,110.77,0.41,43.67,0.42,181.97,0.54,43.37,0.52,78.61,0.91,44.3,0.88,203.33,0.18,43.73,0.18,187.37,0.35,44.12,0.35,132.0,-1640,-1500,-1800,43.678333333333335,5.89,0 days 00:10:01,True,39,-1634.0,-1632.0,-1630.0,-1629.0,-1630.0,-1630.0,BELOW
2026-08-16 16:50:48,28.63,78.67,0.75,43.79,0.77,154.26,0.84,44.02,0.82,183.65,0.08,42.29,0.08,327.66,0.31,44.12,0.32,199.9,0.79,43.61,0.79,145.56,0.46,43.44,0.47,81.03,0.32,43.84,0.33,131.14,0.41,44.12,0.41,144.25,0.54,43.5,0.54,73.76,0.91,44.25,0.89,215.85,0.18,43.73,0.18,195.04,0.35,44.25,0.35,159.42,-1630,-1500,-1800,43.74666666666667,5.949999999999999,0 days 00:09:59,True,39,-1640.0,-1638.0,-1640.0,-1634.0,-1632.0,-1630.0,BELOW
2026-08-16 17:20:49,28.63,78.28,0.75,43.84,0.76,167.72,0.84,43.73,0.84,203.64,0.08,42.75,0.08,327.66,0.31,44.48,0.3,176.29,0.79,43.33,0.79,154.36,0.46,43.04,0.45,100.95,0.32,44.02,0.31,105.73,0.41,44.02,0.42,156.41,0.79,43.61,0.78,135.58,0.91,44.3,0.9,187.31,0.18,43.73,0.18,182.21,0.35,44.25,0.36,138.73,-1639,-1500,-1800,43.75833333333333,6.170000000000001,0 days 00:10:01,True,39,-1640.0,-1632.0,-1630.0,-1640.0,-1638.0,-1640.0,BELOW
2026-08-16 19:10:49,28.05,78.98,0.75,43.37,0.72,280.38,0.84,43.96,0.85,199.39,0.08,42.35,0.08,327.66,0.31,44.07,0.3,212.01,0.79,43.84,0.8,144.81,0.46,43.33,0.46,95.53,0.32,43.73,0.32,149.09,0.41,43.5,0.41,186.39,0.54,43.73,0.52,74.54,0.91,44.25,0.94,212.58,0.18,43.67,0.18,182.45,0.35,44.19,0.36,142.98,-1646,-1500,-1800,43.66583333333333,5.94,0 days 00:10:00,True,39,-1643.0,-1641.0,-1645.0,-1644.0,-1634.0,-1643.0,BELOW
2026-08-16 19:40:49,27.99,79.31,0.75,43.61,0.78,184.64,0.84,43.9,0.85,193.34,0.08,42.58,0.08,327.66,0.31,44.42,0.3,162.09,0.79,43.79,0.79,167.28,0.46,42.87,0.47,101.57,0.32,43.73,0.32,133.5,0.41,43.96,0.42,169.99,0.54,43.15,0.54,81.56,0.91,44.3,0.93,212.85,0.18,43.67,0.18,200.69,0.35,44.19,0.34,133.44,-1641,-1500,-1800,43.68083333333333,5.999999999999999,0 days 00:10:01,True,39,-1645.0,-1647.0,-1646.0,-1643.0,-1641.0,-1645.0,BELOW
2026-08-16 20:00:49,27.67,80.63,0.75,43.37,0.76,205.32,0.84,43.84,0.83,185.37,0.08,42.58,0.08,327.66,0.31,43.9,0.32,220.96,0.79,43.37,0.79,163.76,0.46,43.61,0.47,83.42,0.32,43.67,0.31,145.75,0.41,43.9,0.42,160.22,0.54,43.73,0.56,72.22,0.91,43.61,0.9,266.29,0.18,43.04,0.18,290.75,0.35,44.02,0.34,144.06,-1642,-1500,-1800,43.55333333333334,5.96,0 days 00:10:00,True,39,-1638.0,-1641.0,-1645.0,-1647.0,-1646.0,-1643.0,BELOW
2026-08-16 20:10:49,27.72,79.92,0.75,43.79,0.72,149.48,0.84,43.73,0.83,216.94,0.08,42.35,0.08,327.66,0.31,43.96,0.31,205.25,0.79,43.73,0.78,136.12,0.46,42.81,0.47,102.82,0.32,43.5,0.33,149.92,0.41,43.61,0.41,155.39,0.54,42.58,0.52,81.33,0.91,43.96,0.92,232.01,0.18,43.33,0.18,240.71,0.35,44.25,0.34,154.17,-1634,-1500,-1800,43.46666666666666,5.889999999999999,0 days 00:10:00,True,39,-1642.0,-1638.0,-1641.0,-1645.0,-1647.0,-1646.0,BELOW
2026-08-16 20:20:48,27.67,80.54,0.75,43.73,0.72,155.59,0.84,43.84,0.87,190.19,0.08,42.75,0.08,327.66,0.31,44.48,0.32,158.66,0.79,43.37,0.77,138.77,0.46,43.04,0.46,100.35,0.32,43.96,0.32,124.29,0.41,44.12,0.42,142.59,0.54,43.5,0.52,76.62,0.91,43.73,0.88,271.88,0.18,42.98,0.18,290.75,0.35,44.25,0.35,127.54,-1635,-1500,-1800,43.645833333333336,5.889999999999999,0 days 00:09:59,True,39,-1634.0,-1642.0,-1638.0,-1641.0,-1645.0,-1647.0,BELOW
2026-08-16 20:30:48,27.62,80.02,0.75,43.27,0.76,214.37,0.84,44.12,0.81,177.12,0.08,42.46,0.08,327.66,0.31,44.3,0.32,177.83,0.79,43.96,0.77,118.98,0.46,42.98,0.47,93.99,0.32,44.07,0.32,115.5,0.41,43.73,0.4,177.76,0.54,43.61,0.52,68.79,0.91,44.19,0.89,218.36,0.18,43.61,0.18,189.2,0.35,43.61,0.34,189.45,-1638,-1500,-1800,43.659166666666664,5.8599999999999985,0 days 00:10:00,True,39,-1635.0,-1634.0,-1642.0,-1638.0,-1641.0,-1645.0,BELOW
2026-08-16 21:10:49,27.4,80.9,0.75,43.44,0.78,181.01,0.84,43.79,0.81,187.62,0.08,42.18,0.08,327.66,0.31,44.3,0.32,260.15,0.79,43.5,0.81,151.37,0.46,43.37,0.46,93.97,0.32,43.84,0.33,115.85,0.41,43.56,0.42,186.64,0.54,43.04,0.56,83.21,0.91,44.07,0.92,237.18,0.18,43.5,0.18,218.94,0.35,43.96,0.34,167.94,-1631,-1500,-1800,43.54583333333333,6.01,0 days 00:10:00,True,39,-1636.0,-1637.0,-1638.0,-1638.0,-1635.0,-1634.0,BELOW
2026-08-16 21:20:49,27.3,80.29,0.75,43.79,0.75,167.28,0.84,43.79,0.87,198.09,0.08,42.29,0.08,327.66,0.31,44.25,0.32,175.37,0.79,43.37,0.78,151.17,0.46,43.5,0.46,79.61,0.32,43.5,0.31,146.73,0.41,44.02,0.4,157.03,0.54,43.1,0.56,83.84,0.91,44.02,0.94,244.54,0.18,43.44,0.18,233.15,0.35,44.07,0.35,147.11,-1634,-1500,-1800,43.595,5.999999999999998,0 days 00:10:00,True,39,-1631.0,-1636.0,-1637.0,-1638.0,-1638.0,-1635.0,BELOW
2026-08-16 21:30:48,27.35,80.08,0.75,43.5,0.74,167.76,0.84,43.84,0.84,195.81,0.08,42.35,0.08,327.66,0.31,44.36,0.32,146.52,0.79,43.84,0.76,129.92,0.46,42.98,0.45,98.89,0.32,43.84,0.32,131.14,0.41,43.9,0.4,162.08,0.54,43.61,0.53,73.46,0.91,44.3,0.93,212.58,0.18,43.67,0.18,197.83,0.35,44.12,0.36,130.95,-1628,-1500,-1800,43.6925,5.91,0 days 00:09:59,True,39,-1634.0,-1631.0,-1636.0,-1637.0,-1638.0,-1638.0,BELOW
2026-08-16 21:40:48,27.3,78.25,0.75,43.73,0.73,161.44,0.84,43.5,0.81,327.66,0.08,42.64,0.08,327.66,0.31,44.07,0.3,191.19,0.79,43.67,0.77,133.14,0.46,43.37,0.46,93.07,0.32,43.79,0.33,135.94,0.41,43.5,0.4,188.95,0.54,43.37,0.52,84.39,0.91,44.02,0.94,236.87,0.18,43.37,0.18,245.65,0.35,44.02,0.36,150.26,-1625,-1500,-1800,43.587500000000006,5.88,0 days 00:10:00,True,39,-1628.0,-1634.0,-1631.0,-1636.0,-1637.0,-1638.0,BELOW
2026-08-16 21:50:49,27.3,77.76,0.75,43.33,0.75,205.04,0.84,44.02,0.85,172.31,0.08,42.58,0.08,327.66,0.31,44.02,0.32,208.32,0.79,43.33,0.82,149.33,0.46,42.93,0.47,101.43,0.32,44.02,0.32,108.18,0.41,43.79,0.4,180.31,0.54,43.5,0.55,77.58,0.91,43.84,0.92,262.66,0.18,43.33,0.18,280.38,0.35,43.96,0.35,151.5,-1629,-1500,-1800,43.55416666666667,6.009999999999999,0 days 00:10:01,True,39,-1625.0,-1628.0,-1634.0,-1631.0,-1636.0,-1637.0,BELOW
2026-08-16 22:00:49,27.19,81.42,0.75,43.67,0.77,159.17,0.84,43.61,0.87,234.4,0.08,42.46,0.08,327.66,0.31,43.84,0.31,224.23,0.79,43.56,0.76,150.12,0.46,43.1,0.45,101.09,0.32,43.61,0.33,147.12,0.41,44.07,0.4,157.03,0.54,43.1,0.53,82.21,0.91,43.73,0.94,277.32,0.18,43.1,0.18,311.0,0.35,44.25,0.36,134.89,-1626,-1500,-1800,43.50833333333335,5.9799999999999995,0 days 00:10:00,True,39,-1629.0,-1625.0,-1628.0,-1634.0,-1631.0,-1636.0,BELOW
2026-08-16 22:10:49,27.19,81.85,0.75,43.67,0.76,175.29,0.84,44.25,0.85,167.01,0.08,42.35,0.08,327.66,0.31,44.3,0.32,169.04,0.79,43.84,0.82,128.89,0.46,42.98,0.45,101.71,0.32,44.02,0.32,130.44,0.41,44.12,0.42,150.47,0.54,43.37,0.54,80.44,0.91,43.9,0.9,243.9,0.18,43.37,0.18,245.33,0.35,43.96,0.34,148.28,-1620,-1500,-1800,43.6775,5.9799999999999995,0 days 00:10:00,True,39,-1626.0,-1629.0,-1625.0,-1628.0,-1634.0,-1631.0,BELOW
2026-08-16 22:20:49,27.19,81.36,0.75,43.27,0.75,214.37,0.84,43.73,0.87,204.18,0.08,42.41,0.08,327.66,0.31,44.02,0.32,202.01,0.79,44.02,0.77,121.52,0.46,43.37,0.45,84.92,0.32,43.5,0.33,150.12,0.41,44.12,0.4,150.26,0.54,43.5,0.52,73.07,0.91,43.67,0.91,282.6,0.18,43.1,0.18,284.69,0.35,43.84,0.36,171.62,-1617,-1500,-1800,43.54583333333334,5.94,0 days 00:10:00,True,39,-1620.0,-1626.0,-1629.0,-1625.0,-1628.0,-1634.0,BELOW
2026-08-16 22:30:49,27.19,80.84,0.75,43.33,0.73,225.22,0.84,44.02,0.82,165.94,0.08,42.7,0.08,250.71,0.31,43.96,0.31,199.12,0.79,43.9,0.8,122.11,0.46,43.21,0.47,93.32,0.32,43.61,0.31,145.37,0.41,43.96,0.42,146.53,0.54,43.56,0.56,74.15,0.91,44.12,0.93,218.65,0.18,43.56,0.18,215.79,0.35,43.56,0.36,168.43,-1615,-1500,-1800,43.62416666666667,5.97,0 days 00:10:00,True,39,-1617.0,-1620.0,-1626.0,-1629.0,-1625.0,-1628.0,BELOW
2026-08-16 22:40:48,27.08,80.9,0.75,43.61,0.77,181.97,0.84,43.79,0.85,252.76,0.08,42.52,0.08,327.66,0.31,44.19,0.31,177.59,0.79,43.84,0.81,147.7,0.46,42.93,0.47,115.34,0.32,43.5,0.33,148.12,0.41,43.67,0.4,166.84,0.54,43.67,0.54,76.08,0.91,44.25,0.89,222.7,0.18,43.67,0.18,198.09,0.35,43.9,0.35,152.76,-1618,-1500,-1800,43.62833333333334,5.9799999999999995,0 days 00:09:59,True,39,-1615.0,-1617.0,-1620.0,-1626.0,-1629.0,-1625.0,BELOW
2026-08-16 22:50:48,27.08,81.51,0.75,43.67,0.77,168.87,0.84,44.07,0.83,174.69,0.08,42.58,0.08,327.66,0.31,44.36,0.3,176.06,0.79,43.5,0.77,142.2,0.46,43.04,0.45,99.02,0.32,43.9,0.32,132.75,0.41,43.67,0.42,189.7,0.54,43.56,0.52,73.36,0.91,44.12,0.9,237.18,0.18,43.56,0.18,238.12,0.35,43.67,0.36,175.06,-1614,-1500,-1800,43.64166666666667,5.9,0 days 00:10:00,True,39,-1618.0,-1615.0,-1617.0,-1620.0,-1626.0,-1629.0,BELOW
2026-08-16 23:00:49,27.03,81.82,0.75,43.21,0.75,190.31,0.84,43.9,0.85,204.72,0.08,42.35,0.08,327.66,0.31,44.12,0.3,181.5,0.79,43.5,0.76,154.98,0.46,43.27,0.45,83.15,0.32,43.84,0.32,140.42,0.41,43.73,0.4,175.51,0.54,43.73,0.54,68.21,0.91,43.96,0.88,249.24,0.18,43.56,0.18,251.12,0.35,44.02,0.34,131.84,-1609,-1500,-1800,43.59916666666667,5.85,0 days 00:10:01,True,39,-1614.0,-1618.0,-1615.0,-1617.0,-1620.0,-1626.0,TARGET
2026-08-16 23:10:49,26.76,81.82,0.75,43.9,0.75,156.41,0.84,43.56,0.82,213.04,0.08,42.46,0.08,327.66,0.31,44.36,0.32,190.09,0.79,43.56,0.81,143.87,0.46,43.5,0.47,82.1,0.32,43.37,0.31,151.17,0.41,43.9,0.41,167.72,0.54,43.1,0.53,80.28,0.91,43.84,0.94,327.66,0.18,43.21,0.18,327.66,0.35,44.19,0.34,152.5,-1604,-1500,-1800,43.57916666666667,5.959999999999999,0 days 00:10:00,True,39,-1609.0,-1614.0,-1618.0,-1615.0,-1617.0,-1620.0,TARGET
2026-08-16 23:20:49,26.76,82.28,0.75,43.33,0.72,204.78,0.84,43.67,0.83,206.96,0.08,42.29,0.08,327.66,0.31,43.96,0.3,228.51,0.79,43.67,0.8,141.48,0.46,43.44,0.46,82.98,0.32,43.67,0.31,141.48,0.41,43.84,0.41,173.55,0.54,43.1,0.52,84.75,0.91,43.67,0.93,256.44,0.18,43.1,0.18,290.37,0.35,44.07,0.35,150.26,-1607,-1500,-1800,43.484166666666674,5.889999999999999,0 days 00:10:00,True,39,-1604.0,-1609.0,-1614.0,-1618.0,-1615.0,-1617.0,TARGET
2026-08-16 23:30:49,26.92,81.39,0.75,43.27,0.78,217.49,0.84,44.12,0.86,172.76,0.08,42.46,0.08,327.66,0.31,44.19,0.32,184.37,0.79,43.79,0.8,157.56,0.46,43.37,0.45,87.5,0.32,44.02,0.33,119.29,0.41,43.9,0.4,165.94,0.54,43.1,0.53,82.82,0.91,43.84,0.88,253.1,0.18,43.33,0.18,259.22,0.35,43.9,0.35,142.05,-1608,-1500,-1800,43.607499999999995,5.96,0 days 00:10:00,True,39,-1607.0,-1604.0,-1609.0,-1614.0,-1618.0,-1615.0,TARGET
2026-08-16 23:40:48,26.87,81.97,0.75,43.37,0.74,229.58,0.84,43.96,0.81,188.36,0.08,42.24,0.08,327.66,0.31,44.36,0.3,171.76,0.79,43.79,0.79,147.89,0.46,43.1,0.45,96.79,0.32,43.96,0.33,114.25,0.41,43.73,0.41,210.37,0.54,43.67,0.52,72.4,0.91,44.02,0.89,254.1,0.18,43.44,0.18,241.99,0.35,43.84,0.36,157.76,-1604,-1500,-1800,43.623333333333335,5.86,0 days 00:09:59,True,39,-1608.0,-1607.0,-1604.0,-1609.0,-1614.0,-1618.0,TARGET
2026-08-16 23:50:48,26.82,81.79,0.75,43.33,0.78,193.24,0.84,43.84,0.87,193.09,0.08,42.29,0.08,327.66,0.31,44.36,0.31,159.84,0.79,43.5,0.8,151.76,0.46,42.93,0.45,99.48,0.32,44.02,0.33,117.28,0.41,43.73,0.4,170.96,0.54,43.56,0.52,78.68,0.91,44.25,0.89,215.85,0.18,43.61,0.18,200.69,0.35,43.61,0.34,158.95,-1589,-1500,-1800,43.58583333333333,5.95,0 days 00:10:00,True,39,-1604.0,-1608.0,-1607.0,-1604.0,-1609.0,-1614.0,ABOVE
2026-08-17 00:00:49,26.98,81.54,0.75,43.44,0.72,199.64,0.84,43.79,0.86,189.7,0.08,42.52,0.08,327.66,0.31,44.25,0.31,177.36,0.79,43.27,0.76,145.56,0.46,43.1,0.47,99.75,0.32,43.84,0.31,121.79,0.41,44.02,0.4,153.17,0.54,43.44,0.55,83.09,0.91,44.07,0.9,236.87,0.18,43.5,0.18,237.81,0.35,43.84,0.35,178.24,-1598,-1500,-1800,43.59,5.89,0 days 00:10:01,True,39,-1589.0,-1604.0,-1608.0,-1607.0,-1604.0,-1609.0,TARGET
2026-08-17 00:10:49,26.92,81.63,0.75,43.33,0.76,201.76,0.84,43.73,0.81,220.1,0.08,42.64,0.08,327.66,0.31,44.02,0.32,188.61,0.79,43.67,0.8,126.88,0.46,43.21,0.47,93.21,0.32,43.61,0.31,139.69,0.41,43.84,0.42,163.56,0.54,43.04,0.55,80.64,0.91,43.84,0.88,267.35,0.18,43.33,0.18,237.18,0.35,44.02,0.36,164.2,-1595,-1500,-1800,43.52333333333333,5.94,0 days 00:10:00,True,39,-1598.0,-1589.0,-1604.0,-1608.0,-1607.0,-1604.0,TARGET
2026-08-17 00:20:49,26.82,81.76,0.75,43.84,0.74,161.66,0.84,44.19,0.83,170.87,0.08,42.29,0.08,327.66,0.31,44.3,0.3,180.1,0.79,43.67,0.81,138.48,0.46,43.15,0.46,112.0,0.32,43.5,0.32,146.92,0.41,43.96,0.42,149.87,0.54,43.67,0.53,72.03,0.91,43.56,0.9,276.22,0.18,42.98,0.18,296.68,0.35,44.19,0.34,136.2,-1597,-1500,-1800,43.60833333333333,5.909999999999999,0 days 00:10:00,True,39,-1595.0,-1598.0,-1589.0,-1604.0,-1608.0,-1607.0,TARGET
2026-08-17 00:50:48,26.82,81.91,0.75,43.37,0.73,188.45,0.84,43.73,0.87,206.96,0.08,42.35,0.08,327.66,0.31,44.25,0.32,286.69,0.79,43.9,0.81,115.04,0.46,43.21,0.46,93.6,0.32,43.67,0.31,209.54,0.41,43.79,0.41,163.56,0.54,42.98,0.56,83.21,0.91,44.19,0.89,222.7,0.18,43.56,0.18,189.2,0.35,43.73,0.36,144.62,-1592,-1500,-1800,43.560833333333335,5.98,0 days 00:09:59,True,39,-1585.0,-1581.0,-1597.0,-1595.0,-1598.0,-1589.0,TARGET
2026-08-17 01:10:49,26.82,82.03,0.75,43.61,0.73,156.73,0.84,43.5,0.85,233.78,0.08,42.64,0.08,327.66,0.31,44.02,0.31,205.25,0.79,43.61,0.79,138.11,0.46,43.15,0.46,91.22,0.32,43.61,0.33,145.75,0.41,44.02,0.41,148.48,0.54,43.15,0.53,82.54,0.91,43.84,0.89,257.12,0.18,43.15,0.18,248.79,0.35,43.67,0.35,177.3,-1587,-1500,-1800,43.497499999999995,5.909999999999999,0 days 00:10:00,True,39,-1583.0,-1592.0,-1585.0,-1581.0,-1597.0,-1595.0,ABOVE
2026-08-17 01:30:49,26.76,81.63,0.75,43.37,0.77,193.5,0.84,43.56,0.85,226.12,0.08,42.46,0.08,327.66,0.31,43.84,0.31,217.23,0.79,43.84,0.82,113.03,0.46,43.37,0.47,84.39,0.32,44.12,0.33,125.89,0.41,44.12,0.4,144.25,0.54,43.15,0.52,82.54,0.91,44.25,0.9,222.4,0.18,43.73,0.18,203.64,0.35,43.67,0.34,179.6,-1569,-1500,-1800,43.623333333333335,5.970000000000001,0 days 00:10:00,True,39,-1580.0,-1587.0,-1583.0,-1592.0,-1585.0,-1581.0,ABOVE
2026-08-17 01:40:49,26.82,81.7,0.75,43.79,0.72,156.0,0.84,43.61,0.82,203.64,0.08,42.64,0.08,327.66,0.31,44.25,0.32,189.59,0.79,43.96,0.78,122.27,0.46,43.5,0.47,82.59,0.32,43.73,0.32,132.06,0.41,44.07,0.41,142.59,0.54,43.56,0.52,70.72,0.91,43.79,0.93,262.31,0.18,43.27,0.18,269.03,0.35,43.73,0.36,161.01,-1570,-1500,-1800,43.65833333333333,5.91,0 days 00:10:00,True,39,-1569.0,-1580.0,-1587.0,-1583.0,-1592.0,-1585.0,ABOVE
2026-08-17 01:50:48,26.82,81.54,0.75,43.73,0.74,163.34,0.84,43.96,0.87,193.34,0.08,42.46,0.08,327.66,0.31,44.02,0.31,211.47,0.79,43.96,0.79,122.11,0.46,43.21,0.46,96.62,0.32,43.9,0.32,121.05,0.41,43.56,0.42,189.2,0.54,43.56,0.55,73.46,0.91,44.12,0.94,237.18,0.18,43.56,0.18,219.23,0.35,43.96,0.36,148.09,-1572,-1500,-1800,43.666666666666664,6.0200000000000005,0 days 00:09:59,True,39,-1570.0,-1569.0,-1580.0,-1587.0,-1583.0,-1592.0,ABOVE
2026-08-17 02:00:48,26.76,81.66,0.75,43.73,0.77,161.01,0.84,44.02,0.85,174.46,0.08,42.64,0.08,327.66,0.31,43.79,0.31,210.37,0.79,43.56,0.79,166.18,0.46,43.21,0.47,91.1,0.32,43.9,0.32,116.82,0.41,43.79,0.42,156.2,0.54,43.61,0.56,72.5,0.91,43.9,0.92,244.54,0.18,43.37,0.18,250.12,0.35,43.79,0.36,138.84,-1576,-1500,-1800,43.60916666666666,6.03,0 days 00:10:00,True,39,-1572.0,-1570.0,-1569.0,-1580.0,-1587.0,-1583.0,ABOVE
2026-08-17 02:50:48,26.34,84.47,0.75,43.56,0.77,189.2,0.84,44.19,0.81,170.87,0.08,42.24,0.08,327.66,0.31,44.19,0.3,197.35,0.79,43.84,0.81,123.03,0.46,42.81,0.47,123.39,0.32,44.02,0.33,112.56,0.41,43.73,0.41,182.45,0.54,43.37,0.55,74.06,0.91,44.25,0.93,219.5,0.18,43.67,0.18,200.69,0.35,43.79,0.35,154.47,-1564,-1500,-1800,43.63833333333334,5.989999999999999,0 days 00:09:59,True,39,-1568.0,-1562.0,-1563.0,-1564.0,-1576.0,-1572.0,ABOVE
2026-08-17 03:10:49,26.02,85.27,0.75,43.67,0.73,179.84,0.84,43.9,0.85,182.93,0.08,42.01,0.08,327.66,0.31,44.42,0.31,161.67,0.79,43.79,0.77,137.28,0.46,42.93,0.45,99.35,0.32,43.96,0.31,117.13,0.41,43.44,0.42,188.95,0.54,43.1,0.53,79.9,0.91,44.07,0.9,225.12,0.18,43.5,0.18,221.87,0.35,43.79,0.35,167.28,-1572,-1500,-1800,43.548333333333325,5.88,0 days 00:10:01,True,39,-1561.0,-1564.0,-1568.0,-1562.0,-1563.0,-1564.0,ABOVE
2026-08-17 03:20:49,26.02,85.6,0.75,43.37,0.74,199.64,0.84,43.73,0.85,198.35,0.08,42.12,0.08,327.66,0.31,44.48,0.32,168.11,0.79,43.33,0.81,149.33,0.46,42.98,0.45,118.5,0.32,43.37,0.31,183.42,0.41,43.96,0.41,145.2,0.54,43.37,0.54,76.85,0.91,44.19,0.92,212.29,0.18,43.73,0.18,195.3,0.35,44.19,0.35,130.95,-1572,-1500,-1800,43.56833333333333,5.959999999999999,0 days 00:10:00,True,39,-1572.0,-1561.0,-1564.0,-1568.0,-1562.0,-1563.0,ABOVE
2026-08-17 04:30:49,24.84,88.62,0.75,43.44,0.76,186.15,0.84,43.56,0.82,222.76,0.08,42.58,0.08,327.66,0.31,43.9,0.31,196.07,0.79,43.9,0.79,122.11,0.46,43.04,0.46,97.48,0.32,43.79,0.31,117.66,0.41,44.02,0.4,145.39,0.54,43.61,0.55,69.83,0.91,43.73,0.91,243.26,0.18,43.1,0.18,291.15,0.35,43.9,0.36,140.61,-1572,-1500,-1800,43.54750000000001,5.930000000000001,0 days 00:10:00,True,39,-1566.0,-1569.0,-1560.0,-1559.0,-1568.0,-1565.0,ABOVE
2026-08-17 04:40:49,24.84,88.81,0.75,43.5,0.78,162.06,0.84,43.5,0.86,226.12,0.08,42.35,0.08,327.66,0.31,44.02,0.3,196.32,0.79,43.79,0.78,122.87,0.46,42.98,0.46,98.75,0.32,43.37,0.31,152.84,0.41,43.5,0.41,183.9,0.54,43.56,0.55,72.68,0.91,44.12,0.94,245.5,0.18,43.56,0.18,212.76,0.35,43.9,0.36,152.56,-1569,-1500,-1800,43.512499999999996,6.010000000000001,0 days 00:10:00,True,39,-1572.0,-1566.0,-1569.0,-1560.0,-1559.0,-1568.0,ABOVE
2026-08-17 06:30:49,25.11,88.96,0.75,43.15,0.77,213.81,0.84,44.12,0.82,172.53,0.08,42.18,0.08,327.66,0.31,43.96,0.32,160.42,0.79,43.27,0.76,161.41,0.46,43.33,0.47,80.33,0.32,43.61,0.32,141.12,0.41,43.84,0.4,161.66,0.54,43.1,0.53,82.32,0.91,44.07,0.91,218.36,0.18,43.5,0.18,212.2,0.35,43.9,0.34,143.31,-1571,-1500,-1800,43.502500000000005,5.8999999999999995,0 days 00:10:00,True,39,-1566.0,-1566.0,-1558.0,-1559.0,-1565.0,-1559.0,ABOVE
2026-08-17 06:40:49,25.21,88.69,0.75,43.73,0.78,161.23,0.84,43.96,0.83,190.94,0.08,42.64,0.08,327.66,0.31,44.12,0.31,179.64,0.79,43.61,0.77,148.89,0.46,43.1,0.46,85.52,0.32,43.67,0.32,138.66,0.41,43.79,0.41,152.56,0.54,43.15,0.56,79.65,0.91,43.73,0.89,315.13,0.18,43.04,0.18,327.66,0.35,43.67,0.34,167.06,-1575,-1500,-1800,43.517500000000005,5.929999999999999,0 days 00:10:00,True,39,-1571.0,-1566.0,-1566.0,-1558.0,-1559.0,-1565.0,ABOVE
2026-08-17 06:50:49,25.05,88.69,0.75,43.67,0.76,155.39,0.84,43.73,0.86,189.7,0.08,42.52,0.08,327.66,0.31,44.25,0.32,189.84,0.79,43.56,0.81,141.12,0.46,42.93,0.46,101.43,0.32,43.79,0.31,138.66,0.41,43.79,0.41,180.31,0.54,43.33,0.56,73.76,0.91,43.73,0.92,247.61,0.18,43.15,0.18,273.68,0.35,43.9,0.36,141.86,-1574,-1500,-1800,43.52916666666667,6.03,0 days 00:10:00,True,39,-1575.0,-1571.0,-1566.0,-1566.0,-1558.0,-1559.0,ABOVE
2026-08-17 07:00:48,25.05,88.78,0.75,43.15,0.72,217.2,0.84,44.02,0.81,172.53,0.08,42.35,0.08,327.66,0.31,44.02,0.31,196.84,0.79,43.61,0.81,130.28,0.46,43.44,0.45,81.99,0.32,43.9,0.31,112.25,0.41,43.9,0.42,156.41,0.54,43.67,0.55,69.24,0.91,43.9,0.9,228.21,0.18,43.27,0.18,249.46,0.35,44.02,0.36,129.39,-1574,-1500,-1800,43.604166666666664,5.900000000000001,0 days 00:09:59,True,39,-1574.0,-1575.0,-1571.0,-1566.0,-1566.0,-1558.0,ABOVE
2026-08-17 07:10:49,25.05,88.87,0.75,43.67,0.76,153.66,0.84,43.67,0.87,210.37,0.08,42.41,0.08,327.66,0.31,44.36,0.31,163.34,0.79,43.56,0.81,144.06,0.46,42.75,0.47,106.05,0.32,43.73,0.31,121.95,0.41,43.61,0.4,179.6,0.54,43.04,0.55,82.21,0.91,43.9,0.88,239.7,0.18,43.27,0.18,236.24,0.35,43.5,0.36,176.83,-1576,-1500,-1800,43.45583333333334,5.9799999999999995,0 days 00:10:01,True,39,-1574.0,-1574.0,-1575.0,-1571.0,-1566.0,-1566.0,ABOVE
2026-08-17 07:20:49,25.05,88.87,0.75,43.33,0.74,185.65,0.84,43.5,0.87,306.91,0.08,42.58,0.08,327.66,0.31,44.12,0.31,194.61,0.79,43.73,0.81,134.62,0.46,42.81,0.46,102.06,0.32,43.5,0.32,153.05,0.41,43.61,0.42,175.29,0.54,43.15,0.52,79.54,0.91,44.19,0.92,279.87,0.18,43.56,0.18,191.57,0.35,43.73,0.36,173.32,-1577,-1500,-1800,43.48416666666666,5.989999999999999,0 days 00:10:00,True,39,-1576.0,-1574.0,-1574.0,-1575.0,-1571.0,-1566.0,ABOVE
2026-08-17 07:40:49,25.16,89.27,0.75,43.67,0.72,175.29,0.84,43.67,0.84,213.04,0.08,42.46,0.08,327.66,0.31,43.84,0.32,213.87,0.79,43.44,0.77,148.12,0.46,43.1,0.45,94.24,0.32,43.37,0.32,163.76,0.41,43.96,0.4,148.28,0.54,43.15,0.53,79.08,0.91,43.84,0.94,283.72,0.18,43.27,0.18,280.38,0.35,43.79,0.36,147.7,-1585,-1500,-1800,43.46333333333333,5.910000000000001,0 days 00:10:00,True,39,-1580.0,-1577.0,-1576.0,-1574.0,-1574.0,-1575.0,ABOVE
2026-08-17 07:50:49,25.21,89.17,0.75,43.37,0.72,194.01,0.84,43.61,0.87,197.3,0.08,42.41,0.08,327.66,0.31,44.12,0.3,194.1,0.79,43.67,0.76,134.62,0.46,43.21,0.45,84.47,0.32,43.37,0.33,151.17,0.41,43.96,0.42,143.7,0.79,43.44,0.78,143.48,0.91,43.96,0.91,232.62,0.18,43.37,0.18,229.28,0.35,44.19,0.36,137.19,-1593,-1500,-1800,43.556666666666665,6.16,0 days 00:10:00,True,39,-1585.0,-1580.0,-1577.0,-1576.0,-1574.0,-1574.0,TARGET
2026-08-17 08:00:48,25.32,89.39,0.75,43.15,0.76,192.73,0.84,43.96,0.86,221.54,0.08,42.46,0.08,327.66,0.31,44.02,0.3,208.32,0.79,43.73,0.82,122.71,0.46,43.15,0.47,97.74,0.32,43.73,0.32,133.33,0.41,43.79,0.41,152.37,0.54,42.93,0.53,82.99,0.91,43.84,0.89,272.6,0.18,43.27,0.18,285.84,0.35,43.67,0.35,161.01,-1593,-1500,-1800,43.474999999999994,5.969999999999999,0 days 00:09:59,True,39,-1593.0,-1585.0,-1580.0,-1577.0,-1576.0,-1574.0,TARGET
2026-08-17 08:10:49,25.43,89.14,0.75,43.61,0.74,170.96,0.84,43.67,0.86,219.81,0.08,42.64,0.08,327.66,0.31,44.12,0.31,186.34,0.79,43.84,0.81,119.85,0.46,43.21,0.47,90.25,0.32,43.67,0.33,138.66,0.41,43.84,0.41,159.8,0.54,43.15,0.54,79.08,0.46,42.98,0.47,98.63,0.32,43.5,0.33,146.53,0.35,43.79,0.35,169.32,-1593,-1500,-1800,43.501666666666665,5.7,0 days 00:10:01,True,39,-1593.0,-1593.0,-1585.0,-1580.0,-1577.0,-1576.0,TARGET
2026-08-17 08:20:49,25.32,89.2,0.75,43.79,0.72,154.26,0.84,43.5,0.87,226.12,0.08,42.41,0.08,327.66,0.31,44.36,0.31,163.56,0.79,43.73,0.81,127.21,0.46,42.93,0.47,99.48,0.32,43.73,0.33,122.55,0.41,43.84,0.42,167.5,0.54,43.27,0.52,77.5,0.91,43.56,0.94,281.87,0.18,43.04,0.18,327.66,0.35,43.96,0.34,143.7,-1588,-1500,-1800,43.51,5.989999999999998,0 days 00:10:00,True,39,-1593.0,-1593.0,-1593.0,-1585.0,-1580.0,-1577.0,ABOVE
2026-08-17 08:30:49,25.32,89.72,0.75,43.27,0.76,217.78,0.84,43.96,0.87,196.32,0.08,42.46,0.08,327.66,0.31,43.84,0.3,204.18,0.79,43.79,0.79,130.98,0.46,42.98,0.47,99.48,0.32,43.67,0.31,157.56,0.41,43.56,0.41,192.08,0.54,43.61,0.54,70.29,0.91,43.9,0.92,253.1,0.18,43.27,0.18,269.03,0.35,43.73,0.35,154.06,-1590,-1500,-1800,43.50333333333333,5.979999999999999,0 days 00:10:00,True,39,-1588.0,-1593.0,-1593.0,-1593.0,-1585.0,-1580.0,TARGET
2026-08-17 08:40:49,25.59,89.63,0.75,43.33,0.77,221.87,0.84,44.07,0.87,168.16,0.08,42.52,0.08,327.66,0.31,43.96,0.3,185.85,0.79,43.67,0.81,135.75,0.46,43.21,0.45,91.96,0.32,43.79,0.33,125.25,0.41,44.02,0.42,142.42,0.54,43.1,0.54,83.84,0.91,43.9,0.88,235.93,0.18,43.33,0.18,245.33,0.41,43.61,0.42,170.51,-1601,-1500,-1800,43.5425,6.05,0 days 00:10:00,True,39,-1590.0,-1588.0,-1593.0,-1593.0,-1593.0,-1585.0,TARGET
2026-08-17 08:50:49,25.96,89.42,0.75,43.56,0.76,184.15,0.84,43.56,0.86,234.4,0.08,42.35,0.08,327.66,0.31,44.02,0.31,211.75,0.79,43.37,0.77,160.17,0.46,43.21,0.47,86.72,0.32,43.5,0.32,146.73,0.41,43.84,0.4,169.54,0.54,43.04,0.52,79.81,0.91,44.25,0.89,222.7,0.18,43.67,0.18,192.33,0.35,43.56,0.34,166.4,-1602,-1500,-1800,43.49416666666667,5.8999999999999995,0 days 00:10:00,True,39,-1601.0,-1590.0,-1588.0,-1593.0,-1593.0,-1593.0,TARGET
2026-08-17 09:00:49,26.12,89.78,0.75,43.73,0.74,150.72,0.84,43.61,0.81,219.51,0.08,42.24,0.08,327.66,0.31,44.07,0.31,225.4,0.79,43.9,0.78,117.82,0.46,43.37,0.47,85.03,0.32,43.56,0.32,148.5,0.41,43.56,0.4,181.49,0.79,43.84,0.79,121.95,0.91,43.73,0.92,261.62,0.18,43.15,0.18,285.07,0.35,43.79,0.35,161.44,-1609,-1500,-1800,43.54583333333333,6.1499999999999995,0 days 00:10:00,True,39,-1602.0,-1601.0,-1590.0,-1588.0,-1593.0,-1593.0,TARGET
2026-08-17 09:10:49,26.39,89.33,0.75,43.73,0.75,155.8,0.84,43.84,0.83,213.87,0.08,42.24,0.08,327.66,0.31,44.19,0.31,179.64,0.79,43.61,0.82,142.75,0.46,43.27,0.45,89.21,0.32,43.79,0.31,130.98,0.41,43.56,0.42,186.39,0.54,43.33,0.54,76.32,0.91,43.67,0.92,288.5,0.18,43.1,0.18,310.57,0.35,43.84,0.34,157.98,-1607,-1500,-1800,43.514166666666675,5.949999999999999,0 days 00:10:00,True,39,-1609.0,-1602.0,-1601.0,-1590.0,-1588.0,-1593.0,TARGET
2026-08-17 09:20:49,26.55,88.9,0.75,43.79,0.75,152.56,0.84,44.07,0.84,166.37,0.08,42.52,0.08,327.66,0.31,44.3,0.32,177.83,0.79,43.33,0.77,152.45,0.46,43.21,0.46,90.74,0.32,43.96,0.33,118.28,0.41,43.61,0.41,181.73,0.54,43.61,0.55,75.87,0.46,43.33,0.45,80.92,0.32,43.96,0.32,115.2,0.35,44.19,0.34,134.73,-1607,-1500,-1800,43.65666666666666,5.62,0 days 00:10:00,True,39,-1607.0,-1609.0,-1602.0,-1601.0,-1590.0,-1588.0,TARGET
2026-08-17 09:30:49,26.82,88.56,0.75,43.67,0.73,230.79,0.84,43.96,0.87,169.76,0.08,42.29,0.08,327.66,0.31,43.9,0.3,309.75,0.79,43.37,0.81,154.56,0.46,43.15,0.46,96.36,0.32,43.9,0.31,117.96,0.41,43.84,0.4,163.56,0.54,43.15,0.55,79.08,0.91,43.96,0.91,244.54,0.18,43.37,0.18,250.12,0.35,43.67,0.36,170.96,-1622,-1500,-1800,43.519166666666656,5.96,0 days 00:10:00,True,39,-1607.0,-1607.0,-1609.0,-1602.0,-1601.0,-1590.0,BELOW
2026-08-17 09:40:49,27.08,88.72,0.75,43.56,0.78,186.89,0.84,44.07,0.83,172.53,0.08,42.58,0.08,327.66,0.31,44.19,0.32,173.21,0.79,43.37,0.76,146.14,0.46,42.87,0.47,102.97,0.32,43.79,0.31,126.38,0.41,44.02,0.41,139.56,0.54,43.04,0.55,91.59,0.91,44.12,0.94,221.83,0.18,43.61,0.18,200.15,0.35,43.61,0.34,162.7,-1618,-1500,-1800,43.56916666666667,5.969999999999999,0 days 00:10:00,True,39,-1622.0,-1607.0,-1607.0,-1609.0,-1602.0,-1601.0,BELOW
2026-08-17 09:50:49,27.46,88.29,0.75,43.37,0.78,188.7,0.84,43.67,0.81,203.9,0.08,42.29,0.08,327.66,0.31,44.02,0.3,172.31,0.79,43.67,0.76,137.11,0.46,43.44,0.46,78.61,0.32,43.84,0.33,127.54,0.41,44.07,0.41,146.92,0.54,43.44,0.53,74.54,0.91,43.79,0.9,261.28,0.18,43.15,0.18,267.94,0.41,44.07,0.4,148.67,-1614,-1500,-1800,43.56833333333333,5.940000000000001,0 days 00:10:00,True,39,-1618.0,-1622.0,-1607.0,-1607.0,-1609.0,-1602.0,BELOW
2026-08-17 10:00:49,27.67,87.04,0.75,43.73,0.73,161.23,0.84,43.96,0.87,303.01,0.08,42.24,0.08,327.66,0.31,43.84,0.31,224.23,0.79,43.84,0.82,117.66,0.46,43.15,0.45,92.57,0.32,43.73,0.32,135.94,0.41,43.61,0.4,184.39,0.54,43.61,0.55,73.17,0.91,43.67,0.88,288.88,0.18,43.1,0.18,317.81,0.35,43.84,0.35,151.31,-1622,-1500,-1800,43.52666666666667,5.9399999999999995,0 days 00:10:00,True,39,-1614.0,-1618.0,-1622.0,-1607.0,-1607.0,-1609.0,BELOW
2026-08-17 10:10:49,27.88,86.12,0.75,43.56,0.74,186.64,0.84,43.73,0.85,207.23,0.08,42.46,0.08,327.66,0.31,44.02,0.31,191.19,0.79,43.84,0.82,125.25,0.46,42.93,0.47,103.11,0.32,43.44,0.31,153.05,0.41,44.12,0.41,139.92,0.79,43.9,0.79,121.05,0.91,44.07,0.94,229.4,0.18,43.56,0.18,209.26,0.35,43.79,0.35,140.06,-1612,-1500,-1800,43.61833333333333,6.249999999999998,0 days 00:10:00,True,39,-1622.0,-1614.0,-1618.0,-1622.0,-1607.0,-1607.0,BELOW
2026-08-17 10:20:49,28.15,85.88,0.75,43.37,0.73,205.32,0.84,44.07,0.84,160.42,0.08,42.46,0.08,327.66,0.31,43.9,0.3,210.92,0.79,43.5,0.81,154.76,0.46,42.87,0.46,100.68,0.32,43.9,0.31,110.48,0.41,43.67,0.41,179.84,0.54,42.87,0.56,75.4,0.91,44.19,0.91,241.58,0.18,43.61,0.18,223.06,0.35,43.61,0.35,160.59,-1621,-1500,-1800,43.501666666666665,5.9399999999999995,0 days 00:10:00,True,39,-1612.0,-1622.0,-1614.0,-1618.0,-1622.0,-1607.0,BELOW
2026-08-17 10:30:49,28.31,85.21,0.75,43.21,0.75,210.79,0.84,43.84,0.87,188.12,0.08,42.58,0.08,327.66,0.31,44.02,0.3,211.47,0.79,43.9,0.79,115.04,0.46,42.98,0.45,100.07,0.32,43.73,0.33,132.23,0.41,43.5,0.41,183.9,0.54,43.44,0.55,77.37,0.46,43.5,0.45,83.09,0.32,44.02,0.33,109.89,0.35,43.67,0.35,166.84,-1621,-1500,-1800,43.5325,5.66,0 days 00:10:00,True,39,-1621.0,-1612.0,-1622.0,-1614.0,-1618.0,-1622.0,BELOW
2026-08-17 10:40:49,28.47,83.71,0.75,43.5,0.75,183.67,0.84,43.61,0.87,223.06,0.08,42.64,0.08,327.66,0.31,44.3,0.32,187.31,0.79,43.5,0.76,146.73,0.46,43.15,0.47,90.74,0.32,43.44,0.31,151.37,0.41,43.96,0.42,151.7,0.54,43.44,0.53,71.18,0.91,43.5,0.9,234.09,0.18,43.61,0.18,246.62,0.35,44.07,0.34,145.75,-1621,-1500,-1800,43.56,5.93,0 days 00:10:00,True,39,-1621.0,-1621.0,-1612.0,-1622.0,-1614.0,-1618.0,BELOW
2026-08-17 10:50:49,28.58,83.59,0.75,43.44,0.74,208.71,0.84,43.5,0.83,241.99,0.08,42.29,0.08,285.32,0.31,44.42,0.3,163.76,0.79,43.27,0.76,150.97,0.46,43.37,0.46,78.61,0.32,43.44,0.32,151.37,0.41,43.79,0.42,163.34,0.54,42.93,0.53,84.42,0.91,44.12,0.93,237.49,0.18,43.5,0.18,215.51,0.35,44.12,0.36,137.37,-1622,-1500,-1800,43.515833333333326,5.909999999999999,0 days 00:10:00,True,39,-1621.0,-1621.0,-1621.0,-1612.0,-1622.0,-1614.0,BELOW
2026-08-17 12:10:49,27.94,85.45,0.75,43.67,0.77,164.85,0.84,43.73,0.87,220.1,0.08,42.52,0.08,327.66,0.31,44.42,0.32,163.76,0.79,43.37,0.82,159.95,0.46,43.21,0.47,88.52,0.32,43.44,0.33,148.12,0.41,43.84,0.4,167.72,0.54,43.04,0.52,84.75,0.91,44.36,0.91,206.86,0.18,43.67,0.18,227.01,0.35,44.19,0.35,132.19,-1623,-1500,-1800,43.62166666666667,6.02,0 days 00:10:00,True,39,-1628.0,-1627.0,-1626.0,-1626.0,-1631.0,-1629.0,BELOW
2026-08-17 12:50:49,28.47,83.95,0.75,43.27,0.74,211.36,0.84,43.9,0.84,178.47,0.08,42.64,0.08,327.66,0.31,44.42,0.31,185.08,0.79,43.37,0.8,158.33,0.46,43.1,0.45,97.48,0.32,43.96,0.31,121.36,0.41,44.02,0.4,153.37,0.54,43.1,0.56,84.88,0.91,43.9,0.94,262.66,0.18,43.27,0.18,274.76,0.35,43.56,0.35,166.18,-1624,-1500,-1800,43.5425,5.959999999999999,0 days 00:10:00,True,39,-1632.0,-1626.0,-1630.0,-1623.0,-1628.0,-1627.0,BELOW
2026-08-17 13:00:49,28.53,83.07,0.75,43.37,0.78,183.18,0.84,43.73,0.82,198.09,0.08,42.18,0.08,327.66,0.31,44.12,0.31,202.54,0.79,43.37,0.77,158.12,0.46,42.81,0.46,106.05,0.32,43.56,0.31,151.76,0.41,44.02,0.41,149.87,0.54,43.37,0.55,72.68,0.91,43.67,0.94,282.6,0.18,43.1,0.18,327.66,0.35,43.61,0.36,175.06,-1623,-1500,-1800,43.40916666666667,5.97,0 days 00:10:00,True,39,-1624.0,-1632.0,-1626.0,-1630.0,-1623.0,-1628.0,BELOW
2026-08-17 13:10:49,28.53,82.58,0.75,43.33,0.77,207.87,0.84,43.56,0.86,223.06,0.08,42.7,0.08,327.66,0.31,44.53,0.3,170.12,0.79,43.84,0.76,125.25,0.46,42.93,0.45,97.35,0.32,43.84,0.32,124.13,0.41,43.56,0.4,194.53,0.54,43.67,0.54,69.24,0.91,43.79,0.91,272.24,0.18,43.21,0.18,285.46,0.35,43.9,0.36,167.72,-1624,-1500,-1800,43.571666666666665,5.93,0 days 00:10:00,True,39,-1623.0,-1624.0,-1632.0,-1626.0,-1630.0,-1623.0,BELOW
2026-08-17 13:20:49,28.58,82.89,0.75,43.37,0.77,211.64,0.84,43.73,0.86,200.69,0.08,42.24,0.08,327.66,0.31,44.19,0.3,206.06,0.79,43.84,0.82,120.89,0.46,43.1,0.45,97.61,0.32,43.67,0.31,155.39,0.41,44.02,0.4,136.83,0.54,43.15,0.56,81.33,0.91,43.96,0.93,228.51,0.18,43.44,0.18,221.87,0.35,43.79,0.36,187.62,-1623,-1500,-1800,43.541666666666664,6.02,0 days 00:10:00,True,39,-1624.0,-1623.0,-1624.0,-1632.0,-1626.0,-1630.0,BELOW
2026-08-17 14:20:50,29.91,80.5,0.75,43.79,0.72,163.34,0.84,43.61,0.86,271.53,0.08,42.35,0.08,327.66,0.31,44.19,0.32,189.59,0.79,44.07,0.76,118.43,0.46,42.93,0.46,101.43,0.32,43.5,0.31,151.37,0.41,44.19,0.42,144.45,0.54,43.56,0.56,77.49,0.91,44.3,0.94,222.99,0.18,43.67,0.18,197.83,0.35,43.56,0.34,162.48,-1627,-1500,-1800,43.64333333333334,5.949999999999999,0 days 00:10:01,True,39,-1625.0,-1628.0,-1637.0,-1631.0,-1628.0,-1623.0,BELOW
2026-08-17 14:40:49,30.45,78.83,0.75,43.67,0.77,175.29,0.84,44.07,0.81,168.37,0.08,42.64,0.08,327.66,0.31,44.02,0.3,211.75,0.79,44.07,0.79,126.71,0.46,43.15,0.47,95.02,0.32,43.9,0.33,113.17,0.41,44.02,0.42,156.81,0.54,43.79,0.52,71.19,0.91,44.02,0.89,232.32,0.18,43.44,0.18,225.22,0.35,44.19,0.35,129.73,-1624,-1500,-1800,43.748333333333335,5.909999999999999,0 days 00:10:00,True,39,-1630.0,-1627.0,-1625.0,-1628.0,-1637.0,-1631.0,BELOW
2026-08-17 14:50:49,30.08,79.38,0.75,43.21,0.76,204.51,0.84,43.56,0.81,219.23,0.08,42.75,0.08,265.44,0.31,44.12,0.31,203.07,0.79,43.56,0.82,153.25,0.46,43.44,0.45,79.61,0.32,43.44,0.31,181.01,0.41,43.61,0.42,177.54,0.54,43.15,0.55,82.82,0.91,44.02,0.94,258.79,0.18,43.44,0.18,264.9,0.35,44.19,0.35,133.44,-1622,-1500,-1800,43.54083333333333,5.98,0 days 00:10:00,True,39,-1624.0,-1630.0,-1627.0,-1625.0,-1628.0,-1637.0,BELOW
2026-08-17 16:10:49,33.49,69.21,0.75,43.56,0.73,197.57,0.84,43.84,0.83,204.18,0.08,42.58,0.08,327.66,0.31,43.9,0.32,207.76,0.79,43.5,0.81,155.17,0.46,43.61,0.47,83.31,0.32,43.56,0.31,140.73,0.41,43.67,0.41,192.58,0.54,43.5,0.54,79.06,0.91,44.19,0.88,237.49,0.18,43.5,0.18,234.09,0.35,44.36,0.35,135.25,-1628,-1500,-1800,43.6475,5.909999999999999,0 days 00:10:00,True,39,-1630.0,-1634.0,-1628.0,-1635.0,-1631.0,-1628.0,BELOW
2026-08-17 16:20:49,33.23,69.45,0.75,43.84,0.75,278.04,0.84,44.12,0.82,164.62,0.08,42.35,0.08,327.66,0.31,43.9,0.31,210.92,0.79,43.5,0.77,148.12,0.46,42.98,0.45,102.61,0.32,43.96,0.31,124.45,0.41,43.84,0.41,163.76,0.54,43.73,0.52,69.24,0.91,44.42,0.89,216.69,0.18,43.73,0.18,195.3,0.35,44.02,0.34,145.39,-1625,-1500,-1800,43.69916666666668,5.829999999999999,0 days 00:10:00,True,39,-1628.0,-1630.0,-1634.0,-1628.0,-1635.0,-1631.0,BELOW
2026-08-17 16:30:49,33.33,68.87,0.75,43.44,0.76,208.71,0.84,43.84,0.81,235.64,0.08,42.52,0.08,327.66,0.31,44.07,0.32,197.09,0.79,43.56,0.77,166.4,0.46,43.21,0.45,95.28,0.32,43.56,0.31,151.76,0.41,43.61,0.42,189.45,0.54,43.21,0.52,82.15,0.91,44.02,0.92,244.86,0.18,43.44,0.18,245.65,0.35,44.19,0.36,145.95,-1628,-1500,-1800,43.55583333333333,5.9,0 days 00:10:00,True,39,-1625.0,-1628.0,-1630.0,-1634.0,-1628.0,-1635.0,BELOW
2026-08-17 21:10:50,27.3,84.9,0.75,43.79,0.75,169.1,0.84,43.67,0.82,227.01,0.08,42.52,0.08,327.66,0.31,44.3,0.31,150.86,0.79,43.44,0.8,148.31,0.46,43.37,0.46,86.52,0.32,43.37,0.33,153.05,0.41,43.67,0.4,161.01,0.54,43.04,0.56,81.22,0.91,43.73,0.94,256.44,0.18,43.15,0.18,285.07,0.35,44.07,0.35,147.11,-1640,-1500,-1800,43.51000000000001,5.979999999999999,0 days 00:10:00,True,39,-1642.0,-1648.0,-1650.0,-1653.0,-1656.0,-1652.0,BELOW
2026-08-17 21:20:50,26.98,86.85,0.75,43.21,0.77,198.58,0.84,43.9,0.86,180.55,0.08,42.64,0.08,327.66,0.31,44.3,0.3,169.04,0.79,43.73,0.79,128.39,0.46,43.44,0.46,83.99,0.32,43.84,0.33,123.96,0.41,43.61,0.42,177.3,0.54,43.67,0.55,72.87,0.91,43.73,0.88,266.66,0.18,43.21,0.18,268.31,0.35,43.96,0.34,149.87,-1642,-1500,-1800,43.603333333333346,5.959999999999999,0 days 00:10:00,True,39,-1640.0,-1642.0,-1648.0,-1650.0,-1653.0,-1656.0,BELOW
2026-08-17 21:40:49,27.08,85.08,0.75,43.61,0.72,175.29,0.84,43.56,0.84,209.26,0.08,42.58,0.08,327.66,0.31,44.42,0.3,173.87,0.79,43.33,0.82,156.12,0.46,42.81,0.46,101.43,0.32,43.96,0.33,121.05,0.41,44.07,0.42,139.75,0.54,42.93,0.53,84.65,0.91,44.25,0.89,219.22,0.18,43.67,0.18,197.57,0.35,43.61,0.35,170.73,-1632,-1500,-1800,43.56666666666666,5.919999999999999,0 days 00:10:00,True,39,-1642.0,-1642.0,-1640.0,-1642.0,-1648.0,-1650.0,BELOW
2026-08-17 21:50:49,27.14,84.63,0.75,43.61,0.77,179.6,0.84,44.07,0.81,166.37,0.08,42.46,0.08,327.66,0.31,44.19,0.32,200.17,0.79,43.79,0.82,129.75,0.46,43.27,0.47,87.16,0.32,44.02,0.33,117.28,0.41,43.67,0.41,173.1,0.54,43.37,0.55,82.87,0.91,43.67,0.94,271.53,0.18,43.04,0.18,284.32,0.35,43.73,0.35,157.56,-1625,-1500,-1800,43.57416666666666,6.029999999999999,0 days 00:10:00,True,39,-1632.0,-1642.0,-1642.0,-1640.0,-1642.0,-1648.0,BELOW
2026-08-17 22:00:49,27.19,84.75,0.75,43.37,0.77,185.65,0.84,43.96,0.84,204.98,0.08,42.24,0.08,327.66,0.31,44.02,0.3,225.12,0.79,43.9,0.79,117.96,0.46,42.98,0.46,103.39,0.32,43.67,0.32,138.48,0.41,43.67,0.42,189.95,0.54,43.5,0.54,74.25,0.91,43.61,0.93,260.94,0.18,43.04,0.18,310.16,0.35,43.21,0.35,171.05,-1626,-1500,-1800,43.43083333333334,5.979999999999999,0 days 00:10:00,True,39,-1625.0,-1632.0,-1642.0,-1642.0,-1640.0,-1642.0,BELOW
2026-08-17 22:10:50,26.92,86.27,0.75,43.5,0.76,179.37,0.84,43.73,0.84,189.95,0.08,42.35,0.08,327.66,0.31,44.3,0.31,171.54,0.79,43.5,0.76,143.87,0.46,43.33,0.45,86.95,0.32,43.44,0.32,149.92,0.41,43.9,0.42,129.92,0.54,42.98,0.55,84.13,0.91,44.02,0.88,327.66,0.18,43.56,0.18,327.66,0.35,44.25,0.36,136.2,-1626,-1500,-1800,43.57166666666666,5.91,0 days 00:10:01,True,39,-1626.0,-1625.0,-1632.0,-1642.0,-1642.0,-1640.0,BELOW
2026-08-17 22:20:50,26.5,87.34,0.75,43.67,0.78,168.87,0.84,43.61,0.87,200.15,0.08,42.24,0.08,327.66,0.31,44.25,0.31,194.61,0.79,43.56,0.77,327.66,0.46,42.93,0.46,97.92,0.32,43.61,0.32,138.11,0.41,43.5,0.42,176.83,0.54,43.21,0.54,78.29,0.91,44.19,0.94,241.9,0.18,43.56,0.18,203.11,0.35,43.67,0.36,179.84,-1620,-1500,-1800,43.5,6.03,0 days 00:10:00,True,39,-1626.0,-1626.0,-1625.0,-1632.0,-1642.0,-1642.0,BELOW
2026-08-17 22:30:50,26.39,87.68,0.75,43.61,0.74,179.84,0.84,43.96,0.87,193.6,0.08,42.46,0.08,327.66,0.31,44.12,0.32,194.35,0.79,43.79,0.79,112.73,0.46,42.93,0.45,103.11,0.32,43.44,0.31,146.73,0.41,43.84,0.42,163.56,0.54,43.56,0.56,70.36,0.91,43.67,0.93,247.61,0.18,43.04,0.18,310.16,0.35,43.56,0.36,181.97,-1616,-1500,-1800,43.498333333333335,6.01,0 days 00:10:00,True,39,-1620.0,-1626.0,-1626.0,-1625.0,-1632.0,-1642.0,BELOW
2026-08-17 22:40:49,26.18,88.26,0.75,43.37,0.77,199.64,0.84,44.02,0.81,170.21,0.08,42.52,0.08,327.66,0.31,44.36,0.32,163.34,0.79,43.37,0.79,171.96,0.46,43.15,0.47,88.28,0.32,43.9,0.32,119.13,0.41,44.02,0.42,145.2,0.54,42.98,0.56,83.72,0.91,43.79,0.9,256.78,0.18,43.21,0.18,263.15,0.35,43.96,0.36,156.62,-1619,-1500,-1800,43.55416666666667,5.98,0 days 00:09:59,True,39,-1616.0,-1620.0,-1626.0,-1626.0,-1625.0,-1632.0,BELOW
2026-08-17 22:50:49,26.12,88.69,0.75,43.79,0.74,165.29,0.84,43.9,0.87,187.87,0.08,42.58,0.08,327.66,0.31,43.96,0.3,217.79,0.79,43.37,0.78,152.64,0.46,43.5,0.45,79.61,0.32,43.5,0.33,146.92,0.41,44.07,0.41,142.78,0.54,43.56,0.55,73.36,0.91,44.07,0.92,218.08,0.18,43.44,0.18,202.57,0.35,44.07,0.34,148.67,-1610,-1500,-1800,43.65083333333334,5.95,0 days 00:10:00,True,39,-1619.0,-1616.0,-1620.0,-1626.0,-1626.0,-1625.0,TARGET
2026-08-17 23:00:49,26.02,88.72,0.75,43.73,0.74,152.37,0.84,43.79,0.82,213.87,0.08,42.7,0.08,327.66,0.31,44.07,0.3,199.65,0.79,43.79,0.78,126.21,0.46,43.04,0.46,100.48,0.32,43.5,0.32,148.5,0.41,44.02,0.41,139.56,0.54,43.27,0.52,82.75,0.91,43.67,0.88,266.29,0.18,43.04,0.18,290.75,0.35,43.56,0.34,177.3,-1613,-1500,-1800,43.51500000000001,5.829999999999999,0 days 00:10:00,True,39,-1610.0,-1619.0,-1616.0,-1620.0,-1626.0,-1626.0,BELOW
2026-08-17 23:10:50,26.02,88.69,0.75,43.67,0.72,173.32,0.84,44.07,0.82,170.43,0.08,42.52,0.08,327.66,0.31,44.07,0.31,186.34,0.79,43.84,0.8,127.54,0.46,42.87,0.47,103.75,0.32,43.27,0.32,122.5,0.41,44.07,0.4,147.11,0.54,43.61,0.53,69.4,0.91,44.07,0.89,236.56,0.18,43.44,0.18,202.57,0.35,43.73,0.34,168.87,-1613,-1500,-1800,43.6025,5.859999999999999,0 days 00:10:01,True,39,-1613.0,-1610.0,-1619.0,-1616.0,-1620.0,-1626.0,BELOW
2026-08-17 23:20:50,26.07,88.56,0.75,43.44,0.72,179.12,0.84,44.07,0.81,164.41,0.08,42.24,0.08,327.66,0.31,44.02,0.31,199.65,0.79,43.56,0.8,148.5,0.46,43.04,0.47,85.72,0.32,43.96,0.33,109.75,0.41,43.67,0.4,170.96,0.54,43.04,0.56,84.24,0.91,43.79,0.88,262.31,0.18,43.1,0.18,182.45,0.35,44.02,0.35,135.33,-1606,-1500,-1800,43.49583333333334,5.89,0 days 00:10:00,True,39,-1613.0,-1613.0,-1610.0,-1619.0,-1616.0,-1620.0,TARGET
2026-08-17 23:30:50,25.91,88.84,0.75,43.27,0.72,204.78,0.84,43.96,0.85,180.79,0.08,42.58,0.08,327.66,0.31,44.19,0.32,184.6,0.79,43.56,0.79,147.12,0.46,42.87,0.46,100.82,0.32,43.56,0.31,151.97,0.41,43.44,0.41,181.25,0.54,43.04,0.56,85.18,0.91,44.25,0.9,229.7,0.18,43.61,0.18,242.62,0.35,43.67,0.36,162.7,-1609,-1500,-1800,43.5,5.94,0 days 00:10:00,True,39,-1606.0,-1613.0,-1613.0,-1610.0,-1619.0,-1616.0,TARGET
2026-08-17 23:40:49,25.91,89.11,0.75,43.33,0.78,233.15,0.84,43.73,0.81,200.96,0.08,42.41,0.08,327.66,0.31,44.53,0.31,164.2,0.79,43.27,0.76,156.31,0.46,42.93,0.46,99.21,0.32,43.33,0.31,150.97,0.41,44.02,0.42,146.92,0.54,43.67,0.54,87.53,0.91,43.73,0.93,271.88,0.18,43.04,0.18,303.28,0.35,43.61,0.34,175.29,-1597,-1500,-1800,43.46666666666667,5.92,0 days 00:09:59,True,39,-1609.0,-1606.0,-1613.0,-1613.0,-1610.0,-1619.0,TARGET
2026-08-17 23:50:49,25.91,88.93,0.75,43.27,0.73,208.15,0.84,43.61,0.85,238.12,0.08,42.52,0.08,327.66,0.31,43.9,0.32,236.25,0.79,43.84,0.76,115.85,0.46,43.27,0.45,89.21,0.32,43.67,0.33,122.38,0.41,43.9,0.41,148.09,0.54,43.5,0.53,74.96,0.91,43.67,0.92,266.29,0.18,43.1,0.18,303.68,0.35,44.12,0.34,147.3,-1605,-1500,-1800,43.530833333333334,5.9,0 days 00:10:00,True,39,-1597.0,-1609.0,-1606.0,-1613.0,-1613.0,-1610.0,TARGET
2026-08-18 00:00:49,26.12,88.44,0.75,43.79,0.76,146.14,0.84,43.61,0.86,230.79,0.08,42.58,0.08,327.66,0.31,44.19,0.32,179.4,0.79,43.9,0.79,126.55,0.46,43.44,0.47,88.75,0.32,43.44,0.33,154.76,0.41,43.61,0.42,177.07,0.54,43.73,0.52,70.03,0.91,44.07,0.93,232.32,0.18,43.44,0.18,191.06,0.35,44.12,0.34,152.3,-1598,-1500,-1800,43.66,6.0,0 days 00:10:00,True,39,-1605.0,-1597.0,-1609.0,-1606.0,-1613.0,-1613.0,TARGET
2026-08-18 00:10:50,26.34,88.14,0.75,43.67,0.76,159.17,0.84,43.5,0.83,222.47,0.08,42.18,0.08,327.66,0.31,44.3,0.31,156.28,0.79,43.84,0.76,130.09,0.46,43.04,0.46,94.24,0.32,43.5,0.32,153.05,0.41,43.5,0.4,183.9,0.54,43.27,0.52,77.61,0.91,44.12,0.93,226.0,0.18,43.56,0.18,219.23,0.35,44.07,0.34,142.59,-1592,-1500,-1800,43.54583333333333,5.889999999999999,0 days 00:10:01,True,39,-1598.0,-1605.0,-1597.0,-1609.0,-1606.0,-1613.0,TARGET
2026-08-18 00:20:50,26.28,88.32,0.75,43.67,0.76,180.08,0.84,44.07,0.86,162.28,0.08,42.58,0.08,327.66,0.31,44.19,0.3,184.37,0.79,43.37,0.79,154.56,0.46,42.98,0.45,95.43,0.32,43.84,0.33,123.18,0.41,43.56,0.4,155.17,0.54,42.98,0.55,85.29,0.91,44.3,0.92,212.85,0.18,43.67,0.18,187.12,0.35,43.9,0.34,169.76,-1593,-1500,-1800,43.59250000000001,5.96,0 days 00:10:00,True,39,-1592.0,-1598.0,-1605.0,-1597.0,-1609.0,-1606.0,TARGET
2026-08-18 00:50:49,26.44,87.71,0.75,43.37,0.76,211.36,0.84,44.07,0.81,186.34,0.08,42.64,0.08,327.66,0.31,44.07,0.31,193.85,0.79,43.37,0.8,199.37,0.46,43.44,0.45,84.1,0.32,43.61,0.31,141.3,0.41,43.79,0.41,149.28,0.54,42.98,0.55,81.11,0.91,44.02,0.88,249.56,0.18,43.44,0.18,250.45,0.35,43.96,0.36,151.7,-1592,-1500,-1800,43.56333333333333,5.9,0 days 00:10:00,True,39,-1578.0,-1583.0,-1593.0,-1592.0,-1598.0,-1605.0,TARGET
2026-08-18 01:20:50,26.23,88.07,0.75,43.5,0.75,194.26,0.84,43.96,0.86,185.85,0.08,42.46,0.08,327.66,0.31,44.25,0.3,184.6,0.79,43.61,0.76,150.31,0.46,43.37,0.46,84.39,0.32,43.79,0.32,116.67,0.41,43.61,0.41,189.45,0.54,43.15,0.55,83.43,0.91,43.67,0.9,271.53,0.18,43.1,0.18,311.0,0.35,43.61,0.34,179.37,-1583,-1500,-1800,43.50666666666667,5.91,0 days 00:10:00,True,39,-1587.0,-1589.0,-1592.0,-1578.0,-1583.0,-1593.0,ABOVE
2026-08-18 02:00:49,25.75,88.99,0.75,43.44,0.78,163.99,0.84,43.56,0.87,230.19,0.08,42.64,0.08,327.66,0.31,43.84,0.32,224.23,0.79,43.73,0.77,144.44,0.46,42.87,0.47,105.37,0.32,43.56,0.33,140.73,0.41,43.67,0.4,177.3,0.54,43.21,0.53,81.07,0.91,43.61,0.93,271.16,0.18,42.98,0.18,290.37,0.35,44.19,0.36,133.27,-1569,-1500,-1800,43.44166666666666,6.0200000000000005,0 days 00:10:00,True,39,-1577.0,-1574.0,-1584.0,-1583.0,-1587.0,-1589.0,ABOVE
2026-08-18 02:10:49,25.8,88.9,0.75,43.33,0.72,171.96,0.84,43.79,0.82,204.45,0.08,42.29,0.08,327.66,0.31,43.9,0.31,214.15,0.79,43.56,0.8,164.42,0.46,43.1,0.46,98.31,0.32,43.56,0.33,151.76,0.41,43.56,0.42,186.64,0.54,43.04,0.55,82.6,0.91,44.07,0.88,225.7,0.18,43.5,0.18,215.51,0.35,44.19,0.34,132.0,-1573,-1500,-1800,43.49083333333334,5.89,0 days 00:10:00,True,39,-1569.0,-1577.0,-1574.0,-1584.0,-1583.0,-1587.0,ABOVE
2026-08-18 02:20:50,25.75,88.87,0.75,43.56,0.76,168.43,0.84,43.79,0.85,220.37,0.08,42.64,0.08,327.66,0.31,44.19,0.3,200.17,0.79,43.79,0.79,146.14,0.46,43.15,0.46,81.33,0.32,43.61,0.33,156.95,0.41,43.5,0.4,186.64,0.54,43.44,0.56,74.06,0.91,43.9,0.93,253.1,0.18,43.27,0.18,259.22,0.35,44.25,0.34,136.2,-1571,-1500,-1800,43.59083333333333,5.9799999999999995,0 days 00:10:01,True,39,-1573.0,-1569.0,-1577.0,-1574.0,-1584.0,-1583.0,ABOVE
2026-08-18 02:30:50,25.64,89.05,0.75,43.9,0.76,151.31,0.84,43.61,0.86,194.78,0.08,42.35,0.08,327.66,0.31,44.25,0.32,184.84,0.79,43.9,0.79,124.29,0.46,43.04,0.45,103.39,0.32,43.5,0.31,160.17,0.41,43.61,0.4,174.83,0.54,42.93,0.55,73.86,0.91,43.61,0.91,260.94,0.18,43.1,0.18,303.68,0.35,43.56,0.35,170.73,-1569,-1500,-1800,43.44666666666668,5.96,0 days 00:10:00,True,39,-1571.0,-1573.0,-1569.0,-1577.0,-1574.0,-1584.0,ABOVE
2026-08-18 02:40:50,25.53,89.05,0.75,43.33,0.72,218.07,0.84,43.9,0.85,185.61,0.08,42.52,0.08,327.66,0.31,43.79,0.3,210.64,0.79,43.9,0.81,126.55,0.46,43.5,0.46,82.7,0.32,43.67,0.33,142.75,0.41,43.9,0.4,158.39,0.54,43.44,0.56,75.68,0.91,44.12,0.92,222.4,0.18,43.56,0.18,209.26,0.35,43.73,0.35,157.36,-1571,-1500,-1800,43.61333333333334,5.959999999999999,0 days 00:10:00,True,39,-1569.0,-1571.0,-1573.0,-1569.0,-1577.0,-1574.0,ABOVE
2026-08-18 02:50:49,25.48,89.42,0.75,43.15,0.72,170.82,0.84,44.07,0.82,172.53,0.08,42.24,0.08,327.66,0.31,44.07,0.31,225.7,0.79,43.9,0.82,119.85,0.46,43.27,0.45,92.2,0.32,44.19,0.33,116.91,0.41,43.96,0.41,153.17,0.54,43.56,0.53,76.94,0.91,44.02,0.88,273.66,0.18,43.67,0.18,230.49,0.35,44.12,0.36,138.37,-1571,-1500,-1800,43.684999999999995,5.890000000000001,0 days 00:09:59,True,39,-1571.0,-1569.0,-1571.0,-1573.0,-1569.0,-1577.0,ABOVE
2026-08-18 03:00:49,25.75,88.84,0.75,43.73,0.73,157.56,0.84,43.61,0.87,230.79,0.08,42.52,0.08,327.66,0.31,43.9,0.32,207.76,0.79,43.33,0.79,163.55,0.46,42.81,0.46,99.93,0.32,43.33,0.32,156.12,0.41,43.73,0.41,170.96,0.54,43.56,0.52,70.72,0.91,44.07,0.91,225.4,0.18,43.5,0.18,212.48,0.35,44.19,0.36,134.73,-1568,-1500,-1800,43.52333333333333,5.95,0 days 00:10:00,True,39,-1571.0,-1571.0,-1569.0,-1571.0,-1573.0,-1569.0,ABOVE
2026-08-18 05:30:50,25.91,87.68,0.75,43.21,0.72,201.5,0.84,43.84,0.86,210.64,0.08,42.29,0.08,327.66,0.31,44.19,0.32,186.58,0.79,43.73,0.82,167.06,0.46,43.27,0.47,94.75,0.32,43.5,0.32,153.25,0.41,43.84,0.41,167.5,0.54,43.1,0.53,81.44,0.91,43.79,0.89,257.12,0.18,43.5,0.18,218.65,0.35,43.73,0.34,161.44,-1568,-1500,-1800,43.49916666666667,5.9399999999999995,0 days 00:10:00,True,39,-1559.0,-1565.0,-1558.0,-1560.0,-1558.0,-1569.0,ABOVE
2026-08-18 05:40:50,25.96,87.86,0.75,43.5,0.77,191.57,0.84,43.9,0.81,193.34,0.08,42.24,0.08,327.66,0.31,43.96,0.32,208.04,0.79,43.79,0.8,132.23,0.46,43.33,0.47,85.22,0.32,43.61,0.31,147.12,0.41,43.56,0.41,186.64,0.54,43.37,0.52,90.5,0.91,43.96,0.93,272.96,0.18,43.33,0.18,274.76,0.35,43.79,0.35,165.5,-1578,-1500,-1800,43.528333333333336,5.949999999999999,0 days 00:10:00,True,39,-1568.0,-1559.0,-1565.0,-1558.0,-1560.0,-1558.0,ABOVE
2026-08-18 05:50:50,25.86,87.92,0.75,43.27,0.73,198.84,0.84,43.5,0.84,215.51,0.08,42.06,0.08,327.66,0.31,44.12,0.31,208.59,0.79,43.73,0.82,137.47,0.46,42.87,0.45,104.56,0.32,43.37,0.32,151.37,0.41,43.67,0.41,175.51,0.54,43.5,0.54,73.85,0.91,43.84,0.94,257.44,0.18,43.15,0.18,274.41,0.35,44.19,0.34,140.3,-1573,-1500,-1800,43.439166666666665,5.959999999999999,0 days 00:10:00,True,39,-1578.0,-1568.0,-1559.0,-1565.0,-1558.0,-1560.0,ABOVE
2026-08-18 06:00:50,25.91,87.77,0.75,43.37,0.72,202.04,0.84,43.79,0.85,201.22,0.08,42.29,0.08,327.66,0.31,44.42,0.32,180.57,0.79,43.56,0.78,153.45,0.46,43.15,0.46,95.15,0.32,43.73,0.32,135.75,0.41,44.02,0.4,148.28,0.54,43.44,0.53,78.82,0.91,43.79,0.9,267.0,0.18,43.15,0.18,279.63,0.35,44.02,0.34,134.2,-1574,-1500,-1800,43.560833333333335,5.88,0 days 00:10:00,True,39,-1573.0,-1578.0,-1568.0,-1559.0,-1565.0,-1558.0,ABOVE
2026-08-18 06:10:52,26.02,87.07,0.75,43.79,0.77,175.98,0.84,43.56,0.81,215.79,0.08,42.7,0.08,327.66,0.31,44.48,0.32,158.25,0.79,43.5,0.79,146.92,0.46,42.98,0.46,101.09,0.32,43.84,0.31,95.22,0.41,43.79,0.4,216.37,0.54,43.67,0.55,71.75,0.91,44.12,0.91,237.18,0.18,43.56,0.18,242.62,0.35,44.07,0.36,139.75,-1574,-1500,-1800,43.671666666666674,5.94,0 days 00:10:02,True,39,-1574.0,-1573.0,-1578.0,-1568.0,-1559.0,-1565.0,ABOVE
2026-08-18 06:20:49,26.12,87.22,0.75,43.33,0.73,159.75,0.84,43.61,0.86,209.54,0.08,42.35,0.08,327.66,0.31,44.48,0.3,165.92,0.79,43.84,0.81,125.25,0.46,43.44,0.46,101.28,0.32,43.44,0.32,158.33,0.41,43.67,0.4,175.51,0.54,43.73,0.52,68.97,0.91,44.12,0.92,237.49,0.18,43.5,0.18,209.26,0.35,43.96,0.34,148.09,-1574,-1500,-1800,43.6225,5.92,0 days 00:09:57,True,39,-1574.0,-1574.0,-1573.0,-1578.0,-1568.0,-1559.0,ABOVE
2026-08-18 06:30:50,26.12,87.46,0.75,43.67,0.72,155.59,0.84,43.9,0.86,178.47,0.08,42.52,0.08,327.66,0.31,44.07,0.31,212.01,0.79,43.61,0.82,160.59,0.46,43.27,0.46,89.09,0.32,43.79,0.33,133.5,0.41,43.73,0.4,155.8,0.54,43.61,0.54,69.49,0.91,44.07,0.9,237.18,0.18,43.5,0.18,222.47,0.35,44.02,0.35,155.08,-1578,-1500,-1800,43.64666666666667,5.949999999999999,0 days 00:10:01,True,39,-1574.0,-1574.0,-1574.0,-1573.0,-1578.0,-1568.0,ABOVE
2026-08-18 06:40:50,26.02,87.5,0.75,43.79,0.75,154.06,0.84,44.07,0.87,168.37,0.08,42.24,0.08,327.66,0.31,43.9,0.3,244.22,0.79,43.44,0.77,149.73,0.46,43.27,0.47,86.95,0.32,43.61,0.31,144.06,0.41,43.79,0.4,167.28,0.54,43.67,0.52,69.49,0.91,43.9,0.91,201.75,0.18,43.1,0.18,189.8,0.35,43.96,0.35,151.5,-1584,-1500,-1800,43.56166666666667,5.91,0 days 00:10:00,True,39,-1578.0,-1574.0,-1574.0,-1574.0,-1573.0,-1578.0,ABOVE
2026-08-18 06:50:50,26.18,86.92,0.75,43.84,0.73,157.98,0.84,44.07,0.87,168.16,0.08,42.35,0.08,327.66,0.31,44.12,0.32,191.69,0.79,43.61,0.76,142.37,0.46,43.1,0.47,96.92,0.32,43.84,0.33,125.25,0.41,44.07,0.41,140.98,0.54,43.21,0.53,83.04,0.91,44.19,0.9,298.12,0.18,43.61,0.18,189.2,0.35,43.73,0.35,187.62,-1594,-1500,-1800,43.645,5.93,0 days 00:10:00,True,39,-1584.0,-1578.0,-1574.0,-1574.0,-1574.0,-1573.0,TARGET
2026-08-18 07:00:50,26.44,86.46,0.75,43.37,0.73,237.18,0.84,44.12,0.84,179.4,0.08,42.35,0.08,327.66,0.31,44.36,0.31,180.34,0.79,43.61,0.77,172.87,0.46,43.04,0.45,101.09,0.32,43.84,0.32,128.89,0.41,44.12,0.4,145.58,0.54,43.56,0.54,74.35,0.91,44.19,0.9,237.18,0.18,43.56,0.18,186.39,0.35,44.02,0.35,148.67,-1586,-1500,-1800,43.67833333333334,5.869999999999999,0 days 00:10:00,True,39,-1594.0,-1584.0,-1578.0,-1574.0,-1574.0,-1574.0,ABOVE
2026-08-18 07:10:49,26.44,86.03,0.75,43.27,0.75,228.97,0.84,43.61,0.82,216.09,0.08,42.35,0.08,327.66,0.31,44.07,0.31,215.01,0.79,43.84,0.78,121.95,0.46,43.44,0.46,86.09,0.32,43.84,0.32,124.29,0.41,43.67,0.41,209.82,0.54,43.37,0.55,81.5,0.91,44.19,0.92,215.57,0.18,43.61,0.18,189.2,0.35,44.36,0.36,137.89,-1588,-1500,-1800,43.635,5.94,0 days 00:09:59,True,39,-1586.0,-1594.0,-1584.0,-1578.0,-1574.0,-1574.0,ABOVE
2026-08-18 07:30:50,26.98,85.02,0.75,43.37,0.78,208.43,0.84,43.61,0.81,327.66,0.08,42.52,0.08,327.66,0.31,44.19,0.31,189.35,0.79,43.61,0.78,153.45,0.46,43.04,0.47,104.18,0.32,43.61,0.32,144.06,0.41,44.19,0.42,124.0,0.54,43.96,0.54,72.78,0.91,44.19,0.91,233.83,0.18,43.56,0.18,219.23,0.35,44.07,0.34,122.59,-1590,-1500,-1800,43.660000000000004,5.9399999999999995,0 days 00:10:01,True,39,-1584.0,-1588.0,-1586.0,-1594.0,-1584.0,-1578.0,TARGET
2026-08-18 07:40:50,27.51,83.5,0.75,43.84,0.72,159.8,0.84,43.44,0.81,225.51,0.08,42.81,0.08,327.66,0.31,44.07,0.31,205.51,0.79,43.96,0.78,123.18,0.46,43.27,0.47,91.34,0.32,43.96,0.33,119.13,0.41,43.9,0.4,159.8,0.54,43.73,0.54,68.97,0.91,44.12,0.88,222.12,0.18,43.33,0.18,183.42,0.35,44.12,0.35,133.27,-1592,-1500,-1800,43.7125,5.849999999999999,0 days 00:10:00,True,39,-1590.0,-1584.0,-1588.0,-1586.0,-1594.0,-1584.0,TARGET
2026-08-18 07:50:50,27.51,83.25,0.75,43.33,0.74,208.15,0.84,44.19,0.81,168.6,0.08,42.46,0.08,327.66,0.31,44.07,0.32,196.84,0.79,44.12,0.8,126.23,0.46,43.1,0.47,99.16,0.32,43.96,0.33,125.57,0.41,43.9,0.42,163.76,0.54,43.21,0.54,82.93,0.91,43.79,0.94,261.62,0.18,43.15,0.18,273.68,0.35,43.79,0.36,169.54,-1596,-1500,-1800,43.589166666666664,5.989999999999999,0 days 00:10:00,True,39,-1592.0,-1590.0,-1584.0,-1588.0,-1586.0,-1594.0,TARGET
2026-08-18 08:00:50,27.4,82.55,0.75,43.5,0.78,188.95,0.84,43.61,0.87,223.06,0.08,42.35,0.08,327.66,0.31,44.07,0.31,191.19,0.79,43.73,0.76,131.7,0.46,43.44,0.47,84.39,0.32,43.67,0.31,148.89,0.41,43.96,0.4,156.62,0.54,43.27,0.52,81.67,0.91,44.3,0.94,226.58,0.18,43.79,0.18,198.35,0.35,44.07,0.36,139.92,-1597,-1500,-1800,43.64666666666667,5.9799999999999995,0 days 00:10:00,True,39,-1596.0,-1592.0,-1590.0,-1584.0,-1588.0,-1586.0,TARGET
2026-08-18 08:10:50,27.46,83.31,0.75,43.21,0.73,214.37,0.84,43.73,0.85,213.6,0.08,42.58,0.08,327.66,0.31,44.42,0.31,167.89,0.79,43.73,0.82,144.44,0.46,43.5,0.45,83.09,0.32,43.44,0.32,131.0,0.41,43.61,0.42,177.07,0.54,43.73,0.56,70.74,0.91,44.3,0.89,209.4,0.18,43.67,0.18,184.64,0.35,43.9,0.36,214.15,-1594,-1500,-1800,43.65166666666667,5.97,0 days 00:10:00,True,39,-1597.0,-1596.0,-1592.0,-1590.0,-1584.0,-1588.0,TARGET
2026-08-18 08:20:49,28.05,81.33,0.75,43.5,0.72,196.78,0.84,43.5,0.87,212.48,0.08,42.75,0.08,327.66,0.31,44.53,0.3,164.2,0.79,43.79,0.79,133.5,0.46,42.98,0.47,98.05,0.32,43.67,0.33,145.75,0.41,43.9,0.42,156.41,0.54,43.61,0.52,73.94,0.91,43.79,0.94,272.24,0.18,43.21,0.18,285.46,0.35,43.79,0.34,163.12,-1596,-1500,-1800,43.585,5.959999999999999,0 days 00:09:59,True,39,-1594.0,-1597.0,-1596.0,-1592.0,-1590.0,-1584.0,TARGET
2026-08-18 08:30:50,28.37,81.08,0.75,43.33,0.76,218.07,0.84,43.73,0.81,198.09,0.08,42.52,0.08,327.66,0.31,44.12,0.3,191.44,0.79,43.5,0.77,145.19,0.46,43.5,0.46,83.99,0.32,44.02,0.31,120.16,0.41,43.96,0.42,160.42,0.54,43.61,0.55,75.57,0.91,44.02,0.94,290.76,0.18,43.27,0.18,304.9,0.35,44.3,0.34,132.53,-1604,-1500,-1800,43.656666666666666,5.92,0 days 00:10:01,True,39,-1596.0,-1594.0,-1597.0,-1596.0,-1592.0,-1590.0,TARGET
2026-08-18 08:40:50,28.63,79.92,0.75,43.44,0.76,194.01,0.84,43.67,0.83,226.71,0.08,42.75,0.08,327.66,0.31,44.07,0.3,211.47,0.79,43.79,0.77,133.5,0.46,43.33,0.46,81.76,0.32,44.02,0.31,113.47,0.41,43.67,0.4,192.33,0.54,43.44,0.53,81.12,0.91,44.36,0.88,230.6,0.18,43.73,0.18,189.95,0.35,44.3,0.35,132.53,-1614,-1500,-1800,43.71416666666667,5.85,0 days 00:10:00,True,39,-1604.0,-1596.0,-1594.0,-1597.0,-1596.0,-1592.0,BELOW
2026-08-18 08:50:50,29.33,77.33,0.75,43.79,0.75,180.31,0.84,43.73,0.83,197.83,0.08,42.52,0.08,327.66,0.31,44.3,0.31,189.84,0.79,43.79,0.82,139.02,0.46,43.33,0.45,89.09,0.32,43.44,0.31,199.64,0.41,43.96,0.41,151.5,0.54,43.21,0.55,80.69,0.91,44.07,0.88,254.43,0.18,43.5,0.18,246.31,0.35,43.73,0.35,165.07,-1611,-1500,-1800,43.614166666666655,5.92,0 days 00:10:00,True,39,-1614.0,-1604.0,-1596.0,-1594.0,-1597.0,-1596.0,BELOW
2026-08-18 09:00:50,29.75,75.93,0.75,43.84,0.77,157.98,0.84,44.07,0.83,183.89,0.08,42.58,0.08,327.66,0.31,44.02,0.32,221.54,0.79,43.44,0.81,160.17,0.46,43.21,0.47,95.15,0.32,44.02,0.33,118.12,0.41,43.96,0.42,158.39,0.54,43.44,0.53,81.5,0.91,43.96,0.89,232.32,0.18,43.44,0.18,237.18,0.35,43.84,0.35,163.76,-1609,-1500,-1800,43.651666666666664,5.9799999999999995,0 days 00:10:00,True,39,-1611.0,-1614.0,-1604.0,-1596.0,-1594.0,-1597.0,TARGET
2026-08-18 09:10:50,30.24,73.94,0.75,43.67,0.78,157.56,0.84,44.19,0.86,186.82,0.08,42.35,0.08,327.66,0.31,44.53,0.3,160.47,0.79,43.79,0.76,134.8,0.46,43.33,0.47,92.82,0.32,43.96,0.31,114.25,0.41,43.61,0.42,200.69,0.54,43.44,0.52,84.1,0.91,43.67,0.88,327.66,0.18,43.04,0.18,223.73,0.35,44.25,0.35,133.62,-1617,-1500,-1800,43.6525,5.909999999999999,0 days 00:10:00,True,39,-1609.0,-1611.0,-1614.0,-1604.0,-1596.0,-1594.0,BELOW
2026-08-18 09:20:50,30.77,72.48,0.75,43.5,0.78,199.9,0.84,44.12,0.83,184.12,0.08,42.35,0.08,327.66,0.31,44.02,0.32,205.25,0.79,43.73,0.79,140.23,0.46,43.04,0.45,99.48,0.32,43.84,0.31,126.21,0.41,44.02,0.41,174.24,0.54,43.21,0.55,80.6,0.91,44.3,0.94,226.87,0.18,43.67,0.18,203.9,0.35,44.02,0.35,153.37,-1619,-1500,-1800,43.65166666666667,5.99,0 days 00:10:00,True,39,-1617.0,-1609.0,-1611.0,-1614.0,-1604.0,-1596.0,BELOW
2026-08-18 09:30:49,30.61,73.18,0.75,43.79,0.75,178.0,0.84,43.79,0.81,217.23,0.08,42.7,0.08,327.66,0.31,43.96,0.3,205.25,0.79,43.44,0.82,162.26,0.46,43.33,0.47,90.98,0.32,43.79,0.33,134.8,0.41,43.56,0.42,191.82,0.54,43.73,0.56,75.76,0.91,44.07,0.94,232.92,0.18,43.5,0.18,229.58,0.35,43.96,0.36,154.67,-1619,-1500,-1800,43.635,6.0200000000000005,0 days 00:09:59,True,39,-1619.0,-1617.0,-1609.0,-1611.0,-1614.0,-1604.0,BELOW
2026-08-18 09:40:50,30.72,72.08,0.75,43.79,0.78,169.1,0.84,43.67,0.84,223.35,0.08,42.75,0.08,327.66,0.31,44.25,0.31,206.32,0.79,43.79,0.82,167.06,0.46,43.33,0.46,91.1,0.32,43.9,0.33,128.89,0.41,43.79,0.4,171.62,0.54,43.27,0.56,81.67,0.91,44.36,0.91,226.87,0.18,43.73,0.18,189.95,0.35,43.73,0.36,184.87,-1618,-1500,-1800,43.696666666666665,6.03,0 days 00:10:01,True,39,-1619.0,-1619.0,-1617.0,-1609.0,-1611.0,-1614.0,BELOW
2026-08-18 11:50:49,33.12,62.01,0.75,43.37,0.75,208.71,0.84,43.96,0.83,196.58,0.08,42.64,0.08,327.66,0.31,44.48,0.32,165.92,0.79,43.67,0.78,144.06,0.46,43.37,0.45,99.1,0.32,44.12,0.33,115.64,0.41,44.19,0.4,137.37,0.54,43.21,0.55,82.15,0.91,44.42,0.94,265.75,0.18,43.79,0.18,243.9,0.35,44.25,0.36,143.16,-1638,-1500,-1800,43.78916666666667,5.97,0 days 00:09:59,True,39,-1637.0,-1637.0,-1626.0,-1629.0,-1628.0,-1629.0,BELOW
2026-08-18 12:00:50,33.55,61.88,0.75,43.96,0.75,154.87,0.84,43.73,0.83,206.96,0.08,42.52,0.08,327.66,0.31,44.59,0.32,160.67,0.79,43.44,0.76,156.53,0.46,43.04,0.46,102.61,0.32,43.84,0.33,140.42,0.41,44.19,0.41,144.64,0.54,43.44,0.54,79.26,0.91,44.42,0.89,238.4,0.18,43.73,0.18,198.09,0.35,43.9,0.34,161.87,-1640,-1500,-1800,43.73333333333334,5.89,0 days 00:10:01,True,39,-1638.0,-1637.0,-1637.0,-1626.0,-1629.0,-1628.0,BELOW
2026-08-18 12:10:50,33.71,59.6,0.75,43.44,0.77,199.37,0.84,44.19,0.81,168.82,0.08,42.41,0.08,327.66,0.31,44.3,0.31,275.1,0.79,44.12,0.77,119.6,0.46,42.98,0.45,101.71,0.32,43.5,0.32,149.92,0.41,43.96,0.41,166.16,0.54,43.5,0.56,74.54,0.91,43.84,0.93,283.72,0.18,43.27,0.18,285.84,0.35,43.79,0.36,163.34,-1630,-1500,-1800,43.60833333333333,5.95,0 days 00:10:00,True,39,-1640.0,-1638.0,-1637.0,-1637.0,-1626.0,-1629.0,BELOW
2026-08-18 12:20:50,33.6,60.76,0.75,43.33,0.78,205.32,0.84,43.73,0.81,223.35,0.08,42.75,0.08,327.66,0.31,44.42,0.31,146.7,0.79,44.12,0.8,132.0,0.46,43.37,0.47,95.53,0.32,43.96,0.32,142.23,0.41,44.19,0.4,149.06,0.54,43.79,0.56,73.46,0.91,43.9,0.91,272.96,0.18,43.27,0.18,280.38,0.35,44.07,0.35,188.86,-1637,-1500,-1800,43.74166666666667,5.969999999999999,0 days 00:10:00,True,39,-1630.0,-1640.0,-1638.0,-1637.0,-1637.0,-1626.0,BELOW
2026-08-18 12:30:50,33.76,60.6,0.75,43.67,0.72,230.79,0.84,43.67,0.81,213.04,0.08,42.41,0.08,327.66,0.31,44.48,0.3,171.76,0.79,43.79,0.79,134.8,0.46,43.44,0.46,85.03,0.32,43.61,0.31,150.31,0.41,44.02,0.41,158.59,0.54,43.79,0.56,86.77,0.91,44.25,0.91,255.09,0.18,43.67,0.18,242.93,0.35,44.25,0.35,127.54,-1641,-1500,-1800,43.75416666666666,5.88,0 days 00:10:00,True,39,-1637.0,-1630.0,-1640.0,-1638.0,-1637.0,-1637.0,BELOW
2026-08-18 12:50:50,34.94,58.19,0.75,43.73,0.73,170.96,0.84,43.73,0.84,223.65,0.08,42.58,0.08,327.66,0.31,44.42,0.3,167.67,0.79,43.84,0.82,123.03,0.46,43.1,0.46,105.93,0.32,43.9,0.31,132.75,0.41,44.02,0.4,160.42,0.54,43.79,0.52,73.07,0.91,44.36,0.93,230.6,0.18,43.79,0.18,201.22,0.35,43.84,0.34,175.98,-1635,-1500,-1800,43.75833333333333,5.909999999999999,0 days 00:10:00,True,39,-1639.0,-1641.0,-1637.0,-1630.0,-1640.0,-1638.0,BELOW
2026-08-18 14:10:50,36.7,54.41,0.75,43.37,0.75,196.78,0.84,44.25,0.84,189.59,0.08,42.64,0.08,327.66,0.31,44.59,0.32,164.41,0.79,43.61,0.76,138.28,0.46,43.37,0.46,92.95,0.32,44.12,0.32,115.64,0.41,44.07,0.4,155.28,0.54,43.73,0.52,73.36,0.91,43.73,0.88,267.35,0.18,43.27,0.18,285.84,0.35,44.36,0.34,139.27,-1641,-1500,-1800,43.759166666666665,5.849999999999999,0 days 00:10:00,True,40,-1637.0,-1640.0,-1644.0,-1633.0,-1640.0,-1635.0,BELOW
2026-08-18 14:50:50,34.94,62.07,0.75,43.84,0.78,183.17,0.84,43.9,0.82,267.71,0.08,42.46,0.08,327.66,0.31,44.59,0.3,170.35,0.79,43.61,0.78,142.0,0.46,43.44,0.47,100.54,0.32,43.67,0.31,141.3,0.41,43.96,0.4,156.62,0.54,43.5,0.55,73.26,0.91,43.79,0.93,272.24,0.18,43.15,0.18,291.15,0.35,43.96,0.36,160.0,-1637,-1500,-1800,43.655833333333334,5.96,0 days 00:10:00,True,40,-1636.0,-1638.0,-1639.0,-1641.0,-1637.0,-1640.0,BELOW
2026-08-18 15:10:50,33.97,64.45,0.75,43.73,0.75,314.72,0.84,44.25,0.84,175.37,0.08,42.81,0.08,327.66,0.31,44.36,0.32,190.33,0.79,43.61,0.78,150.31,0.46,43.73,0.47,76.93,0.32,44.02,0.32,131.84,0.41,43.84,0.41,175.98,0.54,43.73,0.53,69.68,0.91,43.79,0.89,283.35,0.18,43.21,0.18,318.22,0.35,44.25,0.36,138.91,-1637,-1500,-1800,43.7775,5.93,0 days 00:10:00,True,40,-1640.0,-1637.0,-1636.0,-1638.0,-1639.0,-1641.0,BELOW
2026-08-18 15:20:51,33.33,65.79,0.75,43.79,0.76,157.56,0.84,44.19,0.82,186.58,0.08,42.41,0.08,327.66,0.31,44.36,0.32,238.4,0.79,43.84,0.76,143.31,0.46,42.98,0.47,118.5,0.32,43.67,0.32,144.25,0.41,43.73,0.4,180.08,0.54,43.79,0.52,74.94,0.91,44.07,0.9,263.34,0.18,43.5,0.18,229.58,0.35,44.3,0.35,131.28,-1640,-1500,-1800,43.719166666666666,5.879999999999999,0 days 00:10:01,True,40,-1637.0,-1640.0,-1637.0,-1636.0,-1638.0,-1639.0,BELOW
2026-08-18 15:30:50,33.07,66.25,0.75,43.79,0.76,173.32,0.84,44.12,0.84,170.43,0.08,42.75,0.08,327.66,0.31,44.12,0.32,197.09,0.79,43.44,0.77,153.05,0.46,43.67,0.46,81.93,0.32,43.5,0.31,153.45,0.41,44.12,0.41,139.75,0.54,43.61,0.53,72.4,0.91,43.96,0.88,327.66,0.18,43.37,0.18,327.66,0.35,44.12,0.34,162.7,-1638,-1500,-1800,43.714166666666664,5.88,0 days 00:09:59,True,40,-1640.0,-1637.0,-1640.0,-1637.0,-1636.0,-1638.0,BELOW
2026-08-18 15:40:50,32.8,67.2,0.75,43.73,0.77,178.0,0.84,44.07,0.81,181.26,0.08,42.81,0.08,327.66,0.31,44.07,0.31,205.51,0.79,44.02,0.77,119.29,0.46,43.5,0.45,95.66,0.32,44.12,0.32,115.5,0.41,43.84,0.4,159.8,0.54,43.79,0.54,73.94,0.91,44.3,0.89,219.5,0.18,43.73,0.18,195.3,0.35,44.07,0.35,144.25,-1640,-1500,-1800,43.83750000000001,5.869999999999999,0 days 00:10:00,True,40,-1638.0,-1640.0,-1637.0,-1640.0,-1637.0,-1636.0,BELOW
2026-08-18 15:50:50,32.75,67.99,0.75,43.79,0.73,154.26,0.84,44.07,0.85,186.34,0.08,42.58,0.08,327.66,0.31,44.02,0.32,225.12,0.79,43.96,0.81,122.27,0.46,43.5,0.46,82.1,0.32,43.5,0.31,113.06,0.41,44.25,0.4,144.45,0.54,43.33,0.55,80.22,0.91,44.3,0.93,219.5,0.18,43.79,0.18,200.96,0.35,43.9,0.34,165.72,-1639,-1500,-1800,43.74916666666667,5.959999999999999,0 days 00:10:00,True,40,-1640.0,-1638.0,-1640.0,-1637.0,-1640.0,-1637.0,BELOW
2026-08-18 16:00:50,33.55,66.04,0.75,43.9,0.75,160.0,0.84,44.07,0.84,174.69,0.08,42.29,0.08,327.66,0.31,43.9,0.31,198.87,0.79,43.73,0.81,145.95,0.46,43.15,0.46,100.61,0.32,44.07,0.32,135.67,0.41,44.19,0.4,137.37,0.54,43.67,0.54,78.57,0.91,44.19,0.92,232.92,0.18,43.56,0.18,212.48,0.35,44.25,0.35,143.16,-1633,-1500,-1800,43.7475,5.959999999999999,0 days 00:10:00,True,40,-1639.0,-1640.0,-1638.0,-1640.0,-1637.0,-1640.0,BELOW
2026-08-18 16:10:50,34.13,64.94,0.75,43.56,0.76,223.06,0.84,44.19,0.84,186.82,0.08,42.75,0.08,327.66,0.31,44.3,0.32,185.08,0.79,44.07,0.81,121.52,0.46,43.37,0.45,91.22,0.32,43.67,0.31,137.11,0.41,44.02,0.4,148.48,0.54,43.79,0.54,69.42,0.91,44.36,0.93,246.78,0.18,43.73,0.18,210.37,0.35,44.02,0.34,155.28,-1634,-1500,-1800,43.81916666666667,5.959999999999999,0 days 00:10:00,True,40,-1633.0,-1639.0,-1640.0,-1638.0,-1640.0,-1637.0,BELOW
2026-08-18 16:20:51,35.2,61.7,0.75,43.61,0.72,246.96,0.84,43.56,0.84,203.11,0.08,42.93,0.08,327.66,0.31,44.02,0.3,199.39,0.79,44.02,0.78,130.44,0.46,43.04,0.46,100.21,0.32,44.02,0.32,112.41,0.41,44.12,0.42,157.42,0.54,43.79,0.54,73.46,0.91,43.9,0.89,253.1,0.18,43.27,0.18,263.85,0.35,43.79,0.36,165.29,-1637,-1500,-1800,43.67249999999999,5.89,0 days 00:10:01,True,40,-1634.0,-1633.0,-1639.0,-1640.0,-1638.0,-1640.0,BELOW
2026-08-18 16:30:51,36.59,59.47,0.75,43.5,0.78,205.87,0.84,43.67,0.83,327.66,0.08,42.81,0.08,327.66,0.31,44.36,0.3,182.68,0.79,43.9,0.79,132.39,0.46,43.61,0.46,80.29,0.32,43.73,0.33,142.95,0.41,43.73,0.4,180.08,0.54,43.37,0.56,78.25,0.91,44.02,0.88,303.01,0.18,43.33,0.18,187.95,0.35,44.12,0.36,145.58,-1636,-1500,-1800,43.67916666666667,5.95,0 days 00:10:00,True,40,-1637.0,-1634.0,-1633.0,-1639.0,-1640.0,-1638.0,BELOW
2026-08-18 16:40:51,37.82,54.56,0.75,44.02,0.75,170.21,0.84,43.73,0.85,220.1,0.08,42.64,0.08,327.66,0.31,44.19,0.31,179.87,0.79,44.02,0.77,130.44,0.46,43.56,0.46,82.1,0.32,43.96,0.31,128.05,0.41,43.67,0.42,180.08,0.54,43.44,0.54,78.15,0.91,44.42,0.89,207.12,0.18,43.79,0.18,182.69,0.35,44.3,0.34,137.73,-1646,-1500,-1800,43.81166666666667,5.8999999999999995,0 days 00:10:00,True,40,-1636.0,-1637.0,-1634.0,-1633.0,-1639.0,-1640.0,BELOW
2026-08-18 21:40:51,30.77,68.63,0.75,43.67,0.72,200.69,0.84,43.96,0.86,185.85,0.08,42.18,0.08,327.66,0.31,43.84,0.32,224.23,0.79,43.73,0.79,149.09,0.46,42.87,0.47,102.2,0.32,44.07,0.33,119.45,0.41,43.56,0.42,186.64,0.54,43.04,0.54,81.72,0.91,44.25,0.92,233.53,0.18,43.61,0.18,189.45,0.35,43.73,0.36,142.75,-1638,-1500,-1800,43.5425,5.99,0 days 00:10:00,True,40,-1651.0,-1648.0,-1656.0,-1647.0,-1652.0,-1649.0,BELOW
2026-08-18 21:50:50,30.72,66.74,0.75,43.61,0.72,242.93,0.84,43.9,0.87,193.6,0.08,42.46,0.08,327.66,0.31,44.42,0.31,160.25,0.79,43.67,0.8,142.95,0.46,43.37,0.46,83.48,0.32,43.67,0.33,148.89,0.41,43.9,0.42,144.81,0.54,43.04,0.53,82.21,0.91,44.25,0.93,269.81,0.18,43.56,0.18,234.09,0.35,44.19,0.34,142.78,-1638,-1500,-1800,43.669999999999995,5.97,0 days 00:09:59,True,40,-1638.0,-1651.0,-1648.0,-1656.0,-1647.0,-1652.0,BELOW
2026-08-18 22:00:50,30.24,72.81,0.75,43.5,0.72,188.95,0.84,43.61,0.85,200.69,0.08,42.46,0.08,327.66,0.31,44.42,0.3,160.05,0.79,43.37,0.76,158.12,0.46,43.33,0.46,85.43,0.32,43.37,0.33,154.76,0.41,43.67,0.41,177.54,0.54,43.61,0.54,76.5,0.91,44.02,0.9,224.82,0.18,43.67,0.18,218.94,0.35,43.9,0.35,163.56,-1633,-1500,-1800,43.57750000000001,5.88,0 days 00:10:00,True,40,-1638.0,-1638.0,-1651.0,-1648.0,-1656.0,-1647.0,BELOW
2026-08-18 22:10:51,29.43,73.88,0.75,43.84,0.75,161.44,0.84,43.79,0.81,187.62,0.08,42.64,0.08,327.66,0.31,43.96,0.3,218.08,0.79,43.73,0.79,131.87,0.46,43.44,0.46,80.08,0.32,43.44,0.32,148.31,0.41,43.61,0.42,186.89,0.54,43.1,0.55,84.75,0.91,43.73,0.93,271.88,0.18,43.1,0.18,284.32,0.35,44.19,0.34,132.0,-1636,-1500,-1800,43.54750000000001,5.93,0 days 00:10:01,True,40,-1633.0,-1638.0,-1638.0,-1651.0,-1648.0,-1656.0,BELOW
2026-08-18 22:20:51,29.17,74.25,0.75,43.84,0.77,159.8,0.84,44.02,0.83,176.67,0.08,42.75,0.08,327.66,0.31,44.42,0.31,169.69,0.79,43.44,0.82,156.53,0.46,43.37,0.47,79.51,0.32,43.96,0.32,129.06,0.41,44.02,0.42,162.28,0.54,43.56,0.55,67.93,0.91,43.67,0.94,288.5,0.18,43.04,0.18,303.28,0.35,44.12,0.35,147.3,-1632,-1500,-1800,43.68416666666667,6.039999999999999,0 days 00:10:00,True,40,-1636.0,-1633.0,-1638.0,-1638.0,-1651.0,-1648.0,BELOW
2026-08-18 22:30:51,28.9,75.25,0.75,43.84,0.76,156.2,0.84,44.19,0.85,174.92,0.08,42.35,0.08,327.66,0.31,43.84,0.31,213.87,0.79,43.44,0.82,159.95,0.46,43.56,0.47,85.25,0.32,43.73,0.31,119.68,0.41,43.84,0.42,163.56,0.54,43.27,0.52,82.15,0.91,44.3,0.94,327.66,0.18,43.73,0.18,327.66,0.35,44.07,0.35,140.98,-1624,-1500,-1800,43.68000000000001,6.01,0 days 00:10:00,True,40,-1632.0,-1636.0,-1633.0,-1638.0,-1638.0,-1651.0,BELOW
2026-08-18 22:40:51,29.01,75.68,0.75,43.79,0.73,161.23,0.84,44.07,0.86,162.5,0.08,42.46,0.08,327.66,0.31,43.96,0.32,317.21,0.79,43.84,0.82,128.72,0.46,43.15,0.46,97.87,0.32,43.96,0.31,112.41,0.41,43.96,0.41,158.39,0.54,43.1,0.54,82.43,0.91,43.67,0.93,271.53,0.18,43.1,0.18,290.75,0.35,43.61,0.36,170.96,-1626,-1500,-1800,43.55583333333333,6.0,0 days 00:10:00,True,40,-1624.0,-1632.0,-1636.0,-1633.0,-1638.0,-1638.0,BELOW
2026-08-18 22:50:51,29.06,76.69,0.75,43.73,0.72,171.18,0.84,44.07,0.83,174.46,0.08,42.52,0.08,327.66,0.31,44.36,0.31,167.46,0.79,43.67,0.81,142.95,0.46,42.87,0.46,103.75,0.32,44.19,0.31,113.91,0.41,43.56,0.41,186.64,0.54,43.5,0.56,72.58,0.91,44.12,0.9,221.83,0.18,43.61,0.18,194.53,0.35,43.61,0.36,181.97,-1626,-1500,-1800,43.65083333333334,5.930000000000001,0 days 00:10:00,True,40,-1626.0,-1624.0,-1632.0,-1636.0,-1633.0,-1638.0,BELOW
2026-08-18 23:00:50,28.9,77.33,0.75,43.33,0.77,205.04,0.84,44.02,0.81,176.67,0.08,42.18,0.08,327.66,0.31,44.36,0.31,167.24,0.79,43.79,0.76,138.84,0.46,43.33,0.45,89.09,0.32,43.9,0.33,124.29,0.41,43.67,0.41,170.96,0.54,43.44,0.54,71.65,0.91,43.96,0.92,268.06,0.18,43.33,0.18,269.38,0.35,44.19,0.35,142.98,-1620,-1500,-1800,43.625,5.91,0 days 00:09:59,True,40,-1626.0,-1626.0,-1624.0,-1632.0,-1636.0,-1633.0,BELOW
2026-08-18 23:10:50,28.1,77.7,0.75,43.27,0.75,207.87,0.84,43.61,0.82,223.06,0.08,42.58,0.08,327.66,0.31,44.42,0.31,165.7,0.79,43.37,0.76,156.31,0.46,42.93,0.46,104.7,0.32,43.79,0.31,128.56,0.41,44.02,0.41,170.21,0.54,42.98,0.56,83.61,0.91,43.9,0.92,262.66,0.18,43.27,0.18,280.0,0.35,43.56,0.34,177.07,-1621,-1500,-1800,43.475,5.8999999999999995,0 days 00:10:00,True,40,-1620.0,-1626.0,-1626.0,-1624.0,-1632.0,-1636.0,BELOW
2026-08-18 23:20:51,27.94,78.18,0.75,43.37,0.73,202.3,0.84,43.56,0.84,242.31,0.08,42.52,0.08,327.66,0.31,44.36,0.32,173.66,0.79,43.44,0.8,156.53,0.46,42.87,0.46,105.5,0.32,43.44,0.32,153.05,0.41,44.12,0.41,148.87,0.54,43.61,0.55,75.57,0.91,44.19,0.88,241.58,0.18,43.56,0.18,203.11,0.35,44.07,0.36,139.39,-1618,-1500,-1800,43.5925,5.93,0 days 00:10:01,True,40,-1621.0,-1620.0,-1626.0,-1626.0,-1624.0,-1632.0,BELOW
2026-08-18 23:30:51,27.72,77.51,0.75,43.5,0.77,205.87,0.84,43.67,0.82,209.82,0.08,42.29,0.08,327.66,0.31,44.19,0.31,203.07,0.79,44.02,0.82,122.27,0.46,43.37,0.46,87.18,0.32,43.84,0.31,127.38,0.41,44.02,0.4,145.39,0.54,43.44,0.55,74.15,0.91,44.07,0.89,268.75,0.18,43.5,0.18,327.66,0.35,43.79,0.36,178.0,-1617,-1500,-1800,43.64166666666666,5.949999999999999,0 days 00:10:00,True,40,-1618.0,-1621.0,-1620.0,-1626.0,-1626.0,-1624.0,BELOW
2026-08-18 23:40:51,27.78,78.34,0.75,43.67,0.72,151.97,0.84,43.79,0.86,195.55,0.08,42.58,0.08,327.66,0.31,43.67,0.31,197.83,0.79,44.07,0.78,123.67,0.46,43.21,0.45,95.15,0.32,43.5,0.32,155.17,0.41,43.61,0.42,179.84,0.54,43.5,0.55,76.62,0.91,43.67,0.91,282.6,0.18,43.15,0.18,297.07,0.35,43.73,0.36,165.07,-1608,-1500,-1800,43.512499999999996,5.94,0 days 00:10:00,True,40,-1617.0,-1618.0,-1621.0,-1620.0,-1626.0,-1626.0,TARGET
2026-08-18 23:50:51,27.35,79.47,0.75,43.79,0.73,169.54,0.84,44.12,0.81,168.6,0.08,42.29,0.08,327.66,0.31,43.96,0.32,202.01,0.79,43.84,0.76,121.95,0.46,43.33,0.47,90.98,0.32,43.56,0.32,156.95,0.41,44.07,0.4,142.78,0.54,43.15,0.54,85.52,0.91,44.25,0.91,233.83,0.18,43.61,0.18,209.54,0.35,44.07,0.34,137.19,-1608,-1500,-1800,43.669999999999995,5.859999999999999,0 days 00:10:00,True,40,-1608.0,-1617.0,-1618.0,-1621.0,-1620.0,-1626.0,TARGET
2026-08-19 00:00:51,27.14,79.13,0.75,43.33,0.74,185.65,0.84,44.07,0.85,179.17,0.08,42.35,0.08,298.82,0.31,43.9,0.31,220.67,0.79,43.44,0.76,156.73,0.46,42.93,0.45,104.7,0.32,43.96,0.32,122.27,0.41,43.67,0.42,170.96,0.54,43.5,0.56,74.25,0.91,44.07,0.88,233.23,0.18,43.44,0.18,215.51,0.35,44.02,0.36,153.37,-1604,-1500,-1800,43.556666666666665,5.91,0 days 00:10:00,True,40,-1608.0,-1608.0,-1617.0,-1618.0,-1621.0,-1620.0,TARGET
2026-08-19 00:10:51,27.03,79.41,0.75,43.37,0.74,188.45,0.84,43.33,0.85,185.9,0.08,42.64,0.08,327.66,0.31,43.96,0.31,204.72,0.79,43.96,0.8,123.5,0.46,42.98,0.47,100.95,0.32,43.79,0.32,134.97,0.41,43.5,0.41,179.12,0.54,43.33,0.54,81.67,0.91,44.07,0.94,236.87,0.18,43.5,0.18,222.76,0.35,43.56,0.36,184.15,-1610,-1500,-1800,43.49916666666667,5.999999999999999,0 days 00:10:00,True,40,-1604.0,-1608.0,-1608.0,-1617.0,-1618.0,-1621.0,TARGET
2026-08-19 00:20:50,26.71,80.2,0.75,43.5,0.73,177.07,0.84,43.73,0.81,206.96,0.08,42.41,0.08,327.66,0.31,44.42,0.31,182.92,0.79,43.61,0.78,143.67,0.46,43.44,0.46,87.74,0.32,43.84,0.32,129.92,0.41,43.9,0.42,163.76,0.54,43.56,0.53,73.65,0.91,43.73,0.89,271.88,0.18,43.15,0.18,297.47,0.35,44.12,0.36,144.45,-1610,-1500,-1800,43.6175,5.869999999999999,0 days 00:09:59,True,40,-1610.0,-1604.0,-1608.0,-1608.0,-1617.0,-1618.0,TARGET
2026-08-19 00:30:51,26.6,79.89,0.75,43.21,0.72,217.49,0.84,43.79,0.83,192.84,0.08,42.58,0.08,327.66,0.31,44.42,0.31,169.91,0.79,43.37,0.79,159.95,0.46,43.44,0.45,84.5,0.32,43.5,0.33,154.98,0.41,44.02,0.42,166.16,0.54,43.33,0.55,81.29,0.91,44.19,0.92,233.83,0.18,43.56,0.18,212.48,0.35,44.02,0.36,148.48,-1611,-1500,-1800,43.619166666666665,5.94,0 days 00:10:01,True,40,-1610.0,-1610.0,-1604.0,-1608.0,-1608.0,-1617.0,BELOW
2026-08-19 00:40:51,26.76,80.44,0.75,43.79,0.75,157.76,0.84,43.61,0.85,287.74,0.08,42.7,0.08,327.66,0.31,44.48,0.3,178.29,0.79,43.73,0.82,140.06,0.46,43.44,0.45,85.03,0.32,43.56,0.32,151.76,0.41,44.12,0.41,147.3,0.54,43.33,0.54,80.92,0.91,43.73,0.91,266.29,0.18,43.27,0.18,258.87,0.35,44.02,0.36,146.92,-1605,-1500,-1800,43.64833333333333,5.970000000000001,0 days 00:10:00,True,40,-1611.0,-1610.0,-1610.0,-1604.0,-1608.0,-1608.0,TARGET
2026-08-19 00:50:51,26.71,81.57,0.75,43.84,0.74,156.2,0.84,44.07,0.82,202.54,0.08,42.58,0.08,327.66,0.31,44.07,0.3,183.89,0.79,43.73,0.77,127.21,0.46,42.98,0.45,104.98,0.32,43.9,0.31,149.67,0.41,44.07,0.41,142.42,0.54,43.61,0.52,72.11,0.91,44.07,0.93,232.62,0.18,43.5,0.18,218.65,0.35,43.67,0.36,170.96,-1602,-1500,-1800,43.67416666666666,5.87,0 days 00:10:00,True,40,-1605.0,-1611.0,-1610.0,-1610.0,-1604.0,-1608.0,TARGET
2026-08-19 01:00:51,26.6,81.73,0.75,43.33,0.74,211.36,0.84,44.12,0.82,170.43,0.08,42.52,0.08,327.66,0.31,43.9,0.32,210.92,0.79,43.96,0.81,122.27,0.46,43.5,0.45,83.7,0.32,43.9,0.32,94.06,0.41,43.56,0.4,186.64,0.54,43.21,0.52,81.07,0.91,43.96,0.93,263.34,0.18,43.37,0.18,281.12,0.35,44.12,0.35,145.75,-1594,-1500,-1800,43.62083333333333,5.92,0 days 00:10:00,True,40,-1602.0,-1605.0,-1611.0,-1610.0,-1610.0,-1604.0,TARGET
2026-08-19 01:10:51,26.66,81.88,0.75,43.84,0.73,159.59,0.84,43.61,0.84,223.06,0.08,42.24,0.08,327.66,0.31,43.9,0.31,195.81,0.79,43.96,0.78,125.41,0.46,43.15,0.45,94.24,0.32,44.02,0.32,114.39,0.41,43.56,0.41,181.73,0.54,43.37,0.56,76.42,0.91,43.96,0.94,253.43,0.18,43.37,0.18,225.82,0.35,43.79,0.36,187.37,-1593,-1500,-1800,43.564166666666665,5.96,0 days 00:10:00,True,40,-1594.0,-1602.0,-1605.0,-1611.0,-1610.0,-1610.0,TARGET
2026-08-19 01:20:51,27.19,78.28,0.75,43.33,0.76,193.24,0.84,44.02,0.81,183.65,0.08,42.18,0.08,327.66,0.31,43.9,0.32,210.92,0.79,43.44,0.79,162.06,0.46,42.93,0.47,103.75,0.32,43.56,0.33,155.17,0.41,43.84,0.42,147.89,0.54,43.73,0.53,69.68,0.91,44.25,0.89,226.29,0.18,43.61,0.18,203.64,0.35,44.07,0.35,140.98,-1591,-1500,-1800,43.57166666666668,5.93,0 days 00:10:00,True,40,-1593.0,-1594.0,-1602.0,-1605.0,-1611.0,-1610.0,TARGET
2026-08-19 01:50:51,27.03,81.12,0.75,43.73,0.74,167.06,0.84,44.02,0.81,174.46,0.08,42.7,0.08,327.66,0.31,44.36,0.32,173.66,0.79,43.73,0.76,139.87,0.46,43.56,0.45,82.7,0.32,43.37,0.33,156.31,0.41,44.07,0.4,138.37,0.54,43.61,0.56,70.19,0.91,44.25,0.91,219.22,0.18,43.67,0.18,197.83,0.35,44.19,0.35,145.95,-1590,-1500,-1800,43.77166666666667,5.89,0 days 00:10:00,True,40,-1583.0,-1587.0,-1591.0,-1593.0,-1594.0,-1602.0,TARGET
2026-08-19 02:40:50,26.92,81.45,0.75,43.33,0.77,196.26,0.84,43.84,0.81,201.75,0.08,42.35,0.08,327.66,0.31,43.96,0.31,211.2,0.79,43.61,0.82,147.31,0.46,43.21,0.46,86.6,0.32,43.44,0.31,154.76,0.41,43.73,0.42,162.91,0.54,43.73,0.54,68.64,0.91,44.02,0.93,249.24,0.18,43.37,0.18,254.75,0.35,44.25,0.35,133.62,-1571,-1500,-1800,43.57,5.979999999999999,0 days 00:09:59,True,40,-1584.0,-1581.0,-1580.0,-1583.0,-1590.0,-1583.0,ABOVE
2026-08-19 03:10:51,26.71,82.49,0.75,43.84,0.76,169.54,0.84,43.61,0.85,219.23,0.08,42.58,0.08,327.66,0.31,44.42,0.3,160.05,0.79,43.61,0.78,142.37,0.46,43.27,0.47,86.29,0.32,43.61,0.31,104.63,0.41,43.79,0.41,178.0,0.54,43.56,0.52,73.07,0.91,44.3,0.92,226.58,0.18,43.67,0.18,197.83,0.35,43.9,0.35,167.94,-1574,-1500,-1800,43.68000000000001,5.93,0 days 00:10:00,True,40,-1581.0,-1578.0,-1571.0,-1584.0,-1581.0,-1580.0,ABOVE
2026-08-19 03:20:51,26.82,82.58,0.75,43.79,0.75,161.44,0.84,44.12,0.84,179.4,0.08,41.89,0.08,327.66,0.31,44.12,0.32,197.09,0.79,43.79,0.78,128.56,0.46,43.37,0.47,85.43,0.32,43.84,0.32,125.25,0.41,44.12,0.4,142.78,0.54,43.1,0.54,85.41,0.91,43.96,0.88,240.33,0.18,43.44,0.18,214.95,0.35,43.96,0.35,145.2,-1572,-1500,-1800,43.625,5.909999999999999,0 days 00:10:00,True,40,-1574.0,-1581.0,-1578.0,-1571.0,-1584.0,-1581.0,ABOVE
2026-08-19 03:30:51,27.08,82.73,0.75,44.02,0.73,158.39,0.84,44.12,0.86,177.12,0.08,42.52,0.08,327.66,0.31,44.12,0.32,191.94,0.79,43.56,0.76,155.17,0.46,43.15,0.45,95.02,0.32,44.02,0.31,111.5,0.41,43.5,0.42,186.39,0.54,43.44,0.52,74.86,0.91,44.19,0.9,222.12,0.18,43.56,0.18,191.82,0.35,43.73,0.34,171.18,-1575,-1500,-1800,43.66083333333333,5.87,0 days 00:10:00,True,40,-1572.0,-1574.0,-1581.0,-1578.0,-1571.0,-1584.0,ABOVE
2026-08-19 03:50:51,26.92,82.49,0.75,43.27,0.72,202.04,0.84,43.5,0.87,186.39,0.08,42.41,0.08,327.66,0.31,44.36,0.31,169.47,0.79,43.33,0.79,157.7,0.46,43.15,0.46,102.12,0.32,43.96,0.31,118.28,0.41,44.07,0.4,141.16,0.54,43.04,0.55,83.21,0.91,43.73,0.88,295.01,0.18,43.15,0.18,325.81,0.35,44.02,0.36,148.28,-1571,-1500,-1800,43.49916666666667,5.91,0 days 00:10:01,True,40,-1573.0,-1575.0,-1572.0,-1574.0,-1581.0,-1578.0,ABOVE
2026-08-19 04:00:51,26.71,82.64,0.75,43.27,0.74,204.78,0.84,43.56,0.84,206.4,0.08,42.35,0.08,327.66,0.31,44.36,0.3,163.56,0.79,43.56,0.78,158.75,0.46,43.21,0.46,98.31,0.32,43.67,0.31,140.06,0.41,43.56,0.41,191.82,0.54,43.33,0.54,79.97,0.91,44.12,0.9,237.18,0.18,43.5,0.18,226.12,0.35,44.19,0.36,138.55,-1572,-1500,-1800,43.55666666666667,5.900000000000001,0 days 00:10:00,True,40,-1571.0,-1573.0,-1575.0,-1572.0,-1574.0,-1581.0,ABOVE
2026-08-19 04:10:51,26.71,82.31,0.75,43.27,0.75,214.37,0.84,43.56,0.83,238.12,0.08,42.18,0.08,327.66,0.31,44.02,0.3,208.59,0.79,43.9,0.78,120.0,0.46,43.37,0.47,83.77,0.32,43.56,0.32,146.92,0.41,43.61,0.42,179.6,0.54,43.1,0.56,89.78,0.91,43.84,0.92,243.26,0.18,43.33,0.18,249.12,0.35,44.12,0.34,144.25,-1573,-1500,-1800,43.48833333333334,5.949999999999999,0 days 00:10:00,True,40,-1572.0,-1571.0,-1573.0,-1575.0,-1572.0,-1574.0,ABOVE
2026-08-19 04:20:51,26.66,83.1,0.75,43.33,0.72,221.59,0.84,43.61,0.84,226.71,0.08,42.06,0.08,327.66,0.31,44.02,0.3,205.25,0.79,43.37,0.82,163.76,0.46,43.04,0.47,95.43,0.32,43.61,0.31,141.12,0.41,44.07,0.4,141.16,0.54,43.33,0.53,75.37,0.91,43.67,0.88,282.6,0.18,43.04,0.18,296.68,0.35,43.67,0.34,195.04,-1572,-1500,-1800,43.40166666666667,5.87,0 days 00:10:00,True,40,-1573.0,-1572.0,-1571.0,-1573.0,-1575.0,-1572.0,ABOVE
2026-08-19 04:30:51,26.66,82.79,0.75,43.61,0.76,182.21,0.84,43.61,0.87,212.76,0.08,42.64,0.08,327.66,0.31,44.36,0.31,171.32,0.79,43.37,0.8,156.31,0.46,43.44,0.45,80.08,0.32,43.73,0.33,139.87,0.41,43.9,0.4,154.87,0.54,43.37,0.56,70.54,0.91,44.02,0.89,263.34,0.18,43.44,0.18,255.09,0.35,44.02,0.35,148.48,-1578,-1500,-1800,43.62583333333333,5.9799999999999995,0 days 00:10:00,True,40,-1572.0,-1573.0,-1572.0,-1571.0,-1573.0,-1575.0,ABOVE
2026-08-19 04:40:51,26.87,83.13,0.75,43.73,0.73,159.17,0.84,43.96,0.86,196.32,0.08,42.46,0.08,327.66,0.31,44.02,0.32,186.09,0.79,43.9,0.76,120.0,0.46,42.81,0.47,102.82,0.32,43.9,0.33,116.98,0.41,44.02,0.41,143.89,0.54,43.15,0.54,84.06,0.91,43.67,0.88,266.29,0.18,43.04,0.18,310.57,0.35,43.79,0.34,157.76,-1568,-1500,-1800,43.537499999999994,5.8999999999999995,0 days 00:10:00,True,40,-1578.0,-1572.0,-1573.0,-1572.0,-1571.0,-1573.0,ABOVE
2026-08-19 05:00:51,26.98,83.01,0.75,43.37,0.75,185.9,0.84,43.04,0.85,224.03,0.08,42.29,0.08,327.66,0.31,43.79,0.32,327.66,0.79,43.79,0.81,125.07,0.46,43.44,0.47,82.59,0.32,44.02,0.31,113.47,0.41,43.61,0.41,189.7,0.54,42.93,0.52,82.49,0.91,43.79,0.93,224.23,0.18,43.96,0.18,190.69,0.35,43.96,0.35,172.08,-1572,-1500,-1800,43.49916666666667,5.979999999999999,0 days 00:10:01,True,40,-1563.0,-1568.0,-1578.0,-1572.0,-1573.0,-1572.0,ABOVE
2026-08-19 05:10:51,27.3,81.36,0.75,43.73,0.72,173.1,0.84,43.79,0.85,201.48,0.08,42.58,0.08,327.66,0.31,44.3,0.31,171.32,0.79,43.37,0.77,156.31,0.46,42.93,0.47,106.32,0.32,43.44,0.33,153.05,0.41,43.9,0.41,156.2,0.54,43.21,0.52,80.49,0.91,43.84,0.88,262.31,0.18,43.15,0.18,285.07,0.35,43.67,0.35,170.96,-1574,-1500,-1800,43.492499999999986,5.87,0 days 00:10:00,True,40,-1572.0,-1563.0,-1568.0,-1578.0,-1572.0,-1573.0,ABOVE
2026-08-19 05:20:51,27.08,83.59,0.75,43.33,0.73,214.65,0.84,43.9,0.83,182.69,0.08,42.46,0.08,327.66,0.31,43.79,0.3,220.37,0.79,43.37,0.78,156.53,0.46,42.93,0.45,97.22,0.32,43.56,0.31,146.92,0.41,43.84,0.4,193.09,0.54,43.5,0.53,71.93,0.91,44.25,0.91,219.22,0.18,43.61,0.18,192.08,0.35,43.9,0.36,161.66,-1569,-1500,-1800,43.53666666666666,5.86,0 days 00:10:00,True,40,-1574.0,-1572.0,-1563.0,-1568.0,-1578.0,-1572.0,ABOVE
2026-08-19 05:30:51,26.92,84.2,0.75,43.33,0.75,218.07,0.84,43.67,0.85,213.04,0.08,42.58,0.08,327.66,0.31,43.96,0.32,201.75,0.79,43.73,0.81,130.81,0.46,43.56,0.46,85.14,0.32,44.02,0.32,115.35,0.41,43.9,0.41,169.54,0.54,43.44,0.52,74.06,0.91,43.61,0.93,251.45,0.18,43.04,0.18,296.68,0.35,44.3,0.34,141.89,-1570,-1500,-1800,43.595,5.969999999999999,0 days 00:10:00,True,40,-1569.0,-1574.0,-1572.0,-1563.0,-1568.0,-1578.0,ABOVE
2026-08-19 05:40:51,27.14,85.08,0.75,43.61,0.72,327.66,0.84,43.67,0.85,216.09,0.08,42.46,0.08,327.66,0.31,44.48,0.3,158.45,0.79,43.79,0.79,133.67,0.46,43.27,0.45,89.09,0.32,43.5,0.32,154.98,0.41,43.79,0.4,154.26,0.54,43.27,0.55,76.11,0.91,43.73,0.91,266.66,0.18,42.81,0.18,276.66,0.35,43.73,0.36,167.06,-1577,-1500,-1800,43.509166666666665,5.91,0 days 00:10:00,True,40,-1570.0,-1569.0,-1574.0,-1572.0,-1563.0,-1568.0,ABOVE
2026-08-19 05:50:51,26.82,86.27,0.75,43.84,0.72,161.66,0.84,43.73,0.83,209.82,0.08,42.52,0.08,327.66,0.31,43.9,0.3,214.15,0.79,43.67,0.77,131.87,0.46,43.33,0.46,83.25,0.32,43.5,0.32,162.26,0.41,43.56,0.4,181.73,0.54,43.44,0.55,74.86,0.91,44.19,0.94,222.4,0.18,43.5,0.18,199.9,0.35,44.12,0.36,128.37,-1579,-1500,-1800,43.60833333333333,5.909999999999999,0 days 00:10:00,True,40,-1577.0,-1570.0,-1569.0,-1574.0,-1572.0,-1563.0,ABOVE
2026-08-19 06:00:51,26.6,86.43,0.75,43.79,0.76,156.0,0.84,43.73,0.87,179.84,0.08,42.24,0.08,327.66,0.31,44.3,0.31,159.64,0.79,43.67,0.81,125.89,0.46,42.87,0.45,100.07,0.32,44.07,0.33,117.28,0.41,43.9,0.41,151.11,0.54,43.1,0.53,80.28,0.91,44.12,0.91,229.7,0.18,43.5,0.18,215.79,0.35,43.56,0.35,177.07,-1574,-1500,-1800,43.57083333333333,5.99,0 days 00:10:00,True,40,-1579.0,-1577.0,-1570.0,-1569.0,-1574.0,-1572.0,ABOVE
2026-08-19 06:10:51,26.55,86.95,0.75,43.44,0.77,186.15,0.84,44.07,0.83,160.64,0.08,42.58,0.08,327.66,0.31,44.25,0.3,189.1,0.79,43.37,0.76,169.83,0.46,42.93,0.45,103.89,0.32,43.84,0.33,125.25,0.41,43.27,0.4,190.56,0.54,43.27,0.55,76.11,0.91,43.84,0.89,243.58,0.18,43.21,0.18,244.03,0.35,43.21,0.35,163.12,-1578,-1500,-1800,43.44,5.89,0 days 00:10:00,True,40,-1574.0,-1579.0,-1577.0,-1570.0,-1569.0,-1574.0,ABOVE
2026-08-19 06:20:51,26.28,88.23,0.75,43.44,0.78,176.6,0.84,43.73,0.85,198.35,0.08,42.18,0.08,284.56,0.31,44.36,0.32,165.49,0.79,43.44,0.81,129.61,0.46,43.37,0.45,88.18,0.32,43.9,0.31,123.18,0.41,43.79,0.4,165.29,0.54,43.04,0.52,83.21,0.91,44.12,0.94,233.23,0.18,43.44,0.18,218.65,0.35,44.02,0.34,129.39,-1588,-1500,-1800,43.56916666666667,5.979999999999999,0 days 00:10:00,True,40,-1578.0,-1574.0,-1579.0,-1577.0,-1570.0,-1569.0,ABOVE
2026-08-19 06:30:51,26.28,87.77,0.75,43.15,0.77,204.24,0.84,43.79,0.83,190.44,0.08,42.58,0.08,327.66,0.31,44.3,0.32,184.84,0.79,43.37,0.81,157.91,0.46,43.44,0.45,107.61,0.32,43.44,0.32,148.12,0.41,43.9,0.4,145.0,0.54,43.27,0.52,77.5,0.91,43.67,0.92,246.96,0.18,43.1,0.18,289.97,0.35,44.02,0.36,151.7,-1579,-1500,-1800,43.5025,5.96,0 days 00:10:00,True,40,-1588.0,-1578.0,-1574.0,-1579.0,-1577.0,-1570.0,ABOVE
2026-08-19 06:40:51,26.12,89.11,0.75,43.61,0.76,166.62,0.84,43.56,0.86,226.42,0.08,42.18,0.08,327.66,0.31,44.19,0.31,175.15,0.79,43.61,0.79,137.11,0.46,43.44,0.47,79.06,0.32,43.5,0.33,156.73,0.41,44.07,0.4,128.2,0.54,43.5,0.54,74.15,0.91,43.79,0.9,252.11,0.18,43.15,0.18,253.4,0.35,43.84,0.35,156.0,-1584,-1500,-1800,43.53666666666666,5.970000000000001,0 days 00:10:00,True,40,-1579.0,-1588.0,-1578.0,-1574.0,-1579.0,-1577.0,ABOVE
2026-08-19 07:00:50,26.23,88.9,0.75,43.44,0.72,202.57,0.84,44.02,0.85,178.94,0.08,42.7,0.08,327.66,0.31,43.96,0.3,205.25,0.79,44.02,0.76,117.13,0.46,42.87,0.45,105.37,0.32,43.84,0.32,118.82,0.41,43.5,0.4,186.39,0.54,43.44,0.52,71.28,0.91,43.96,0.88,248.9,0.18,43.33,0.18,245.33,0.35,43.61,0.35,168.43,-1586,-1500,-1800,43.5575,5.81,0 days 00:09:59,True,40,-1586.0,-1584.0,-1579.0,-1588.0,-1578.0,-1574.0,ABOVE
2026-08-19 07:10:51,25.91,89.14,0.75,43.37,0.75,199.64,0.84,43.73,0.81,213.87,0.08,42.29,0.08,327.66,0.31,43.96,0.32,207.76,0.79,43.5,0.77,143.48,0.46,43.5,0.45,85.56,0.32,43.79,0.33,118.67,0.41,44.3,0.42,144.64,0.54,42.98,0.52,85.29,0.91,44.12,0.9,233.23,0.18,43.44,0.18,208.99,0.35,43.73,0.34,155.59,-1591,-1500,-1800,43.55916666666667,5.870000000000001,0 days 00:10:01,True,40,-1586.0,-1586.0,-1584.0,-1579.0,-1588.0,-1578.0,TARGET
2026-08-19 07:20:51,25.96,88.81,0.75,43.73,0.75,159.17,0.84,43.67,0.87,209.82,0.08,42.58,0.08,327.66,0.31,43.79,0.32,210.37,0.79,43.33,0.82,156.12,0.46,42.87,0.46,105.37,0.32,43.73,0.33,132.06,0.41,43.67,0.42,189.45,0.54,43.5,0.54,74.86,0.91,43.56,0.91,270.81,0.18,43.04,0.18,302.87,0.35,43.61,0.36,172.87,-1597,-1500,-1800,43.42333333333334,6.04,0 days 00:10:00,True,40,-1591.0,-1586.0,-1586.0,-1584.0,-1579.0,-1588.0,TARGET
2026-08-19 07:30:51,25.91,89.14,0.75,43.37,0.75,193.5,0.84,43.96,0.86,185.61,0.08,42.35,0.08,327.66,0.31,44.59,0.32,178.98,0.79,43.9,0.8,124.29,0.46,43.15,0.47,91.84,0.32,43.5,0.31,162.26,0.41,43.61,0.41,181.97,0.54,43.67,0.53,67.79,0.91,43.96,0.94,232.01,0.18,43.33,0.18,204.78,0.35,43.84,0.34,167.5,-1597,-1500,-1800,43.6025,5.989999999999998,0 days 00:10:00,True,40,-1597.0,-1591.0,-1586.0,-1586.0,-1584.0,-1579.0,TARGET
2026-08-19 07:40:51,25.91,89.45,0.75,43.73,0.77,163.12,0.84,43.73,0.82,213.04,0.08,42.58,0.08,327.66,0.31,44.36,0.32,175.83,0.79,43.21,0.8,147.14,0.46,43.37,0.45,80.81,0.32,43.84,0.32,120.73,0.41,43.67,0.41,162.91,0.54,43.21,0.56,80.12,0.91,43.67,0.9,271.53,0.18,43.15,0.18,279.25,0.35,44.02,0.35,143.89,-1603,-1500,-1800,43.544999999999995,5.96,0 days 00:10:00,True,40,-1597.0,-1597.0,-1591.0,-1586.0,-1586.0,-1584.0,TARGET
2026-08-19 07:50:51,25.91,89.91,0.75,43.33,0.75,232.86,0.84,43.96,0.85,172.31,0.08,42.41,0.08,327.66,0.31,44.36,0.31,230.6,0.79,43.33,0.77,159.53,0.46,43.27,0.46,79.19,0.32,43.5,0.33,151.37,0.41,44.02,0.4,145.39,0.54,43.04,0.54,84.75,0.91,44.07,0.88,232.62,0.18,43.5,0.18,269.74,0.35,43.56,0.34,174.83,-1603,-1500,-1800,43.52916666666666,5.89,0 days 00:10:00,True,40,-1603.0,-1597.0,-1597.0,-1591.0,-1586.0,-1586.0,TARGET
2026-08-19 08:00:50,25.96,90.03,0.75,43.61,0.75,160.81,0.84,43.56,0.82,255.76,0.08,42.52,0.08,327.66,0.31,44.42,0.32,171.76,0.79,43.5,0.82,143.67,0.46,43.1,0.45,92.84,0.32,43.67,0.33,129.59,0.41,44.02,0.4,148.48,0.54,43.79,0.56,72.87,0.91,44.19,0.92,209.12,0.18,43.61,0.18,179.6,0.35,43.9,0.34,140.61,-1602,-1500,-1800,43.657500000000006,5.97,0 days 00:09:59,True,40,-1603.0,-1603.0,-1597.0,-1597.0,-1591.0,-1586.0,TARGET
2026-08-19 08:10:51,25.91,90.15,0.75,43.27,0.73,211.08,0.84,43.9,0.81,178.47,0.08,42.35,0.08,327.66,0.31,44.07,0.32,208.59,0.79,43.9,0.77,121.05,0.46,42.87,0.47,107.03,0.32,43.9,0.32,112.11,0.41,43.84,0.42,156.2,0.54,43.27,0.54,78.06,0.91,43.84,0.88,262.31,0.18,43.27,0.18,263.85,0.35,43.27,0.34,178.18,-1610,-1500,-1800,43.479166666666664,5.8599999999999985,0 days 00:10:01,True,40,-1602.0,-1603.0,-1603.0,-1597.0,-1597.0,-1591.0,TARGET
2026-08-19 08:20:51,25.53,90.85,0.75,43.33,0.72,196.26,0.84,43.5,0.87,202.84,0.08,42.24,0.08,327.66,0.31,44.02,0.3,211.47,0.79,43.84,0.78,121.95,0.46,43.27,0.45,82.05,0.32,43.79,0.33,111.22,0.41,43.56,0.42,189.2,0.54,43.56,0.53,75.47,0.91,43.67,0.88,256.44,0.18,43.1,0.18,327.66,0.35,44.02,0.36,142.42,-1614,-1500,-1800,43.491666666666674,5.9,0 days 00:10:00,True,40,-1610.0,-1602.0,-1603.0,-1603.0,-1597.0,-1597.0,BELOW
2026-08-19 08:30:51,25.69,91.01,0.75,43.79,0.73,157.98,0.84,43.67,0.82,206.4,0.08,42.29,0.08,327.66,0.31,44.36,0.3,167.24,0.79,43.61,0.77,137.11,0.46,43.21,0.45,95.02,0.32,43.61,0.32,132.8,0.41,43.5,0.4,179.37,0.54,43.21,0.52,76.86,0.91,44.02,0.94,221.54,0.18,43.56,0.18,197.3,0.35,44.19,0.35,133.27,-1617,-1500,-1800,43.585,5.859999999999999,0 days 00:10:00,True,40,-1614.0,-1610.0,-1602.0,-1603.0,-1603.0,-1597.0,BELOW
2026-08-19 08:40:51,25.96,90.43,0.75,43.33,0.72,205.04,0.84,44.12,0.87,168.6,0.08,42.24,0.08,327.66,0.31,44.19,0.31,197.61,0.79,43.37,0.77,163.76,0.46,42.93,0.45,104.7,0.32,43.5,0.32,158.33,0.41,43.9,0.42,145.0,0.54,42.98,0.52,83.61,0.91,43.96,0.94,244.86,0.18,43.44,0.18,233.47,0.35,43.79,0.34,165.29,-1612,-1500,-1800,43.479166666666664,5.92,0 days 00:10:00,True,40,-1617.0,-1614.0,-1610.0,-1602.0,-1603.0,-1603.0,BELOW
2026-08-19 08:50:51,26.39,89.66,0.75,43.79,0.78,152.56,0.84,43.61,0.86,212.76,0.08,42.58,0.08,327.66,0.31,43.96,0.32,214.44,0.79,43.33,0.78,157.91,0.46,43.04,0.45,93.99,0.32,43.67,0.33,124.59,0.41,43.61,0.4,182.21,0.54,43.73,0.52,70.03,0.91,44.25,0.89,226.29,0.18,43.56,0.18,203.37,0.35,43.61,0.34,181.97,-1615,-1500,-1800,43.561666666666675,5.930000000000001,0 days 00:10:00,True,40,-1612.0,-1617.0,-1614.0,-1610.0,-1602.0,-1603.0,BELOW
2026-08-19 09:00:51,26.12,89.81,0.75,43.56,0.73,172.64,0.84,44.12,0.83,166.59,0.08,42.7,0.08,327.66,0.31,44.12,0.31,202.28,0.79,43.79,0.76,126.05,0.46,43.44,0.46,82.48,0.32,43.9,0.32,140.42,0.41,43.9,0.4,149.67,0.54,43.37,0.56,79.51,0.91,43.79,0.92,257.12,0.18,43.15,0.18,268.31,0.35,44.3,0.34,117.07,-1616,-1500,-1800,43.678333333333335,5.889999999999999,0 days 00:10:00,True,40,-1615.0,-1612.0,-1617.0,-1614.0,-1610.0,-1602.0,BELOW
2026-08-19 09:10:51,26.18,89.85,0.75,43.79,0.75,156.0,0.84,43.9,0.83,235.64,0.08,42.52,0.08,327.66,0.31,44.19,0.32,191.94,0.79,43.44,0.78,154.98,0.46,43.37,0.45,80.92,0.32,43.56,0.32,151.56,0.41,44.12,0.4,142.78,0.54,43.21,0.55,78.18,0.91,43.67,0.89,288.5,0.18,43.04,0.18,310.16,0.35,43.84,0.35,152.97,-1621,-1500,-1800,43.55416666666667,5.8999999999999995,0 days 00:10:00,True,40,-1616.0,-1615.0,-1612.0,-1617.0,-1614.0,-1610.0,BELOW
2026-08-19 15:00:51,27.24,86.4,0.75,43.73,0.78,171.41,0.84,43.56,0.82,226.42,0.08,42.46,0.08,327.66,0.31,44.02,0.31,193.6,0.79,43.67,0.82,142.95,0.46,43.04,0.47,99.75,0.32,43.44,0.31,156.53,0.41,44.02,0.42,150.26,0.54,43.1,0.56,76.76,0.91,44.07,0.93,258.79,0.18,43.44,0.18,241.67,0.35,43.9,0.36,153.17,-1644,-1500,-1800,43.5375,6.04,0 days 00:10:00,True,41,-1645.0,-1643.0,-1648.0,-1642.0,-1647.0,-1649.0,BELOW
2026-08-19 15:50:51,27.99,83.28,0.75,43.5,0.73,186.64,0.84,43.84,0.86,227.9,0.08,42.64,0.08,327.66,0.31,44.02,0.31,208.59,0.79,43.84,0.76,121.95,0.46,43.5,0.45,86.86,0.32,43.96,0.32,110.62,0.41,44.02,0.41,166.16,0.54,43.61,0.54,85.9,0.46,43.56,0.45,83.2,0.32,44.02,0.33,117.28,0.35,43.96,0.36,155.08,-1635,-1500,-1800,43.70583333333334,5.600000000000001,0 days 00:09:59,True,41,-1641.0,-1642.0,-1644.0,-1644.0,-1644.0,-1645.0,BELOW
2026-08-19 16:20:51,27.56,83.56,0.75,43.44,0.78,181.25,0.84,43.96,0.82,202.28,0.08,42.35,0.08,327.66,0.31,44.3,0.3,190.09,0.79,43.9,0.76,126.55,0.46,43.04,0.46,101.22,0.32,44.07,0.31,116.46,0.41,43.9,0.41,167.72,0.54,43.27,0.56,85.86,0.91,44.25,0.89,233.83,0.18,43.56,0.18,212.76,0.41,44.12,0.41,142.78,-1642,-1500,-1800,43.68,5.96,0 days 00:10:00,True,41,-1639.0,-1636.0,-1635.0,-1641.0,-1642.0,-1644.0,BELOW
2026-08-19 16:50:52,28.79,79.83,0.75,43.67,0.72,192.33,0.84,43.73,0.86,184.87,0.08,42.7,0.08,327.66,0.31,43.96,0.3,221.25,0.79,43.5,0.82,151.76,0.46,43.44,0.47,87.74,0.32,43.67,0.33,144.25,0.41,43.9,0.4,151.5,0.54,43.5,0.54,74.46,0.91,43.96,0.89,284.47,0.18,43.33,0.18,269.38,0.35,44.07,0.34,133.27,-1646,-1500,-1800,43.619166666666665,5.929999999999999,0 days 00:10:00,True,41,-1641.0,-1644.0,-1642.0,-1639.0,-1636.0,-1635.0,BELOW
2026-08-19 20:40:51,27.03,84.78,0.75,43.79,0.76,165.5,0.84,43.79,0.84,192.84,0.08,42.64,0.08,327.66,0.31,44.12,0.31,186.34,0.79,43.73,0.79,128.39,0.46,43.27,0.46,86.4,0.32,43.96,0.33,120.16,0.41,43.96,0.41,149.87,0.54,43.67,0.54,72.11,0.91,43.73,0.94,277.32,0.18,43.44,0.18,327.66,0.35,44.07,0.35,142.78,-1646,-1500,-1800,43.68083333333333,5.99,0 days 00:10:00,True,41,-1651.0,-1658.0,-1654.0,-1657.0,-1653.0,-1662.0,BELOW
2026-08-19 21:30:51,26.82,86.15,0.75,43.5,0.73,184.15,0.84,43.56,0.85,321.19,0.08,42.64,0.08,327.66,0.31,44.36,0.31,163.76,0.79,43.61,0.79,138.28,0.46,43.27,0.46,88.63,0.32,43.5,0.32,158.53,0.41,44.07,0.4,138.19,0.54,43.04,0.52,82.82,0.91,43.9,0.91,278.41,0.18,43.73,0.18,271.53,0.35,43.84,0.35,169.54,-1641,-1500,-1800,43.585,5.8999999999999995,0 days 00:09:59,True,41,-1646.0,-1648.0,-1654.0,-1647.0,-1646.0,-1651.0,BELOW
2026-08-19 21:40:51,26.87,86.0,0.75,43.56,0.75,189.2,0.84,43.79,0.87,210.64,0.08,42.46,0.08,327.66,0.31,43.96,0.3,210.92,0.79,43.56,0.79,151.76,0.46,43.44,0.45,86.63,0.32,43.56,0.33,146.92,0.41,44.02,0.41,146.92,0.54,43.67,0.54,72.87,0.91,44.19,0.88,274.74,0.18,43.15,0.18,311.0,0.35,43.44,0.36,174.37,-1632,-1500,-1800,43.56666666666666,5.94,0 days 00:10:00,True,41,-1641.0,-1646.0,-1648.0,-1654.0,-1647.0,-1646.0,BELOW
2026-08-19 21:50:51,26.92,85.88,0.75,43.67,0.75,182.21,0.84,43.79,0.84,204.18,0.08,42.52,0.08,327.66,0.31,44.48,0.32,171.99,0.79,43.9,0.8,131.33,0.46,43.37,0.45,88.3,0.32,43.5,0.32,146.73,0.41,43.73,0.4,173.32,0.54,43.67,0.55,71.75,0.91,43.84,0.9,272.6,0.18,43.27,0.18,268.66,0.35,43.61,0.35,170.73,-1634,-1500,-1800,43.612500000000004,5.9399999999999995,0 days 00:10:00,True,41,-1632.0,-1641.0,-1646.0,-1648.0,-1654.0,-1647.0,BELOW
2026-08-19 22:00:51,26.98,85.85,0.75,43.73,0.75,163.12,0.84,43.96,0.87,193.6,0.08,42.06,0.08,327.66,0.31,43.96,0.3,208.04,0.79,43.79,0.77,125.25,0.46,42.98,0.45,88.04,0.32,43.84,0.32,126.38,0.41,43.79,0.41,171.62,0.54,43.44,0.53,80.54,0.91,43.73,0.9,272.24,0.18,43.33,0.18,258.87,0.35,44.25,0.34,136.2,-1634,-1500,-1800,43.57166666666668,5.9,0 days 00:10:00,True,41,-1634.0,-1632.0,-1641.0,-1646.0,-1648.0,-1654.0,BELOW
2026-08-19 22:10:52,26.92,85.85,0.75,43.21,0.77,201.5,0.84,44.02,0.84,181.01,0.08,42.46,0.08,327.66,0.31,44.36,0.3,163.56,0.79,43.56,0.79,156.95,0.46,43.44,0.46,87.62,0.32,43.84,0.32,141.86,0.41,43.96,0.41,139.2,0.54,43.73,0.54,78.87,0.91,44.3,0.89,222.7,0.18,43.67,0.18,192.33,0.35,43.67,0.35,173.1,-1628,-1500,-1800,43.685,5.929999999999999,0 days 00:10:01,True,41,-1634.0,-1634.0,-1632.0,-1641.0,-1646.0,-1648.0,BELOW
2026-08-19 22:20:52,26.44,86.58,0.75,43.79,0.74,165.29,0.84,43.56,0.87,265.6,0.08,42.64,0.08,327.66,0.31,43.96,0.3,208.04,0.79,43.61,0.8,137.11,0.46,43.15,0.46,96.49,0.32,43.96,0.31,125.57,0.41,43.5,0.41,186.64,0.54,43.73,0.54,70.74,0.91,44.36,0.88,242.21,0.18,43.61,0.18,203.37,0.35,43.73,0.35,173.1,-1623,-1500,-1800,43.63333333333333,5.919999999999999,0 days 00:10:00,True,41,-1628.0,-1634.0,-1634.0,-1632.0,-1641.0,-1646.0,BELOW
2026-08-19 22:30:52,26.82,85.48,0.75,43.84,0.77,159.59,0.84,43.79,0.81,173.55,0.08,42.12,0.08,327.66,0.31,44.19,0.3,177.12,0.79,43.9,0.81,121.95,0.46,43.04,0.46,99.61,0.32,43.27,0.33,127.21,0.41,43.84,0.42,152.56,0.54,43.33,0.56,78.29,0.91,43.96,0.92,327.66,0.18,43.33,0.18,232.54,0.35,43.84,0.36,152.56,-1624,-1500,-1800,43.537499999999994,6.000000000000001,0 days 00:10:00,True,41,-1623.0,-1628.0,-1634.0,-1634.0,-1632.0,-1641.0,BELOW
2026-08-19 22:40:51,26.76,85.05,0.75,43.44,0.78,191.06,0.84,44.19,0.82,161.25,0.08,42.7,0.08,327.66,0.31,44.42,0.32,165.92,0.79,43.37,0.76,161.84,0.46,43.44,0.46,83.99,0.32,43.96,0.33,122.27,0.41,43.61,0.42,189.45,0.54,43.1,0.54,88.16,0.91,44.25,0.93,237.79,0.18,42.98,0.18,290.75,0.35,44.25,0.35,136.2,-1617,-1500,-1800,43.642500000000005,5.969999999999999,0 days 00:09:59,True,41,-1624.0,-1623.0,-1628.0,-1634.0,-1634.0,-1632.0,BELOW
2026-08-19 22:50:51,26.82,85.51,0.75,43.56,0.78,197.57,0.84,43.79,0.84,198.09,0.08,42.58,0.08,327.66,0.31,44.3,0.32,180.1,0.79,43.67,0.82,138.28,0.46,43.44,0.47,84.84,0.32,43.73,0.32,145.95,0.41,43.96,0.41,148.09,0.54,43.21,0.56,81.07,0.91,44.19,0.91,226.0,0.18,43.56,0.18,205.87,0.35,44.07,0.34,144.06,-1614,-1500,-1800,43.671666666666674,6.029999999999999,0 days 00:10:00,True,41,-1617.0,-1624.0,-1623.0,-1628.0,-1634.0,-1634.0,BELOW
2026-08-19 23:00:51,26.92,85.48,0.75,43.5,0.75,199.64,0.84,43.84,0.85,231.71,0.08,42.29,0.08,327.66,0.31,44.07,0.31,184.12,0.79,43.37,0.79,167.76,0.46,42.98,0.45,99.48,0.32,43.67,0.33,138.48,0.41,43.9,0.4,165.72,0.54,43.15,0.53,90.5,0.91,43.84,0.93,272.6,0.18,43.61,0.18,203.37,0.35,43.84,0.34,169.32,-1610,-1500,-1800,43.505,5.9399999999999995,0 days 00:10:00,True,41,-1614.0,-1617.0,-1624.0,-1623.0,-1628.0,-1634.0,TARGET
2026-08-19 23:10:51,26.98,84.56,0.75,43.5,0.78,199.9,0.84,43.73,0.86,213.32,0.08,42.64,0.08,327.66,0.31,44.36,0.31,163.56,0.79,43.79,0.8,130.64,0.46,43.27,0.45,93.32,0.32,43.96,0.31,115.2,0.41,43.5,0.41,176.83,0.54,43.15,0.56,82.54,0.91,43.5,0.93,327.66,0.18,43.56,0.18,219.23,0.35,43.73,0.35,141.67,-1613,-1500,-1800,43.5575,6.02,0 days 00:10:00,True,41,-1610.0,-1614.0,-1617.0,-1624.0,-1623.0,-1628.0,BELOW
2026-08-19 23:20:52,26.55,85.39,0.75,43.9,0.76,152.97,0.84,43.79,0.87,207.23,0.08,42.46,0.08,327.66,0.31,44.36,0.32,187.55,0.79,43.61,0.77,121.46,0.46,43.37,0.45,78.61,0.32,44.12,0.33,118.59,0.41,44.12,0.4,121.68,0.54,43.1,0.55,83.43,0.91,43.9,0.92,323.74,0.18,43.44,0.18,156.53,0.35,44.02,0.36,145.2,-1606,-1500,-1800,43.682500000000005,5.99,0 days 00:10:01,True,41,-1613.0,-1610.0,-1614.0,-1617.0,-1624.0,-1623.0,TARGET
2026-08-19 23:30:52,26.66,83.28,0.75,43.67,0.76,147.12,0.84,44.12,0.86,166.59,0.08,42.52,0.08,327.66,0.31,44.3,0.32,173.66,0.79,43.37,0.82,163.76,0.46,42.93,0.47,106.32,0.32,43.61,0.32,145.56,0.41,43.56,0.4,181.73,0.54,43.37,0.52,75.26,0.91,43.67,0.88,276.96,0.18,43.1,0.18,285.07,0.35,44.12,0.36,152.09,-1610,-1500,-1800,43.528333333333336,5.969999999999999,0 days 00:10:00,True,41,-1606.0,-1613.0,-1610.0,-1614.0,-1617.0,-1624.0,TARGET
2026-08-19 23:40:52,26.71,82.86,0.75,43.79,0.78,157.76,0.84,44.25,0.81,161.25,0.08,42.41,0.08,327.66,0.31,43.9,0.3,210.64,0.79,44.02,0.79,131.67,0.46,43.27,0.47,90.74,0.32,43.79,0.32,144.62,0.41,44.02,0.4,148.48,0.54,43.44,0.53,72.01,0.91,43.84,0.93,267.71,0.18,43.44,0.18,225.51,0.35,44.07,0.36,155.28,-1604,-1500,-1800,43.68666666666667,5.95,0 days 00:10:00,True,41,-1610.0,-1606.0,-1613.0,-1610.0,-1614.0,-1617.0,TARGET
2026-08-19 23:50:51,26.55,85.63,0.75,43.84,0.76,154.47,0.84,44.07,0.87,168.6,0.08,42.24,0.08,327.66,0.31,44.42,0.31,165.7,0.79,43.33,0.77,156.12,0.46,42.87,0.45,109.62,0.32,43.9,0.33,113.17,0.41,43.73,0.4,184.87,0.54,43.33,0.53,75.9,0.91,43.56,0.89,281.87,0.18,43.27,0.18,274.41,0.35,43.96,0.36,181.26,-1599,-1500,-1800,43.54333333333333,5.93,0 days 00:09:59,True,41,-1604.0,-1610.0,-1606.0,-1613.0,-1610.0,-1614.0,TARGET
2026-08-20 00:00:51,26.6,83.59,0.75,43.73,0.73,165.07,0.84,44.12,0.81,164.41,0.08,42.64,0.08,327.66,0.31,44.12,0.32,184.12,0.79,43.84,0.77,114.89,0.46,43.33,0.47,86.72,0.32,43.5,0.33,158.53,0.41,43.84,0.41,156.0,0.54,43.04,0.54,84.35,0.91,44.12,0.91,222.4,0.18,43.61,0.18,200.43,0.35,43.67,0.35,167.06,-1590,-1500,-1800,43.63,5.8999999999999995,0 days 00:10:00,True,41,-1599.0,-1604.0,-1610.0,-1606.0,-1613.0,-1610.0,TARGET
2026-08-20 00:10:51,26.71,82.7,0.75,43.44,0.75,196.78,0.84,44.02,0.81,186.34,0.08,42.58,0.08,327.66,0.31,44.02,0.32,196.32,0.79,43.5,0.82,158.53,0.46,43.33,0.46,91.71,0.32,43.79,0.32,129.59,0.41,43.79,0.4,152.76,0.54,43.37,0.56,73.86,0.91,43.96,0.91,235.93,0.18,43.21,0.18,285.46,0.35,43.96,0.34,145.2,-1588,-1500,-1800,43.58083333333334,5.949999999999999,0 days 00:10:00,True,41,-1590.0,-1599.0,-1604.0,-1610.0,-1606.0,-1613.0,ABOVE
2026-08-20 00:20:51,26.71,82.67,0.75,43.44,0.78,205.87,0.84,43.73,0.87,210.09,0.08,42.46,0.08,327.66,0.31,44.42,0.3,167.67,0.79,43.67,0.8,115.24,0.46,42.81,0.47,104.42,0.32,43.44,0.32,172.19,0.41,44.02,0.42,141.16,0.54,43.04,0.56,84.75,0.91,44.02,0.88,258.47,0.18,43.37,0.18,264.19,0.35,43.84,0.34,169.54,-1595,-1500,-1800,43.52166666666667,5.999999999999999,0 days 00:10:00,True,41,-1588.0,-1590.0,-1599.0,-1604.0,-1610.0,-1606.0,TARGET
2026-08-20 00:40:52,26.5,83.8,0.75,43.33,0.72,175.9,0.84,44.07,0.86,202.54,0.08,42.58,0.08,327.66,0.31,43.84,0.31,207.5,0.79,43.84,0.8,124.29,0.46,42.87,0.46,102.34,0.32,43.9,0.33,137.83,0.41,43.9,0.4,126.55,0.54,43.1,0.53,80.75,0.91,43.9,0.94,257.44,0.18,43.21,0.18,280.0,0.35,43.79,0.35,173.55,-1594,-1500,-1800,43.527499999999996,5.959999999999999,0 days 00:10:00,True,41,-1585.0,-1595.0,-1588.0,-1590.0,-1599.0,-1604.0,TARGET
2026-08-20 01:10:51,26.44,85.36,0.75,43.27,0.74,204.51,0.84,43.56,0.87,219.51,0.08,42.58,0.08,327.66,0.31,44.12,0.31,186.34,0.79,43.67,0.81,138.66,0.46,43.21,0.47,87.27,0.32,43.5,0.32,153.25,0.41,43.67,0.4,166.4,0.54,43.21,0.55,82.54,0.91,43.67,0.93,301.03,0.18,43.44,0.18,222.18,0.35,43.73,0.34,177.76,-1586,-1500,-1800,43.469166666666666,5.999999999999999,0 days 00:10:00,True,41,-1579.0,-1587.0,-1594.0,-1585.0,-1595.0,-1588.0,ABOVE
2026-08-20 01:30:52,26.28,86.0,0.75,43.56,0.72,184.39,0.84,44.02,0.82,170.21,0.08,42.24,0.08,327.66,0.31,44.02,0.32,196.58,0.79,43.61,0.81,143.87,0.46,43.37,0.47,86.52,0.32,43.56,0.33,151.76,0.41,44.12,0.42,142.78,0.54,43.56,0.54,75.87,0.91,43.84,0.91,283.72,0.18,43.56,0.18,203.11,0.35,43.79,0.36,159.37,-1570,-1500,-1800,43.60416666666668,5.96,0 days 00:10:01,True,41,-1581.0,-1586.0,-1579.0,-1587.0,-1594.0,-1585.0,ABOVE
2026-08-20 01:40:52,26.34,85.72,0.75,43.5,0.75,184.15,0.84,43.9,0.81,198.87,0.08,42.64,0.08,327.66,0.31,44.07,0.3,225.4,0.79,43.96,0.78,121.21,0.46,42.93,0.46,107.31,0.32,43.73,0.31,126.05,0.41,43.56,0.42,145.19,0.54,43.44,0.53,74.96,0.91,43.9,0.92,278.41,0.18,43.37,0.18,225.22,0.35,44.02,0.34,145.58,-1572,-1500,-1800,43.585,5.88,0 days 00:10:00,True,41,-1570.0,-1581.0,-1586.0,-1579.0,-1587.0,-1594.0,ABOVE
2026-08-20 01:50:52,26.39,84.87,0.75,43.5,0.74,158.95,0.84,43.84,0.82,207.76,0.08,42.46,0.08,327.66,0.31,44.19,0.32,194.61,0.79,43.96,0.78,125.41,0.46,43.27,0.46,88.52,0.32,43.73,0.31,132.23,0.41,43.73,0.42,165.07,0.54,43.61,0.56,72.78,0.91,44.02,0.91,273.66,0.18,43.04,0.18,327.66,0.35,44.25,0.35,136.2,-1576,-1500,-1800,43.63333333333335,5.93,0 days 00:10:00,True,41,-1572.0,-1570.0,-1581.0,-1586.0,-1579.0,-1587.0,ABOVE
2026-08-20 02:00:51,26.23,85.36,0.75,43.61,0.78,179.6,0.84,44.07,0.83,166.37,0.08,42.24,0.08,327.66,0.31,44.36,0.31,161.67,0.79,43.79,0.77,126.05,0.46,43.21,0.45,92.7,0.32,43.9,0.32,118.12,0.41,43.9,0.41,139.56,0.54,43.04,0.55,82.82,0.91,44.19,0.91,237.79,0.18,43.1,0.18,285.07,0.35,44.07,0.34,144.06,-1572,-1500,-1800,43.623333333333335,5.93,0 days 00:09:59,True,41,-1576.0,-1572.0,-1570.0,-1581.0,-1586.0,-1579.0,ABOVE
2026-08-20 02:10:51,26.34,83.28,0.75,43.5,0.72,215.51,0.84,43.96,0.82,185.85,0.08,42.24,0.08,327.66,0.31,44.36,0.3,165.49,0.79,43.61,0.81,135.75,0.46,43.15,0.47,93.21,0.32,43.37,0.33,149.73,0.41,43.79,0.4,154.26,0.54,43.61,0.52,76.72,0.91,44.19,0.94,250.21,0.18,43.15,0.18,297.47,0.35,43.9,0.34,145.0,-1576,-1500,-1800,43.56916666666667,5.91,0 days 00:10:00,True,41,-1572.0,-1576.0,-1572.0,-1570.0,-1581.0,-1586.0,ABOVE
2026-08-20 02:20:51,26.18,85.54,0.75,43.84,0.75,159.8,0.84,43.79,0.83,213.6,0.08,42.12,0.08,327.66,0.31,44.25,0.3,175.15,0.79,43.9,0.78,117.82,0.46,43.15,0.47,90.02,0.32,43.96,0.33,123.5,0.41,43.5,0.4,186.39,0.54,43.67,0.53,72.11,0.91,44.19,0.94,327.66,0.18,43.27,0.18,326.66,0.35,43.56,0.36,200.15,-1575,-1500,-1800,43.6,5.95,0 days 00:10:00,True,41,-1576.0,-1572.0,-1576.0,-1572.0,-1570.0,-1581.0,ABOVE
2026-08-20 02:30:51,26.23,85.42,0.75,43.33,0.74,205.32,0.84,44.25,0.85,170.87,0.08,42.24,0.08,327.66,0.31,44.02,0.31,204.98,0.79,43.67,0.82,134.09,0.46,43.5,0.46,83.59,0.32,43.84,0.32,132.39,0.41,43.67,0.42,179.84,0.54,43.27,0.55,76.11,0.91,43.73,0.93,282.97,0.18,43.44,0.18,211.92,0.35,43.67,0.34,200.69,-1576,-1500,-1800,43.5525,5.999999999999999,0 days 00:10:00,True,41,-1575.0,-1576.0,-1572.0,-1576.0,-1572.0,-1570.0,ABOVE
2026-08-20 02:40:52,26.18,84.75,0.75,43.84,0.78,165.5,0.84,43.67,0.87,213.04,0.08,42.64,0.08,327.66,0.31,44.36,0.31,175.83,0.79,43.27,0.78,163.34,0.46,43.44,0.45,82.48,0.32,43.73,0.32,134.8,0.41,43.5,0.41,197.04,0.54,43.33,0.53,78.15,0.91,44.19,0.91,225.7,0.18,43.61,0.18,184.15,0.35,43.61,0.36,192.08,-1569,-1500,-1800,43.59916666666667,5.98,0 days 00:10:01,True,41,-1576.0,-1575.0,-1576.0,-1572.0,-1576.0,-1572.0,ABOVE
2026-08-20 02:50:52,26.07,85.6,0.75,43.21,0.78,195.48,0.84,44.12,0.83,160.84,0.08,42.35,0.08,327.66,0.31,44.07,0.32,237.18,0.79,43.61,0.76,155.59,0.46,43.37,0.45,84.28,0.32,43.73,0.31,135.75,0.41,44.02,0.4,142.23,0.54,43.1,0.52,80.86,0.91,44.59,0.89,231.2,0.18,43.33,0.18,263.85,0.35,43.79,0.35,187.62,-1567,-1500,-1800,43.60750000000001,5.869999999999998,0 days 00:10:00,True,41,-1569.0,-1576.0,-1575.0,-1576.0,-1572.0,-1576.0,ABOVE
2026-08-20 03:00:52,26.02,83.86,0.75,43.56,0.78,179.6,0.84,43.44,0.86,211.64,0.08,42.52,0.08,327.66,0.31,43.96,0.31,217.79,0.79,43.37,0.77,163.76,0.46,43.21,0.45,95.28,0.32,44.02,0.32,112.56,0.41,43.79,0.4,161.23,0.54,43.33,0.52,74.65,0.91,43.79,0.89,256.78,0.18,43.15,0.18,304.09,0.35,43.9,0.36,248.58,-1564,-1500,-1800,43.50333333333333,5.92,0 days 00:10:00,True,41,-1567.0,-1569.0,-1576.0,-1575.0,-1576.0,-1572.0,ABOVE
2026-08-20 06:10:52,25.75,82.24,0.75,43.5,0.75,183.67,0.84,44.07,0.84,166.37,0.08,42.41,0.08,327.66,0.31,44.25,0.3,189.59,0.79,43.37,0.81,152.84,0.46,43.21,0.47,90.14,0.32,43.56,0.31,150.31,0.41,43.96,0.41,140.8,0.54,43.79,0.56,78.43,0.91,43.67,0.91,251.78,0.18,43.1,0.18,262.79,0.35,44.07,0.35,135.67,-1566,-1500,-1800,43.580000000000005,5.97,0 days 00:10:00,True,41,-1565.0,-1570.0,-1560.0,-1566.0,-1558.0,-1567.0,ABOVE
2026-08-20 06:30:51,25.53,85.24,0.75,43.84,0.77,171.62,0.84,43.61,0.82,227.01,0.08,42.52,0.08,327.66,0.31,43.96,0.3,263.0,0.79,43.44,0.81,153.05,0.46,42.81,0.46,104.42,0.32,43.44,0.32,170.06,0.41,43.56,0.42,181.97,0.54,43.61,0.55,71.18,0.91,44.02,0.92,240.95,0.18,43.37,0.18,222.18,0.35,44.12,0.35,137.19,-1574,-1500,-1800,43.525,5.9799999999999995,0 days 00:09:59,True,41,-1575.0,-1566.0,-1565.0,-1570.0,-1560.0,-1566.0,ABOVE
2026-08-20 06:40:51,25.64,85.51,0.75,43.1,0.74,177.47,0.84,44.07,0.82,183.89,0.08,42.29,0.08,327.66,0.31,44.07,0.31,176.44,0.79,43.96,0.82,127.88,0.46,43.15,0.47,92.96,0.32,43.73,0.31,126.21,0.41,44.07,0.4,134.37,0.54,43.27,0.54,77.4,0.91,44.12,0.91,241.26,0.18,43.73,0.18,200.96,0.35,43.56,0.34,166.4,-1575,-1500,-1800,43.593333333333334,5.92,0 days 00:10:00,True,41,-1574.0,-1575.0,-1566.0,-1565.0,-1570.0,-1560.0,ABOVE
2026-08-20 06:50:51,25.8,85.33,0.75,43.15,0.75,210.79,0.84,43.96,0.84,186.09,0.08,42.41,0.08,327.66,0.31,44.07,0.32,199.65,0.79,43.96,0.8,116.98,0.46,43.21,0.47,93.32,0.32,43.56,0.32,155.17,0.41,43.56,0.4,313.9,0.54,43.56,0.56,80.4,0.91,44.12,0.94,233.23,0.18,43.56,0.18,200.15,0.35,44.12,0.36,133.27,-1580,-1500,-1800,43.60333333333333,6.019999999999999,0 days 00:10:00,True,41,-1575.0,-1574.0,-1575.0,-1566.0,-1565.0,-1570.0,ABOVE
2026-08-20 07:00:52,25.91,85.79,0.75,43.27,0.72,207.87,0.84,43.5,0.87,212.2,0.08,42.24,0.08,327.66,0.31,44.02,0.32,214.73,0.79,43.37,0.82,159.95,0.46,43.21,0.46,84.17,0.32,43.37,0.31,158.33,0.41,44.02,0.42,155.28,0.54,43.15,0.53,81.93,0.91,44.07,0.89,218.08,0.18,43.5,0.18,197.04,0.35,43.96,0.34,162.08,-1588,-1500,-1800,43.47333333333333,5.9399999999999995,0 days 00:10:01,True,41,-1580.0,-1575.0,-1574.0,-1575.0,-1566.0,-1565.0,ABOVE
2026-08-20 07:10:52,26.12,85.54,0.75,43.27,0.73,207.87,0.84,43.67,0.83,195.04,0.08,42.46,0.08,327.66,0.31,43.96,0.3,217.79,0.79,43.9,0.8,133.67,0.46,43.37,0.45,88.63,0.32,43.73,0.33,132.98,0.41,43.56,0.42,177.07,0.54,43.33,0.53,80.44,0.91,43.84,0.92,252.76,0.18,43.27,0.18,249.12,0.35,44.25,0.34,120.95,-1585,-1500,-1800,43.55083333333334,5.91,0 days 00:10:00,True,41,-1588.0,-1580.0,-1575.0,-1574.0,-1575.0,-1566.0,ABOVE
2026-08-20 07:30:52,26.71,81.94,0.75,43.21,0.78,195.74,0.84,43.5,0.85,234.09,0.08,42.58,0.08,327.66,0.31,43.96,0.32,196.07,0.79,43.37,0.76,161.84,0.46,42.98,0.46,101.57,0.32,43.96,0.33,120.16,0.41,43.9,0.4,151.5,0.54,43.33,0.52,75.79,0.91,43.9,0.91,272.96,0.18,43.27,0.18,274.41,0.35,44.12,0.35,142.59,-1589,-1500,-1800,43.50666666666666,5.9399999999999995,0 days 00:10:00,True,41,-1584.0,-1585.0,-1588.0,-1580.0,-1575.0,-1574.0,ABOVE
2026-08-20 07:40:51,27.03,82.89,0.75,43.61,0.72,179.6,0.84,43.9,0.82,213.87,0.08,42.35,0.08,327.66,0.31,44.02,0.31,199.39,0.79,43.67,0.82,142.75,0.46,42.93,0.46,103.89,0.32,43.9,0.33,113.8,0.41,43.79,0.42,169.32,0.54,43.15,0.52,80.97,0.91,44.07,0.89,263.69,0.18,43.44,0.18,233.47,0.35,43.79,0.34,159.59,-1590,-1500,-1800,43.55166666666667,5.89,0 days 00:09:59,True,41,-1589.0,-1584.0,-1585.0,-1588.0,-1580.0,-1575.0,TARGET
2026-08-20 07:50:51,27.72,81.66,0.75,43.5,0.78,176.6,0.84,43.67,0.82,216.37,0.08,42.35,0.08,327.66,0.31,44.42,0.31,169.69,0.79,43.37,0.78,163.76,0.46,43.44,0.45,79.61,0.32,43.84,0.32,112.88,0.41,43.44,0.42,181.25,0.54,43.1,0.54,84.88,0.91,43.79,0.92,301.82,0.18,43.21,0.18,291.53,0.35,44.07,0.35,194.1,-1599,-1500,-1800,43.51666666666667,5.949999999999999,0 days 00:10:00,True,41,-1590.0,-1589.0,-1584.0,-1585.0,-1588.0,-1580.0,TARGET
2026-08-20 08:00:52,28.21,78.92,0.75,43.44,0.76,178.89,0.84,43.9,0.82,190.69,0.08,42.35,0.08,327.66,0.31,44.25,0.3,187.31,0.79,43.84,0.81,121.95,0.46,42.93,0.45,103.11,0.32,43.56,0.31,153.45,0.41,43.79,0.42,167.5,0.54,43.1,0.56,99.75,0.91,44.02,0.92,258.13,0.18,43.37,0.18,245.65,0.35,43.73,0.34,175.75,-1602,-1500,-1800,43.52333333333333,5.95,0 days 00:10:01,True,41,-1599.0,-1590.0,-1589.0,-1584.0,-1585.0,-1588.0,TARGET
2026-08-20 08:10:52,28.74,76.84,0.75,43.79,0.77,187.62,0.84,44.07,0.83,164.41,0.08,42.52,0.08,327.66,0.31,44.02,0.31,229.1,0.79,44.02,0.78,123.5,0.46,43.44,0.45,87.18,0.32,43.56,0.31,150.12,0.41,44.07,0.41,150.26,0.54,43.5,0.56,77.15,0.91,43.84,0.93,284.1,0.18,43.21,0.18,279.63,0.35,44.02,0.35,153.37,-1594,-1500,-1800,43.671666666666674,5.96,0 days 00:10:00,True,41,-1602.0,-1599.0,-1590.0,-1589.0,-1584.0,-1585.0,TARGET
2026-08-20 08:20:52,29.22,75.44,0.75,43.61,0.74,197.57,0.84,43.61,0.86,216.09,0.08,42.46,0.08,327.66,0.31,44.36,0.3,175.83,0.79,43.79,0.78,129.75,0.46,42.93,0.47,102.34,0.32,43.96,0.32,113.32,0.41,43.61,0.42,192.08,0.54,43.73,0.53,73.36,0.91,43.73,0.93,283.35,0.18,43.21,0.18,285.46,0.35,43.79,0.35,163.34,-1609,-1500,-1800,43.56583333333333,5.959999999999999,0 days 00:10:00,True,41,-1594.0,-1602.0,-1599.0,-1590.0,-1589.0,-1584.0,TARGET
2026-08-20 08:30:52,29.49,74.0,0.75,43.44,0.74,208.99,0.84,43.96,0.82,163.99,0.08,41.78,0.08,327.66,0.31,44.3,0.3,177.59,0.79,43.37,0.82,149.53,0.46,43.1,0.45,103.52,0.32,43.67,0.33,157.36,0.41,43.56,0.41,181.97,0.54,43.33,0.55,81.18,0.91,44.07,0.94,285.21,0.18,43.44,0.18,275.85,0.35,43.84,0.35,159.59,-1617,-1500,-1800,43.48833333333334,5.970000000000001,0 days 00:10:00,True,41,-1609.0,-1594.0,-1602.0,-1599.0,-1590.0,-1589.0,BELOW
2026-08-20 08:40:51,29.7,75.01,0.75,43.56,0.78,184.15,0.84,43.5,0.86,226.42,0.08,42.52,0.08,327.66,0.31,43.96,0.3,225.12,0.79,43.96,0.77,113.47,0.46,43.33,0.47,98.13,0.32,43.96,0.33,119.13,0.41,43.61,0.4,177.07,0.54,43.04,0.53,84.24,0.91,44.25,0.9,255.09,0.18,43.61,0.18,234.4,0.35,43.79,0.35,171.41,-1619,-1500,-1800,43.590833333333336,5.949999999999999,0 days 00:09:59,True,41,-1617.0,-1609.0,-1594.0,-1602.0,-1599.0,-1590.0,BELOW
2026-08-20 08:50:51,29.91,75.1,0.75,43.56,0.72,184.39,0.84,43.67,0.85,216.37,0.08,42.29,0.08,327.66,0.31,44.48,0.3,154.98,0.79,43.5,0.8,149.73,0.46,43.21,0.47,97.87,0.32,43.5,0.31,160.59,0.41,43.73,0.41,175.51,0.54,43.61,0.52,73.07,0.91,44.36,0.89,230.6,0.18,43.67,0.18,192.33,0.35,43.79,0.35,169.54,-1616,-1500,-1800,43.61416666666667,5.879999999999999,0 days 00:10:00,True,41,-1619.0,-1617.0,-1609.0,-1594.0,-1602.0,-1599.0,BELOW
2026-08-20 09:00:52,29.75,75.99,0.75,43.5,0.78,205.6,0.84,43.73,0.83,171.18,0.08,42.46,0.08,327.66,0.31,44.48,0.32,166.12,0.79,43.9,0.76,130.27,0.46,42.87,0.45,105.37,0.32,43.79,0.33,156.0,0.41,43.67,0.42,238.76,0.54,43.04,0.56,85.41,0.91,43.84,0.94,278.04,0.18,43.27,0.18,258.53,0.35,43.73,0.34,243.26,-1623,-1500,-1800,43.52333333333334,5.989999999999998,0 days 00:10:01,True,41,-1616.0,-1619.0,-1617.0,-1609.0,-1594.0,-1602.0,BELOW
2026-08-20 09:10:52,30.29,73.76,0.75,43.73,0.77,192.58,0.84,43.96,0.84,183.4,0.08,42.7,0.08,327.66,0.31,44.02,0.3,205.25,0.79,44.02,0.76,122.43,0.46,43.21,0.46,98.57,0.32,43.84,0.32,131.14,0.41,43.9,0.41,193.34,0.54,43.44,0.55,74.96,0.91,43.79,0.94,283.72,0.18,43.15,0.18,311.0,0.35,44.07,0.36,144.06,-1621,-1500,-1800,43.6525,5.97,0 days 00:10:00,True,41,-1623.0,-1616.0,-1619.0,-1617.0,-1609.0,-1594.0,BELOW
2026-08-20 09:20:52,30.72,73.09,0.75,43.84,0.75,154.47,0.84,43.67,0.81,209.54,0.08,42.64,0.08,327.66,0.31,44.25,0.3,203.6,0.79,43.9,0.78,137.83,0.46,43.5,0.46,85.56,0.32,43.79,0.33,144.62,0.41,44.19,0.42,154.17,0.54,43.15,0.55,83.04,0.91,44.19,0.93,240.95,0.18,43.73,0.18,217.23,0.35,44.25,0.34,140.3,-1613,-1500,-1800,43.75833333333333,5.93,0 days 00:10:00,True,41,-1621.0,-1623.0,-1616.0,-1619.0,-1617.0,-1609.0,BELOW
2026-08-20 10:40:52,33.17,65.55,0.75,43.56,0.77,194.53,0.84,43.67,0.82,231.1,0.08,42.64,0.08,327.66,0.31,44.59,0.3,162.51,0.79,44.02,0.82,128.05,0.46,43.15,0.47,97.74,0.32,43.79,0.33,154.26,0.41,44.07,0.4,150.08,0.54,43.21,0.54,84.58,0.91,44.19,0.91,241.9,0.18,43.61,0.18,226.71,0.35,43.79,0.36,210.37,-1630,-1500,-1800,43.69083333333333,5.9799999999999995,0 days 00:10:00,True,41,-1632.0,-1633.0,-1632.0,-1626.0,-1634.0,-1627.0,BELOW
2026-08-20 10:50:52,33.6,64.45,0.75,43.73,0.72,187.62,0.84,44.07,0.87,205.51,0.08,42.81,0.08,327.66,0.31,44.53,0.32,256.75,0.79,43.44,0.82,151.37,0.46,43.1,0.46,99.02,0.32,43.79,0.32,154.47,0.41,43.73,0.42,180.08,0.54,43.67,0.55,72.5,0.91,43.96,0.89,273.31,0.18,43.33,0.18,254.42,0.35,43.9,0.36,171.86,-1625,-1500,-1800,43.671666666666674,5.989999999999999,0 days 00:10:00,True,41,-1630.0,-1632.0,-1633.0,-1632.0,-1626.0,-1634.0,BELOW
2026-08-20 11:00:51,32.69,65.46,0.75,43.84,0.77,180.55,0.84,43.96,0.82,202.01,0.08,42.58,0.08,327.66,0.31,44.36,0.31,173.66,0.79,43.79,0.82,136.12,0.46,43.21,0.46,95.15,0.32,43.79,0.31,117.66,0.41,44.07,0.42,148.67,0.54,43.37,0.54,78.06,0.91,44.36,0.93,260.49,0.18,43.79,0.18,210.37,0.35,43.9,0.34,161.87,-1627,-1500,-1800,43.75166666666667,5.979999999999999,0 days 00:09:59,True,41,-1625.0,-1630.0,-1632.0,-1633.0,-1632.0,-1626.0,BELOW
2026-08-20 11:30:52,33.28,64.57,0.75,43.79,0.75,169.32,0.84,44.02,0.82,193.6,0.08,42.7,0.08,327.66,0.31,44.48,0.3,171.76,0.79,43.5,0.79,154.98,0.46,43.79,0.45,90.62,0.32,43.56,0.33,162.48,0.41,43.67,0.42,180.08,0.54,43.27,0.53,79.29,0.91,43.96,0.9,253.43,0.18,43.56,0.18,238.12,0.35,44.36,0.35,131.45,-1636,-1500,-1800,43.721666666666664,5.9,0 days 00:10:00,True,41,-1634.0,-1631.0,-1627.0,-1625.0,-1630.0,-1632.0,BELOW
2026-08-20 11:40:52,33.81,63.93,0.75,43.96,0.75,162.08,0.84,43.79,0.87,235.33,0.08,42.7,0.08,327.66,0.31,44.48,0.31,167.89,0.79,43.37,0.78,151.17,0.46,43.37,0.47,91.22,0.32,44.19,0.31,112.09,0.41,44.25,0.4,144.64,0.54,43.15,0.54,91.22,0.91,44.3,0.92,242.53,0.18,43.61,0.18,230.79,0.35,43.84,0.34,178.24,-1637,-1500,-1800,43.75083333333333,5.949999999999999,0 days 00:10:00,True,41,-1636.0,-1634.0,-1631.0,-1627.0,-1625.0,-1630.0,BELOW
2026-08-20 12:00:52,33.71,63.87,0.75,44.02,0.74,218.08,0.84,44.19,0.85,170.87,0.08,42.81,0.08,327.66,0.31,44.42,0.31,190.33,0.79,44.07,0.78,122.59,0.46,43.1,0.47,103.52,0.32,44.25,0.32,117.74,0.41,43.96,0.4,158.39,0.54,43.67,0.53,75.47,0.91,43.67,0.91,282.24,0.18,43.04,0.18,220.4,0.35,44.07,0.36,160.64,-1627,-1500,-1800,43.77250000000001,5.93,0 days 00:10:00,True,41,-1636.0,-1637.0,-1636.0,-1634.0,-1631.0,-1627.0,BELOW
2026-08-20 12:10:52,33.44,64.69,0.75,43.96,0.76,165.94,0.84,43.79,0.81,223.94,0.08,42.87,0.08,271.49,0.31,44.48,0.31,172.21,0.79,44.07,0.82,120.48,0.46,43.67,0.45,86.0,0.32,43.96,0.32,135.33,0.41,43.9,0.42,171.62,0.54,43.73,0.53,71.83,0.91,43.79,0.93,278.04,0.18,43.15,0.18,291.15,0.35,44.19,0.34,144.64,-1635,-1500,-1800,43.79666666666666,5.949999999999999,0 days 00:10:00,True,41,-1627.0,-1636.0,-1637.0,-1636.0,-1634.0,-1631.0,BELOW
2026-08-20 12:50:52,33.92,63.62,0.75,43.67,0.72,182.45,0.84,44.12,0.81,172.76,0.08,42.64,0.08,327.66,0.31,44.36,0.3,188.04,0.79,43.73,0.76,145.95,0.46,43.56,0.46,84.21,0.32,43.61,0.32,145.37,0.41,44.07,0.42,143.89,0.54,43.79,0.53,75.04,0.91,43.73,0.92,282.97,0.18,43.73,0.18,220.1,0.35,44.25,0.36,136.2,-1641,-1500,-1800,43.771666666666675,5.859999999999999,0 days 00:10:00,True,41,-1637.0,-1638.0,-1635.0,-1635.0,-1627.0,-1636.0,BELOW
2026-08-20 13:00:52,34.62,61.95,0.75,43.5,0.74,188.7,0.84,43.96,0.86,193.85,0.08,42.7,0.08,327.66,0.31,44.3,0.32,185.08,0.79,44.12,0.79,128.37,0.46,43.61,0.46,85.9,0.32,43.5,0.32,151.56,0.41,43.9,0.42,169.54,0.54,43.73,0.55,73.26,0.91,43.79,0.9,295.01,0.18,43.73,0.18,192.58,0.35,43.96,0.36,162.28,-1634,-1500,-1800,43.73333333333334,5.98,0 days 00:10:00,True,41,-1641.0,-1637.0,-1638.0,-1635.0,-1635.0,-1627.0,BELOW
2026-08-20 13:20:52,34.88,61.4,0.75,43.61,0.73,172.64,0.84,44.12,0.81,179.4,0.08,42.75,0.08,327.66,0.31,44.19,0.3,212.29,0.79,43.67,0.81,144.25,0.46,43.33,0.45,93.97,0.32,44.07,0.32,115.64,0.41,43.79,0.41,157.76,0.54,43.5,0.54,83.59,0.91,44.36,0.92,222.99,0.18,43.21,0.18,318.65,0.35,44.3,0.36,147.87,-1639,-1500,-1800,43.74166666666667,5.910000000000001,0 days 00:10:00,True,41,-1638.0,-1634.0,-1641.0,-1637.0,-1638.0,-1635.0,BELOW
2026-08-20 13:30:52,34.88,61.55,0.75,43.37,0.72,214.95,0.84,43.9,0.81,190.44,0.08,42.81,0.08,327.66,0.31,44.36,0.3,178.29,0.79,43.84,0.81,133.84,0.46,43.37,0.46,92.07,0.32,44.12,0.32,120.63,0.41,44.19,0.41,140.12,0.54,43.84,0.55,73.94,0.91,44.25,0.91,226.0,0.18,43.73,0.18,203.9,0.35,44.36,0.34,135.25,-1638,-1500,-1800,43.845,5.89,0 days 00:10:00,True,41,-1639.0,-1638.0,-1634.0,-1641.0,-1637.0,-1638.0,BELOW
2026-08-20 13:50:52,35.47,59.78,0.75,44.02,0.77,181.26,0.84,43.96,0.84,204.98,0.08,42.46,0.08,327.66,0.31,44.42,0.32,161.89,0.79,44.07,0.81,122.59,0.46,43.61,0.45,96.71,0.32,43.84,0.33,140.23,0.41,44.07,0.41,146.92,0.54,43.67,0.55,73.65,0.91,44.12,0.9,237.49,0.18,43.5,0.18,306.91,0.35,43.73,0.36,187.37,-1640,-1500,-1800,43.78916666666667,6.0,0 days 00:10:00,True,41,-1643.0,-1638.0,-1639.0,-1638.0,-1634.0,-1641.0,BELOW
2026-08-20 14:00:52,35.95,59.99,0.75,43.9,0.76,163.99,0.84,44.25,0.83,171.1,0.08,42.41,0.08,327.66,0.31,44.19,0.31,194.61,0.79,43.5,0.81,154.98,0.46,43.61,0.46,85.59,0.32,43.84,0.32,133.67,0.41,43.9,0.42,159.8,0.54,43.67,0.56,72.5,0.91,44.48,0.93,227.47,0.18,43.37,0.18,269.74,0.35,44.25,0.34,137.37,-1640,-1500,-1800,43.78083333333334,5.999999999999999,0 days 00:10:00,True,41,-1640.0,-1643.0,-1638.0,-1639.0,-1638.0,-1634.0,BELOW
2026-08-20 14:10:52,35.79,60.05,0.75,43.84,0.74,165.5,0.84,44.19,0.86,181.97,0.08,42.81,0.08,327.66,0.31,44.12,0.3,194.61,0.79,43.9,0.78,124.29,0.46,43.27,0.47,92.07,0.32,43.84,0.33,139.02,0.41,43.96,0.42,159.8,0.54,43.15,0.55,80.01,0.91,44.07,0.9,240.64,0.18,43.33,0.18,286.22,0.35,44.19,0.35,145.95,-1638,-1500,-1800,43.7225,5.96,0 days 00:10:00,True,41,-1640.0,-1640.0,-1643.0,-1638.0,-1639.0,-1638.0,BELOW
2026-08-20 14:20:52,35.52,61.12,0.75,43.96,0.73,165.94,0.84,44.07,0.82,174.69,0.08,42.75,0.08,327.66,0.31,44.25,0.3,189.59,0.79,43.73,0.77,137.28,0.46,43.44,0.47,90.62,0.32,44.19,0.33,150.66,0.41,43.84,0.42,180.55,0.54,43.84,0.55,73.54,0.91,44.25,0.91,250.21,0.18,43.61,0.18,226.42,0.35,43.96,0.36,163.99,-1635,-1500,-1800,43.82416666666668,5.92,0 days 00:10:00,True,41,-1638.0,-1640.0,-1640.0,-1643.0,-1638.0,-1639.0,BELOW
2026-08-20 14:30:52,35.31,62.74,0.75,43.84,0.78,171.86,0.84,44.19,0.84,171.1,0.08,42.35,0.08,327.66,0.31,44.25,0.31,184.6,0.79,43.67,0.78,131.7,0.46,43.44,0.45,87.18,0.32,44.36,0.33,120.07,0.41,43.73,0.42,175.75,0.54,43.1,0.54,81.83,0.91,44.36,0.89,251.18,0.18,43.67,0.18,206.4,0.35,43.96,0.35,170.21,-1635,-1500,-1800,43.74333333333334,5.949999999999999,0 days 00:10:00,True,41,-1635.0,-1638.0,-1640.0,-1640.0,-1643.0,-1638.0,BELOW
2026-08-20 14:40:52,35.15,62.74,0.75,43.79,0.74,165.07,0.84,44.19,0.86,175.15,0.08,42.64,0.08,327.66,0.31,44.25,0.3,177.83,0.79,43.61,0.79,150.51,0.46,43.56,0.45,81.72,0.32,43.79,0.33,134.8,0.41,43.61,0.42,189.7,0.54,43.15,0.52,80.49,0.91,43.9,0.92,284.1,0.18,43.37,0.18,259.9,0.35,43.84,0.35,171.62,-1631,-1500,-1800,43.64166666666667,5.9399999999999995,0 days 00:10:00,True,41,-1635.0,-1635.0,-1638.0,-1640.0,-1640.0,-1643.0,BELOW
2026-08-20 15:00:52,34.78,64.91,0.75,44.02,0.74,164.2,0.84,43.96,0.87,198.87,0.08,42.35,0.08,327.66,0.31,44.19,0.31,189.35,0.79,43.44,0.77,158.53,0.46,43.5,0.47,82.48,0.32,43.96,0.31,124.62,0.41,44.12,0.4,144.25,0.54,43.15,0.52,83.55,0.91,44.07,0.9,285.21,0.18,43.61,0.18,276.59,0.35,44.25,0.34,127.38,-1636,-1500,-1800,43.718333333333334,5.890000000000001,0 days 00:10:00,True,41,-1634.0,-1631.0,-1635.0,-1635.0,-1638.0,-1640.0,BELOW
2026-08-20 15:40:52,34.56,64.45,0.75,43.73,0.77,175.51,0.84,44.02,0.81,193.6,0.08,42.64,0.08,327.66,0.31,44.42,0.31,169.69,0.79,43.56,0.76,143.67,0.46,43.1,0.46,104.32,0.32,43.79,0.33,132.23,0.41,43.67,0.4,182.45,0.54,43.84,0.55,74.64,0.91,44.3,0.88,237.79,0.18,43.27,0.18,298.66,0.35,44.36,0.34,134.14,-1637,-1500,-1800,43.725,5.87,0 days 00:10:00,True,41,-1642.0,-1642.0,-1638.0,-1636.0,-1634.0,-1631.0,BELOW
2026-08-20 16:10:52,33.33,70.92,0.75,43.73,0.76,165.07,0.84,44.12,0.85,189.35,0.08,42.46,0.08,327.66,0.31,43.79,0.31,231.71,0.79,43.79,0.78,133.67,0.46,43.5,0.47,82.7,0.32,43.61,0.33,147.31,0.41,43.9,0.41,154.67,0.54,43.56,0.52,68.96,0.91,44.3,0.89,226.29,0.18,43.27,0.18,274.41,0.35,43.84,0.34,159.8,-1647,-1500,-1800,43.655833333333334,5.919999999999999,0 days 00:10:00,True,41,-1642.0,-1640.0,-1637.0,-1642.0,-1642.0,-1638.0,BELOW
2026-08-20 21:10:52,26.07,86.79,0.75,43.79,0.78,149.28,0.84,43.61,0.81,223.06,0.08,42.24,0.08,327.66,0.31,44.36,0.32,161.67,0.79,43.37,0.81,160.17,0.46,43.27,0.45,87.83,0.32,43.44,0.31,154.98,0.41,43.96,0.41,163.99,0.54,43.5,0.56,70.28,0.91,43.79,0.9,247.93,0.18,43.56,0.18,200.15,0.35,44.19,0.35,136.2,-1647,-1500,-1800,43.589999999999996,5.960000000000001,0 days 00:10:00,True,41,-1657.0,-1654.0,-1660.0,-1653.0,-1659.0,-1664.0,BELOW
2026-08-20 21:50:52,26.07,87.53,0.75,43.67,0.75,173.32,0.84,43.67,0.87,234.71,0.08,42.29,0.08,327.66,0.31,43.79,0.31,180.08,0.79,43.73,0.8,137.28,0.46,43.15,0.47,98.43,0.32,43.56,0.33,145.37,0.41,43.56,0.4,186.64,0.54,42.98,0.53,81.22,0.91,44.19,0.91,245.82,0.18,43.56,0.18,191.57,0.35,43.73,0.34,165.07,-1628,-1500,-1800,43.49,5.970000000000001,0 days 00:10:00,True,41,-1651.0,-1645.0,-1646.0,-1647.0,-1657.0,-1654.0,BELOW
2026-08-20 22:00:52,26.12,87.31,0.75,43.61,0.77,179.6,0.84,43.96,0.81,181.01,0.08,42.58,0.08,327.66,0.31,44.36,0.31,163.56,0.79,43.56,0.8,156.95,0.46,42.87,0.45,103.89,0.32,43.61,0.31,139.5,0.41,43.44,0.4,194.01,0.54,43.27,0.54,80.22,0.91,43.96,0.89,258.13,0.18,43.44,0.18,211.92,0.35,43.79,0.34,136.12,-1631,-1500,-1800,43.537499999999994,5.88,0 days 00:10:00,True,41,-1628.0,-1651.0,-1645.0,-1646.0,-1647.0,-1657.0,BELOW
2026-08-20 22:10:52,26.07,84.78,0.75,43.56,0.72,186.64,0.84,43.9,0.83,193.34,0.08,42.58,0.08,327.66,0.31,44.36,0.31,171.76,0.79,43.37,0.76,158.12,0.46,43.44,0.47,78.25,0.32,42.81,0.32,152.51,0.41,43.67,0.4,203.9,0.54,42.98,0.52,85.72,0.91,43.84,0.91,316.38,0.18,43.61,0.18,209.54,0.35,43.61,0.34,195.04,-1630,-1500,-1800,43.47750000000001,5.84,0 days 00:10:00,True,41,-1631.0,-1628.0,-1651.0,-1645.0,-1646.0,-1647.0,BELOW
2026-08-20 22:20:52,26.18,86.73,0.75,43.5,0.72,293.47,0.84,43.84,0.82,207.5,0.08,42.52,0.08,327.66,0.31,43.96,0.3,224.82,0.79,43.21,0.76,173.44,0.46,43.15,0.46,91.84,0.32,43.61,0.32,133.33,0.41,43.96,0.41,153.17,0.54,42.98,0.54,85.83,0.91,43.67,0.94,315.13,0.18,43.1,0.18,327.66,0.35,44.12,0.35,135.86,-1627,-1500,-1800,43.468333333333334,5.879999999999999,0 days 00:10:00,True,41,-1630.0,-1631.0,-1628.0,-1651.0,-1645.0,-1646.0,BELOW
2026-08-20 22:30:53,26.07,86.76,0.75,43.73,0.78,150.72,0.84,43.56,0.87,230.49,0.08,42.52,0.08,327.66,0.31,44.42,0.32,169.47,0.79,43.56,0.76,160.59,0.46,42.81,0.45,102.06,0.32,43.5,0.31,151.56,0.41,43.84,0.41,165.72,0.54,43.61,0.52,68.11,0.91,43.96,0.93,324.59,0.18,43.33,0.18,175.9,0.35,44.02,0.35,140.8,-1615,-1500,-1800,43.571666666666665,5.959999999999999,0 days 00:10:01,True,41,-1627.0,-1630.0,-1631.0,-1628.0,-1651.0,-1645.0,BELOW
2026-08-20 22:40:53,25.91,87.16,0.75,43.21,0.72,201.76,0.84,44.07,0.87,166.37,0.08,42.7,0.08,327.66,0.31,44.42,0.3,169.69,0.79,43.79,0.82,130.98,0.46,43.21,0.45,93.21,0.32,44.02,0.31,108.89,0.41,44.02,0.4,142.42,0.54,43.5,0.56,75.36,0.91,43.67,0.88,294.25,0.18,43.21,0.18,240.39,0.35,44.19,0.36,139.92,-1618,-1500,-1800,43.6675,5.93,0 days 00:10:00,True,41,-1615.0,-1627.0,-1630.0,-1631.0,-1628.0,-1651.0,BELOW
2026-08-20 22:50:52,26.07,84.11,0.75,43.73,0.72,157.56,0.84,43.56,0.85,230.19,0.08,42.35,0.08,327.66,0.31,43.61,0.32,189.2,0.79,43.67,0.78,140.06,0.46,43.04,0.46,101.98,0.32,43.5,0.32,127.88,0.41,43.96,0.4,158.19,0.54,43.37,0.53,76.85,0.91,43.67,0.88,307.72,0.18,43.27,0.18,280.0,0.35,43.61,0.36,194.78,-1619,-1500,-1800,43.445,5.88,0 days 00:09:59,True,41,-1618.0,-1615.0,-1627.0,-1630.0,-1631.0,-1628.0,BELOW
2026-08-20 23:00:52,25.91,86.64,0.75,43.33,0.74,205.32,0.84,44.02,0.85,170.21,0.08,42.64,0.08,327.66,0.31,43.9,0.3,204.45,0.79,43.79,0.78,121.79,0.46,42.87,0.45,102.97,0.32,43.44,0.33,153.25,0.41,43.79,0.41,169.32,0.54,43.1,0.55,78.87,0.91,44.25,0.9,226.29,0.18,43.1,0.18,303.68,0.35,43.9,0.34,178.24,-1619,-1500,-1800,43.510833333333345,5.91,0 days 00:10:00,True,41,-1619.0,-1618.0,-1615.0,-1627.0,-1630.0,-1631.0,BELOW
2026-08-20 23:10:52,25.8,87.53,0.75,43.84,0.76,157.76,0.84,43.67,0.85,223.35,0.08,41.71,0.08,327.66,0.31,44.36,0.3,169.47,0.79,43.79,0.8,135.94,0.46,42.98,0.47,105.79,0.32,43.84,0.31,132.39,0.41,44.02,0.42,142.42,0.54,43.37,0.54,78.61,0.91,44.19,0.91,237.49,0.18,43.5,0.18,237.81,0.35,43.73,0.36,157.36,-1604,-1500,-1800,43.58333333333332,5.9799999999999995,0 days 00:10:00,True,41,-1619.0,-1619.0,-1618.0,-1615.0,-1627.0,-1630.0,TARGET
2026-08-20 23:20:52,25.91,86.21,0.75,43.37,0.72,208.43,0.84,44.12,0.83,170.87,0.08,42.52,0.08,327.66,0.31,43.84,0.32,220.67,0.79,43.61,0.82,142.56,0.46,43.15,0.45,89.43,0.32,43.61,0.33,147.12,0.41,44.02,0.42,138.0,0.54,43.56,0.55,75.87,0.91,44.07,0.88,258.79,0.18,43.04,0.18,327.66,0.35,43.73,0.34,163.34,-1614,-1500,-1800,43.553333333333335,5.92,0 days 00:10:00,True,41,-1604.0,-1619.0,-1619.0,-1618.0,-1615.0,-1627.0,BELOW
2026-08-20 23:30:53,25.91,86.49,0.75,43.27,0.74,207.87,0.84,43.67,0.87,223.35,0.08,42.64,0.08,327.66,0.31,44.36,0.3,173.66,0.79,43.84,0.76,126.38,0.46,43.33,0.46,87.62,0.32,43.5,0.32,151.56,0.41,43.9,0.4,153.17,0.54,43.61,0.55,69.83,0.91,43.73,0.91,282.6,0.18,43.44,0.18,229.58,0.35,43.67,0.34,170.73,-1612,-1500,-1800,43.580000000000005,5.909999999999999,0 days 00:10:01,True,41,-1614.0,-1604.0,-1619.0,-1619.0,-1618.0,-1615.0,BELOW
2026-08-20 23:40:53,25.96,85.45,0.75,43.5,0.72,176.6,0.84,43.61,0.82,223.06,0.08,42.29,0.08,327.66,0.31,44.07,0.3,218.36,0.79,43.79,0.79,119.68,0.46,43.21,0.45,93.21,0.32,43.61,0.32,157.14,0.41,44.02,0.4,138.19,0.54,43.15,0.56,81.07,0.91,44.07,0.91,263.69,0.18,43.56,0.18,197.57,0.35,44.02,0.36,166.37,-1610,-1500,-1800,43.574999999999996,5.89,0 days 00:10:00,True,41,-1612.0,-1614.0,-1604.0,-1619.0,-1619.0,-1618.0,TARGET
2026-08-20 23:50:52,25.91,83.74,0.75,43.61,0.74,191.82,0.84,43.79,0.81,198.09,0.08,42.46,0.08,327.66,0.31,44.07,0.32,193.85,0.79,43.79,0.81,136.12,0.46,43.37,0.45,85.98,0.32,43.56,0.31,157.14,0.41,43.44,0.42,196.78,0.54,43.15,0.54,79.9,0.91,44.3,0.93,216.12,0.18,43.27,0.18,291.91,0.35,43.61,0.36,181.73,-1593,-1500,-1800,43.535,5.95,0 days 00:09:59,True,41,-1610.0,-1612.0,-1614.0,-1604.0,-1619.0,-1619.0,TARGET
2026-08-21 00:00:52,25.91,86.64,0.75,43.56,0.76,179.37,0.84,43.84,0.87,192.84,0.08,42.64,0.08,327.66,0.31,43.9,0.3,204.72,0.79,43.84,0.77,123.03,0.46,43.33,0.46,88.06,0.32,43.9,0.31,121.05,0.41,43.67,0.42,195.04,0.54,43.15,0.54,79.08,0.91,44.25,0.9,226.29,0.18,43.5,0.18,222.47,0.35,43.96,0.36,146.92,-1592,-1500,-1800,43.62833333333333,5.95,0 days 00:10:00,True,41,-1593.0,-1610.0,-1612.0,-1614.0,-1604.0,-1619.0,TARGET
2026-08-21 00:10:52,25.8,86.82,0.75,43.5,0.76,200.15,0.84,43.73,0.86,195.3,0.08,42.24,0.08,327.66,0.31,43.84,0.3,207.5,0.79,43.33,0.82,171.73,0.46,43.1,0.46,96.36,0.32,43.79,0.31,132.23,0.41,43.96,0.41,146.72,0.54,43.1,0.56,93.6,0.91,43.9,0.93,272.96,0.18,43.44,0.18,232.86,0.35,44.07,0.36,138.37,-1599,-1500,-1800,43.5,6.03,0 days 00:10:00,True,41,-1592.0,-1593.0,-1610.0,-1612.0,-1614.0,-1604.0,TARGET
2026-08-21 00:20:52,25.96,84.05,0.75,43.37,0.74,196.51,0.84,43.79,0.82,198.35,0.08,42.18,0.08,327.66,0.31,44.36,0.32,175.83,0.79,43.61,0.81,147.12,0.46,43.44,0.45,83.48,0.32,43.9,0.33,124.45,0.41,43.56,0.4,183.9,0.54,43.33,0.52,80.22,0.91,43.15,0.92,268.31,0.18,43.37,0.18,218.65,0.35,43.5,0.35,327.66,-1597,-1500,-1800,43.46333333333333,5.92,0 days 00:10:00,True,41,-1599.0,-1592.0,-1593.0,-1610.0,-1612.0,-1614.0,TARGET
2026-08-21 00:30:52,25.8,86.7,0.75,43.84,0.75,248.26,0.84,43.67,0.86,219.81,0.08,42.64,0.08,327.66,0.31,43.96,0.32,205.25,0.79,43.79,0.79,120.57,0.46,43.37,0.46,81.4,0.32,43.9,0.33,128.72,0.41,43.61,0.41,177.3,0.54,42.98,0.54,92.71,0.91,43.5,0.9,275.85,0.18,42.93,0.18,266.16,0.35,44.02,0.36,156.81,-1584,-1500,-1800,43.517500000000005,5.98,0 days 00:10:00,True,41,-1597.0,-1599.0,-1592.0,-1593.0,-1610.0,-1612.0,ABOVE
2026-08-21 00:40:53,25.75,86.95,0.75,43.56,0.73,184.15,0.84,44.3,0.84,159.64,0.08,42.24,0.08,327.66,0.31,44.07,0.31,215.29,0.79,43.33,0.78,159.75,0.46,43.27,0.45,91.59,0.32,43.67,0.32,140.06,0.41,44.02,0.4,151.7,0.54,43.21,0.53,78.64,0.91,43.67,0.89,271.53,0.18,43.27,0.18,249.79,0.35,43.96,0.36,154.67,-1592,-1500,-1800,43.54749999999999,5.87,0 days 00:10:01,True,41,-1584.0,-1597.0,-1599.0,-1592.0,-1593.0,-1610.0,TARGET
2026-08-21 01:20:52,25.64,86.76,0.75,43.61,0.76,184.39,0.84,43.96,0.82,199.12,0.08,42.24,0.08,327.66,0.31,44.25,0.3,179.87,0.79,43.56,0.8,140.92,0.46,43.44,0.46,81.5,0.32,43.9,0.31,116.98,0.41,44.02,0.41,146.92,0.54,43.27,0.52,79.4,0.91,44.07,0.9,249.89,0.18,43.15,0.18,285.07,0.35,43.61,0.34,177.3,-1570,-1500,-1800,43.589999999999996,5.880000000000001,0 days 00:10:00,True,41,-1580.0,-1583.0,-1579.0,-1592.0,-1584.0,-1597.0,ABOVE
2026-08-21 01:30:52,25.69,86.92,0.75,43.61,0.76,179.84,0.84,43.9,0.86,204.72,0.08,42.18,0.08,327.66,0.31,43.9,0.31,214.15,0.79,43.44,0.82,156.73,0.46,42.81,0.45,102.06,0.32,43.44,0.31,148.12,0.41,43.67,0.41,162.7,0.54,43.33,0.55,79.97,0.91,44.19,0.94,241.58,0.18,43.27,0.18,263.5,0.35,44.07,0.36,117.59,-1576,-1500,-1800,43.484166666666674,6.03,0 days 00:10:00,True,41,-1570.0,-1580.0,-1583.0,-1579.0,-1592.0,-1584.0,ABOVE
2026-08-21 01:40:53,25.69,86.85,0.75,43.79,0.73,171.41,0.84,43.9,0.82,224.53,0.08,42.58,0.08,327.66,0.31,43.96,0.31,214.15,0.79,43.9,0.8,121.21,0.46,42.98,0.46,98.63,0.32,43.56,0.32,151.56,0.41,44.07,0.42,145.58,0.54,43.56,0.56,73.46,0.91,43.73,0.91,295.01,0.18,43.61,0.18,192.33,0.35,44.07,0.36,146.92,-1572,-1500,-1800,43.642500000000005,5.95,0 days 00:10:01,True,41,-1576.0,-1570.0,-1580.0,-1583.0,-1579.0,-1592.0,ABOVE
2026-08-21 01:50:53,25.59,87.01,0.75,43.21,0.77,217.49,0.84,44.02,0.86,176.9,0.08,42.58,0.08,327.66,0.31,44.12,0.3,208.86,0.79,43.5,0.79,139.31,0.46,43.33,0.47,85.86,0.32,43.96,0.31,121.21,0.41,43.56,0.41,186.64,0.54,43.37,0.54,74.36,0.91,44.02,0.88,263.69,0.18,43.1,0.18,310.57,0.35,43.67,0.35,180.08,-1567,-1500,-1800,43.53666666666666,5.939999999999999,0 days 00:10:00,True,41,-1572.0,-1576.0,-1570.0,-1580.0,-1583.0,-1579.0,ABOVE
2026-08-21 04:00:53,25.48,86.85,0.75,43.79,0.72,161.44,0.84,43.79,0.86,195.3,0.08,42.58,0.08,327.66,0.31,44.36,0.3,165.49,0.79,43.33,0.76,161.62,0.46,43.27,0.45,89.21,0.32,43.79,0.32,128.72,0.41,43.79,0.42,173.55,0.54,43.5,0.56,73.76,0.91,44.25,0.91,246.14,0.18,43.61,0.18,200.43,0.35,44.02,0.34,151.7,-1564,-1500,-1800,43.67333333333334,5.9,0 days 00:10:00,True,41,-1565.0,-1562.0,-1563.0,-1560.0,-1570.0,-1558.0,ABOVE
2026-08-21 04:10:53,25.53,86.7,0.75,43.56,0.74,186.64,0.84,44.07,0.87,181.5,0.08,42.58,0.08,327.66,0.31,43.84,0.31,220.67,0.79,43.73,0.79,141.67,0.46,42.98,0.47,95.85,0.32,43.44,0.33,154.76,0.41,43.67,0.42,171.18,0.54,43.33,0.52,75.9,0.91,43.61,0.93,300.63,0.18,43.04,0.18,303.28,0.35,43.73,0.34,168.87,-1563,-1500,-1800,43.465,5.979999999999999,0 days 00:10:00,True,41,-1564.0,-1565.0,-1562.0,-1563.0,-1560.0,-1570.0,ABOVE
2026-08-21 07:10:53,25.8,86.27,0.75,43.67,0.76,177.54,0.84,43.67,0.86,206.4,0.08,42.64,0.08,327.66,0.31,43.96,0.32,273.31,0.79,43.37,0.76,159.95,0.46,43.27,0.45,88.63,0.32,43.79,0.33,121.63,0.41,43.5,0.4,177.07,0.54,43.61,0.53,78.12,0.91,43.84,0.91,288.88,0.18,43.27,0.18,263.85,0.35,43.61,0.35,172.87,-1591,-1500,-1800,43.51666666666667,5.93,0 days 00:10:00,True,42,-1589.0,-1580.0,-1573.0,-1580.0,-1566.0,-1572.0,TARGET
2026-08-21 07:30:53,26.02,85.33,0.75,43.73,0.75,163.12,0.84,44.07,0.85,174.69,0.08,42.64,0.08,327.66,0.31,44.36,0.31,169.47,0.79,43.37,0.79,152.84,0.46,42.81,0.46,105.23,0.32,43.73,0.31,124.75,0.41,44.07,0.42,139.56,0.54,43.15,0.54,80.49,0.91,43.84,0.93,302.22,0.18,43.37,0.18,286.6,0.35,43.84,0.36,173.78,-1594,-1500,-1800,43.58166666666667,5.9799999999999995,0 days 00:10:00,True,42,-1582.0,-1591.0,-1589.0,-1580.0,-1573.0,-1580.0,TARGET
2026-08-21 07:40:52,26.18,85.51,0.75,43.79,0.73,161.23,0.84,44.12,0.81,174.92,0.08,42.58,0.08,327.66,0.31,43.9,0.31,217.23,0.79,43.56,0.79,144.06,0.46,42.81,0.45,102.82,0.32,43.96,0.33,130.27,0.41,43.56,0.4,181.49,0.54,43.5,0.56,71.0,0.91,44.3,0.89,311.78,0.18,43.67,0.18,200.69,0.35,44.12,0.36,137.19,-1594,-1500,-1800,43.655833333333334,5.890000000000001,0 days 00:09:59,True,42,-1594.0,-1582.0,-1591.0,-1589.0,-1580.0,-1573.0,TARGET
2026-08-21 07:50:52,26.55,84.66,0.75,43.61,0.78,197.57,0.84,43.37,0.85,169.83,0.08,42.29,0.08,257.9,0.31,43.9,0.3,221.25,0.79,43.9,0.77,121.05,0.46,42.93,0.47,103.11,0.32,43.44,0.31,126.54,0.41,43.96,0.42,156.62,0.54,43.04,0.52,85.29,0.91,43.9,0.89,284.47,0.18,43.33,0.18,269.38,0.35,44.12,0.36,135.86,-1593,-1500,-1800,43.482499999999995,5.93,0 days 00:10:00,True,42,-1594.0,-1594.0,-1582.0,-1591.0,-1589.0,-1580.0,TARGET
2026-08-21 08:00:53,26.76,83.83,0.75,43.5,0.76,191.57,0.84,43.84,0.84,187.87,0.08,42.64,0.08,327.66,0.31,44.3,0.32,185.08,0.79,43.44,0.78,158.33,0.46,42.93,0.47,105.5,0.32,43.44,0.31,154.76,0.41,43.56,0.42,194.53,0.54,43.27,0.56,77.94,0.91,43.79,0.89,283.35,0.18,43.21,0.18,285.46,0.35,44.25,0.35,129.91,-1595,-1500,-1800,43.514166666666675,5.959999999999999,0 days 00:10:01,True,42,-1593.0,-1594.0,-1594.0,-1582.0,-1591.0,-1589.0,TARGET
2026-08-21 08:10:53,27.03,83.07,0.75,43.79,0.73,175.75,0.84,43.84,0.81,201.48,0.08,42.46,0.08,327.66,0.31,44.07,0.32,199.9,0.79,43.73,0.78,137.47,0.46,43.56,0.47,84.73,0.32,43.44,0.31,153.05,0.41,43.96,0.4,151.7,0.54,43.37,0.53,79.76,0.91,44.07,0.92,244.86,0.18,43.5,0.18,245.98,0.35,43.73,0.36,243.26,-1595,-1500,-1800,43.626666666666665,5.890000000000001,0 days 00:10:00,True,42,-1595.0,-1593.0,-1594.0,-1594.0,-1582.0,-1591.0,TARGET
2026-08-21 08:20:53,27.24,82.76,0.75,43.84,0.76,157.98,0.84,44.02,0.87,191.19,0.08,42.35,0.08,327.66,0.31,44.07,0.32,202.54,0.79,43.37,0.79,159.95,0.46,42.93,0.47,105.5,0.32,43.44,0.32,151.56,0.41,43.96,0.41,160.22,0.54,43.5,0.53,79.72,0.91,43.73,0.89,282.97,0.18,43.15,0.18,304.09,0.35,44.19,0.36,138.55,-1599,-1500,-1800,43.54583333333333,5.9799999999999995,0 days 00:10:00,True,42,-1595.0,-1595.0,-1593.0,-1594.0,-1594.0,-1582.0,TARGET
2026-08-21 08:30:53,27.4,82.12,0.75,43.67,0.77,180.08,0.84,44.12,0.84,170.87,0.08,42.64,0.08,327.66,0.31,44.19,0.31,194.61,0.79,43.79,0.81,123.03,0.46,43.15,0.47,99.88,0.32,43.5,0.32,156.73,0.41,43.79,0.41,149.28,0.54,43.27,0.54,81.18,0.91,43.96,0.94,258.47,0.18,43.37,0.18,205.32,0.35,43.67,0.35,180.08,-1607,-1500,-1800,43.593333333333334,6.02,0 days 00:10:00,True,42,-1599.0,-1595.0,-1595.0,-1593.0,-1594.0,-1594.0,TARGET
2026-08-21 08:40:52,27.78,81.33,0.75,43.84,0.76,175.98,0.84,43.96,0.84,196.32,0.08,42.58,0.08,327.66,0.31,44.59,0.3,170.35,0.79,43.79,0.78,134.8,0.46,43.5,0.45,80.65,0.32,44.07,0.33,114.55,0.41,43.5,0.41,183.67,0.54,43.61,0.54,73.94,0.91,43.67,0.92,301.03,0.18,42.93,0.18,278.15,0.35,43.67,0.34,177.54,-1609,-1500,-1800,43.642500000000005,5.93,0 days 00:09:59,True,42,-1607.0,-1599.0,-1595.0,-1595.0,-1593.0,-1594.0,TARGET
2026-08-21 08:50:52,27.94,81.7,0.75,43.73,0.76,180.08,0.84,44.07,0.83,254.1,0.08,42.46,0.08,327.66,0.31,44.59,0.31,132.14,0.79,43.84,0.8,127.71,0.46,42.93,0.45,102.34,0.32,43.5,0.32,156.95,0.41,43.56,0.42,189.2,0.54,43.21,0.56,79.54,0.91,44.19,0.89,304.6,0.18,43.5,0.18,270.81,0.35,43.79,0.36,156.0,-1611,-1500,-1800,43.61416666666667,5.96,0 days 00:10:00,True,42,-1609.0,-1607.0,-1599.0,-1595.0,-1595.0,-1593.0,BELOW
2026-08-21 09:00:52,28.37,80.54,0.75,43.73,0.76,175.51,0.84,44.02,0.84,176.67,0.08,42.52,0.08,327.66,0.31,44.02,0.3,211.47,0.79,43.44,0.82,156.31,0.46,43.33,0.47,88.63,0.32,43.67,0.32,141.48,0.41,43.96,0.4,160.22,0.54,43.04,0.53,82.71,0.91,43.96,0.89,290.4,0.18,43.27,0.18,249.79,0.35,43.79,0.35,175.51,-1613,-1500,-1800,43.5625,5.9399999999999995,0 days 00:10:00,True,42,-1611.0,-1609.0,-1607.0,-1599.0,-1595.0,-1595.0,BELOW
2026-08-21 09:10:53,28.53,80.08,0.75,43.44,0.78,222.18,0.84,44.02,0.86,186.09,0.08,42.29,0.08,327.66,0.31,44.53,0.32,170.12,0.79,43.44,0.78,172.41,0.46,42.93,0.46,106.32,0.32,44.02,0.32,111.64,0.41,44.07,0.4,144.06,0.54,43.15,0.52,84.58,0.91,44.25,0.88,241.9,0.18,43.67,0.18,197.83,0.35,44.07,0.34,139.92,-1611,-1500,-1800,43.656666666666666,5.919999999999999,0 days 00:10:01,True,42,-1613.0,-1611.0,-1609.0,-1607.0,-1599.0,-1595.0,BELOW
2026-08-21 09:20:53,28.69,79.53,0.75,43.37,0.76,183.42,0.84,43.84,0.84,201.75,0.08,42.52,0.08,327.66,0.31,44.07,0.32,225.4,0.79,43.79,0.81,134.8,0.46,43.33,0.47,85.98,0.32,43.5,0.33,149.92,0.41,43.56,0.42,200.15,0.54,43.61,0.55,73.65,0.91,43.33,0.92,274.76,0.18,43.15,0.18,297.47,0.35,43.67,0.34,182.45,-1616,-1500,-1800,43.47833333333333,6.02,0 days 00:10:00,True,42,-1611.0,-1613.0,-1611.0,-1609.0,-1607.0,-1599.0,BELOW
2026-08-21 09:30:53,29.01,78.37,0.75,43.56,0.73,184.15,0.84,43.79,0.84,213.32,0.08,42.64,0.08,327.66,0.31,44.02,0.31,211.47,0.79,43.96,0.82,125.41,0.46,43.37,0.45,89.32,0.32,43.9,0.33,124.29,0.41,43.84,0.41,169.54,0.54,43.1,0.54,83.32,0.91,43.73,0.91,301.82,0.18,43.15,0.18,304.09,0.35,43.73,0.35,173.32,-1622,-1500,-1800,43.56583333333334,5.949999999999999,0 days 00:10:00,True,42,-1616.0,-1611.0,-1613.0,-1611.0,-1609.0,-1607.0,BELOW
2026-08-21 09:40:53,29.54,77.39,0.75,43.37,0.75,205.32,0.84,43.84,0.82,193.34,0.08,42.64,0.08,327.66,0.31,44.07,0.31,211.75,0.79,43.37,0.79,163.76,0.46,43.44,0.46,82.98,0.32,43.56,0.32,166.4,0.41,43.61,0.42,184.39,0.54,43.21,0.52,107.89,0.91,43.9,0.89,268.06,0.18,43.33,0.18,292.31,0.35,43.84,0.34,159.8,-1619,-1500,-1800,43.51499999999999,5.879999999999999,0 days 00:10:00,True,42,-1622.0,-1616.0,-1611.0,-1613.0,-1611.0,-1609.0,BELOW
2026-08-21 10:50:53,31.57,72.63,0.75,43.73,0.72,159.37,0.84,43.56,0.85,230.49,0.08,42.52,0.08,327.66,0.31,44.07,0.3,202.54,0.79,43.56,0.76,168.21,0.46,42.98,0.46,104.84,0.32,43.96,0.31,119.13,0.41,43.67,0.41,177.54,0.54,43.27,0.52,78.5,0.91,44.07,0.92,254.1,0.18,43.37,0.18,254.75,0.35,44.19,0.34,141.53,-1624,-1500,-1800,43.57916666666667,5.85,0 days 00:10:00,True,42,-1631.0,-1627.0,-1627.0,-1622.0,-1630.0,-1624.0,BELOW
2026-08-21 11:50:53,32.48,69.61,0.75,43.73,0.72,167.06,0.84,44.07,0.83,168.37,0.08,42.75,0.08,327.66,0.31,44.42,0.32,187.8,0.79,43.9,0.76,130.09,0.46,43.33,0.46,89.09,0.32,43.84,0.33,161.87,0.41,43.73,0.42,177.76,0.54,43.27,0.53,91.59,0.91,44.12,0.94,211.75,0.18,43.5,0.18,218.94,0.35,43.79,0.35,169.32,-1639,-1500,-1800,43.70416666666667,5.92,0 days 00:10:00,True,42,-1638.0,-1631.0,-1632.0,-1627.0,-1630.0,-1624.0,BELOW
2026-08-21 12:00:53,32.91,68.91,0.75,43.5,0.74,194.01,0.84,43.96,0.85,190.69,0.08,42.58,0.08,327.66,0.31,44.3,0.32,200.69,0.79,43.96,0.77,130.27,0.46,43.1,0.45,101.09,0.32,44.07,0.31,111.8,0.41,43.73,0.41,148.89,0.54,43.27,0.52,82.65,0.91,44.3,0.89,238.11,0.18,43.73,0.18,189.95,0.35,43.9,0.35,167.94,-1637,-1500,-1800,43.70000000000001,5.869999999999999,0 days 00:10:00,True,42,-1639.0,-1638.0,-1631.0,-1632.0,-1627.0,-1630.0,BELOW
2026-08-21 12:10:52,32.11,69.24,0.75,43.9,0.76,180.55,0.84,43.73,0.83,206.68,0.08,42.58,0.08,327.66,0.31,44.36,0.32,180.34,0.79,43.67,0.81,155.59,0.46,43.33,0.45,92.07,0.32,43.73,0.32,203.64,0.41,43.61,0.41,187.12,0.54,43.61,0.52,73.94,0.91,44.12,0.89,233.23,0.18,43.56,0.18,246.62,0.35,43.67,0.36,153.86,-1642,-1500,-1800,43.655833333333334,5.93,0 days 00:09:59,True,42,-1637.0,-1639.0,-1638.0,-1631.0,-1632.0,-1627.0,BELOW
2026-08-21 12:20:52,32.43,70.25,0.75,43.73,0.72,167.06,0.84,44.12,0.86,304.21,0.08,42.35,0.08,327.66,0.31,44.02,0.3,205.25,0.79,43.79,0.78,137.28,0.46,42.98,0.47,100.82,0.32,43.9,0.31,128.72,0.41,44.25,0.41,146.14,0.54,43.15,0.55,82.43,0.91,44.3,0.93,242.53,0.18,43.61,0.18,238.43,0.35,44.02,0.36,158.81,-1638,-1500,-1800,43.685,5.95,0 days 00:10:00,True,42,-1642.0,-1637.0,-1639.0,-1638.0,-1631.0,-1632.0,BELOW
2026-08-21 12:40:53,33.23,67.96,0.75,43.44,0.72,181.01,0.84,44.02,0.83,188.86,0.08,42.46,0.08,327.66,0.31,44.59,0.3,162.51,0.79,44.07,0.8,129.39,0.46,43.44,0.45,88.3,0.32,43.84,0.32,133.5,0.41,43.73,0.4,177.76,0.54,43.21,0.53,84.58,0.91,44.12,0.93,240.95,0.18,43.61,0.18,281.87,0.35,43.67,0.36,189.95,-1631,-1500,-1800,43.68333333333334,5.8999999999999995,0 days 00:10:00,True,42,-1636.0,-1638.0,-1642.0,-1637.0,-1639.0,-1638.0,BELOW
2026-08-21 12:50:53,33.87,64.3,0.75,43.84,0.75,152.56,0.84,43.79,0.81,216.94,0.08,42.58,0.08,327.66,0.31,44.25,0.31,187.31,0.79,43.56,0.76,146.92,0.46,43.44,0.45,87.3,0.32,43.73,0.33,144.25,0.41,43.9,0.4,163.99,0.54,43.21,0.55,83.04,0.91,43.84,0.89,278.04,0.18,43.21,0.18,291.91,0.35,44.36,0.35,142.08,-1640,-1500,-1800,43.64249999999999,5.859999999999999,0 days 00:10:00,True,42,-1631.0,-1636.0,-1638.0,-1642.0,-1637.0,-1639.0,BELOW
2026-08-21 14:20:53,35.63,61.61,0.75,43.5,0.74,188.95,0.84,44.07,0.82,174.92,0.08,42.64,0.08,327.66,0.31,44.42,0.31,171.76,0.79,43.61,0.82,148.7,0.46,43.56,0.47,81.72,0.32,43.67,0.33,144.44,0.41,44.12,0.41,148.87,0.54,43.73,0.55,74.15,0.91,44.36,0.89,223.28,0.32,43.73,0.31,142.75,0.35,43.79,0.35,175.75,-1638,-1500,-1800,43.76666666666667,6.079999999999999,0 days 00:10:00,True,43,-1636.0,-1632.0,-1629.0,-1635.0,-1639.0,-1640.0,BELOW
2026-08-21 14:50:53,34.94,64.69,0.75,43.96,0.75,151.5,0.84,44.12,0.86,199.9,0.08,42.58,0.08,327.66,0.31,44.42,0.31,171.76,0.79,44.02,0.79,122.43,0.84,43.9,0.83,228.21,0.32,44.07,0.33,112.7,0.41,43.61,0.41,186.89,0.54,43.44,0.56,76.42,0.91,44.3,0.88,230.6,0.18,43.73,0.18,189.95,0.41,43.33,0.4,177.95,-1630,-1500,-1800,43.79,6.38,0 days 00:10:01,True,43,-1636.0,-1636.0,-1638.0,-1636.0,-1632.0,-1629.0,BELOW
2026-08-21 15:00:53,35.31,62.8,0.75,43.44,0.72,205.6,0.84,44.25,0.87,164.84,0.08,42.81,0.08,327.66,0.31,44.48,0.31,171.99,0.79,43.5,0.81,164.2,0.46,43.15,0.47,99.16,0.32,44.07,0.31,129.39,0.41,44.25,0.41,164.84,0.54,43.73,0.56,76.5,0.91,44.3,0.89,234.43,0.18,43.5,0.18,237.81,0.35,43.79,0.36,169.32,-1629,-1500,-1800,43.7725,5.97,0 days 00:10:00,True,43,-1630.0,-1636.0,-1636.0,-1638.0,-1636.0,-1632.0,BELOW
2026-08-21 15:20:53,34.35,64.88,0.75,43.9,0.77,156.41,0.84,43.73,0.84,203.9,0.08,42.7,0.08,327.66,0.31,44.07,0.31,202.54,0.79,44.07,0.81,122.43,0.46,43.5,0.46,87.85,0.32,43.73,0.31,140.06,0.41,43.73,0.42,178.0,0.54,43.61,0.56,72.87,0.91,44.02,0.93,263.0,0.18,43.44,0.18,237.18,0.35,44.3,0.34,140.48,-1639,-1500,-1800,43.73333333333333,6.01,0 days 00:10:00,True,43,-1636.0,-1629.0,-1630.0,-1636.0,-1636.0,-1638.0,BELOW
2026-08-21 15:30:53,34.46,65.3,0.75,43.44,0.76,194.26,0.84,44.25,0.84,177.59,0.08,42.75,0.08,327.66,0.31,44.48,0.31,162.09,0.79,44.02,0.77,128.2,0.46,43.79,0.45,84.66,0.32,43.67,0.32,145.75,0.41,44.07,0.41,155.28,0.54,43.15,0.55,84.99,0.91,44.25,0.89,264.37,0.32,43.84,0.33,136.3,0.35,44.02,0.36,153.56,-1634,-1500,-1800,43.810833333333335,6.07,0 days 00:10:00,True,43,-1639.0,-1636.0,-1629.0,-1630.0,-1636.0,-1636.0,BELOW
2026-08-21 16:00:53,34.62,63.87,0.75,43.67,0.77,195.3,0.84,44.07,0.87,188.61,0.08,42.18,0.08,327.66,0.31,44.3,0.31,173.21,0.79,43.61,0.81,148.89,0.46,43.5,0.45,85.67,0.32,44.19,0.32,117.74,0.41,44.02,0.42,166.16,0.54,43.1,0.53,84.35,0.91,43.84,0.93,315.54,0.18,43.33,0.18,236.56,0.41,43.84,0.42,161.87,-1638,-1500,-1800,43.637499999999996,6.09,0 days 00:10:00,True,43,-1642.0,-1639.0,-1634.0,-1639.0,-1636.0,-1629.0,BELOW
2026-08-21 19:50:53,29.59,76.72,0.75,43.84,0.78,165.5,0.84,44.19,0.86,199.9,0.08,42.35,0.08,327.66,0.31,44.19,0.31,203.07,0.79,43.44,0.78,163.99,0.46,42.81,0.45,105.37,0.32,44.25,0.32,116.75,0.41,44.07,0.4,144.06,0.54,43.56,0.52,70.82,0.91,44.25,0.89,241.9,0.18,43.61,0.18,212.76,0.35,43.96,0.35,153.17,-1653,-1500,-1800,43.71,5.919999999999999,0 days 00:10:00,True,43,-1655.0,-1653.0,-1659.0,-1657.0,-1656.0,-1660.0,BELOW
2026-08-21 21:30:54,28.58,80.75,0.75,43.44,0.78,196.78,0.84,43.84,0.84,201.75,0.08,42.35,0.08,327.66,0.31,43.84,0.31,204.45,0.79,43.84,0.82,143.31,0.46,43.5,0.46,95.0,0.32,44.02,0.33,118.28,0.41,44.02,0.42,137.83,0.54,43.73,0.55,74.15,0.91,44.07,0.9,263.69,0.18,43.44,0.18,255.09,0.35,44.19,0.35,142.98,-1639,-1500,-1800,43.69,6.02,0 days 00:10:01,True,43,-1643.0,-1649.0,-1647.0,-1650.0,-1651.0,-1652.0,BELOW
2026-08-21 21:50:53,28.42,80.35,0.75,43.67,0.74,182.21,0.84,44.07,0.87,181.5,0.08,42.52,0.08,327.66,0.31,44.59,0.31,168.11,0.79,43.67,0.8,121.31,0.46,43.21,0.46,106.07,0.32,43.37,0.33,151.17,0.41,43.73,0.41,179.84,0.54,43.04,0.56,102.75,0.91,44.25,0.89,226.0,0.18,43.73,0.18,177.76,0.35,43.56,0.36,147.12,-1635,-1500,-1800,43.61750000000001,5.99,0 days 00:09:59,True,43,-1644.0,-1639.0,-1643.0,-1649.0,-1647.0,-1650.0,BELOW
2026-08-21 22:00:53,27.88,81.51,0.75,43.84,0.78,150.91,0.84,43.96,0.86,196.32,0.08,42.64,0.08,327.66,0.31,44.12,0.32,197.35,0.79,43.37,0.8,158.12,0.46,43.44,0.46,88.3,0.32,44.02,0.32,120.32,0.41,43.79,0.41,152.37,0.54,43.04,0.52,84.75,0.91,44.3,0.88,234.14,0.18,43.73,0.18,223.65,0.35,43.67,0.35,180.08,-1621,-1500,-1800,43.660000000000004,5.959999999999998,0 days 00:10:00,True,43,-1635.0,-1644.0,-1639.0,-1643.0,-1649.0,-1647.0,BELOW
2026-08-21 22:10:53,27.83,81.66,0.75,43.27,0.75,211.36,0.84,44.19,0.82,166.59,0.08,42.35,0.08,327.66,0.31,43.96,0.32,214.15,0.79,43.56,0.8,150.12,0.46,42.87,0.45,102.97,0.32,43.56,0.32,151.76,0.41,43.67,0.4,169.1,0.54,43.73,0.53,80.61,0.91,44.3,0.92,230.29,0.18,43.73,0.18,187.12,0.35,43.67,0.36,177.54,-1625,-1500,-1800,43.571666666666665,5.93,0 days 00:10:00,True,43,-1621.0,-1635.0,-1644.0,-1639.0,-1643.0,-1649.0,BELOW
2026-08-21 22:40:54,28.15,81.48,0.75,43.5,0.75,176.83,0.84,43.73,0.85,220.37,0.08,42.35,0.08,327.66,0.31,44.25,0.32,192.19,0.79,43.73,0.77,141.3,0.46,43.27,0.46,86.72,0.32,43.5,0.33,153.25,0.41,44.12,0.4,145.75,0.54,43.61,0.56,72.4,0.91,44.19,0.94,237.18,0.18,43.79,0.18,198.35,0.35,43.9,0.34,167.72,-1623,-1500,-1800,43.66166666666667,5.979999999999999,0 days 00:10:00,True,43,-1641.0,-1639.0,-1625.0,-1621.0,-1635.0,-1644.0,BELOW
2026-08-21 22:50:53,27.83,81.91,0.75,43.56,0.74,203.11,0.84,43.79,0.83,227.31,0.08,42.52,0.08,327.66,0.31,44.02,0.31,211.75,0.79,43.73,0.82,137.28,0.46,43.1,0.47,105.12,0.32,43.9,0.32,120.0,0.41,43.79,0.42,165.07,0.54,43.5,0.52,74.54,0.91,43.79,0.94,277.69,0.18,43.1,0.18,291.15,0.35,44.12,0.34,147.11,-1630,-1500,-1800,43.576666666666675,5.969999999999999,0 days 00:09:59,True,43,-1623.0,-1641.0,-1639.0,-1625.0,-1621.0,-1635.0,BELOW
2026-08-21 23:00:53,27.83,81.94,0.75,43.27,0.78,205.04,0.84,43.79,0.83,207.5,0.08,42.64,0.08,327.66,0.31,44.42,0.3,167.67,0.79,43.96,0.82,123.35,0.46,43.1,0.47,101.98,0.32,43.67,0.33,124.75,0.41,43.79,0.42,167.06,0.54,43.37,0.54,76.75,0.91,44.3,0.91,234.14,0.18,43.61,0.18,197.57,0.35,43.73,0.36,167.06,-1620,-1500,-1800,43.63750000000001,6.0200000000000005,0 days 00:10:00,True,43,-1630.0,-1623.0,-1641.0,-1639.0,-1625.0,-1621.0,BELOW
2026-08-21 23:10:53,27.56,82.34,0.75,43.37,0.72,205.32,0.84,43.61,0.82,219.51,0.08,42.58,0.08,327.66,0.31,44.12,0.31,191.44,0.79,43.56,0.8,146.92,0.46,43.44,0.47,86.63,0.32,43.56,0.33,124.25,0.41,43.56,0.41,183.9,0.54,43.61,0.54,69.75,0.91,44.07,0.9,233.23,0.18,43.61,0.18,206.4,0.35,44.12,0.34,139.92,-1627,-1500,-1800,43.600833333333334,5.9,0 days 00:10:00,True,43,-1620.0,-1630.0,-1623.0,-1641.0,-1639.0,-1625.0,BELOW
2026-08-21 23:20:53,27.72,81.97,0.75,43.56,0.72,189.2,0.84,43.67,0.82,206.96,0.08,42.64,0.08,327.66,0.31,44.12,0.31,222.12,0.79,43.61,0.8,139.69,0.46,42.93,0.47,101.71,0.32,43.61,0.31,148.7,0.41,44.12,0.41,137.0,0.54,43.37,0.53,78.06,0.91,44.19,0.93,241.58,0.18,43.56,0.18,222.76,0.35,43.84,0.34,165.5,-1624,-1500,-1800,43.60166666666667,5.8999999999999995,0 days 00:10:00,True,43,-1627.0,-1620.0,-1630.0,-1623.0,-1641.0,-1639.0,BELOW
2026-08-21 23:30:54,27.67,82.58,0.75,43.67,0.77,200.69,0.84,43.79,0.86,213.87,0.08,42.58,0.08,327.66,0.31,44.07,0.31,156.81,0.79,43.44,0.77,156.31,0.46,43.27,0.46,93.21,0.32,43.67,0.32,148.89,0.41,43.56,0.4,184.39,0.54,43.73,0.54,71.1,0.91,43.9,0.89,257.79,0.18,43.33,0.18,245.01,0.35,43.67,0.35,168.87,-1618,-1500,-1800,43.556666666666665,5.929999999999999,0 days 00:10:01,True,43,-1624.0,-1627.0,-1620.0,-1630.0,-1623.0,-1641.0,BELOW
2026-08-21 23:40:54,27.51,82.86,0.75,43.67,0.77,155.39,0.84,43.96,0.87,178.7,0.08,42.75,0.08,327.66,0.31,44.12,0.31,191.69,0.79,43.9,0.79,139.2,0.46,43.27,0.46,90.86,0.32,44.02,0.33,122.27,0.41,43.73,0.4,187.37,0.54,43.04,0.54,82.21,0.91,44.19,0.93,222.12,0.18,43.56,0.18,197.3,0.35,44.12,0.34,135.86,-1623,-1500,-1800,43.69416666666667,6.0,0 days 00:10:00,True,43,-1618.0,-1624.0,-1627.0,-1620.0,-1630.0,-1623.0,BELOW
2026-08-21 23:50:54,27.46,83.07,0.75,43.37,0.74,205.32,0.84,43.9,0.84,161.87,0.08,42.58,0.08,327.66,0.31,44.42,0.31,160.05,0.79,43.44,0.76,156.53,0.46,43.5,0.47,90.62,0.32,43.37,0.33,148.12,0.41,44.02,0.41,158.59,0.54,43.33,0.55,75.07,0.91,43.9,0.88,283.72,0.18,43.33,0.18,254.08,0.35,44.12,0.35,138.37,-1616,-1500,-1800,43.606666666666655,5.8999999999999995,0 days 00:10:00,True,43,-1623.0,-1618.0,-1624.0,-1627.0,-1620.0,-1630.0,BELOW
2026-08-22 00:00:53,27.67,81.51,0.75,43.73,0.78,165.07,0.84,43.73,0.87,327.66,0.08,42.35,0.08,327.66,0.31,44.3,0.3,175.83,0.79,43.5,0.8,160.59,0.46,43.15,0.46,101.22,0.32,43.84,0.32,121.79,0.41,43.67,0.42,256.78,0.54,43.61,0.52,70.56,0.91,44.25,0.91,230.0,0.18,43.84,0.18,195.81,0.35,44.19,0.36,137.19,-1616,-1500,-1800,43.68000000000001,6.000000000000001,0 days 00:09:59,True,43,-1616.0,-1623.0,-1618.0,-1624.0,-1627.0,-1620.0,BELOW
2026-08-22 00:10:53,27.51,82.82,0.75,43.44,0.78,188.45,0.84,44.07,0.87,176.9,0.08,42.46,0.08,327.66,0.31,44.48,0.32,171.99,0.79,43.79,0.76,128.39,0.46,43.27,0.47,89.55,0.32,43.79,0.33,121.79,0.41,43.96,0.42,153.17,0.54,42.98,0.53,83.21,0.91,43.61,0.92,288.12,0.18,43.1,0.18,310.57,0.35,44.02,0.34,164.2,-1627,-1500,-1800,43.58083333333334,5.999999999999999,0 days 00:10:00,True,43,-1616.0,-1616.0,-1623.0,-1618.0,-1624.0,-1627.0,BELOW
2026-08-22 00:20:53,27.56,82.37,0.75,43.61,0.73,216.09,0.84,43.73,0.85,200.69,0.08,42.41,0.08,327.66,0.31,44.36,0.32,246.46,0.79,43.5,0.76,215.51,0.46,42.93,0.47,100.68,0.32,44.02,0.31,120.32,0.41,43.67,0.42,175.29,0.54,43.61,0.56,72.78,0.91,44.02,0.93,249.56,0.18,43.44,0.18,237.5,0.35,44.25,0.34,133.44,-1618,-1500,-1800,43.62916666666666,5.949999999999999,0 days 00:10:00,True,43,-1627.0,-1616.0,-1616.0,-1623.0,-1618.0,-1624.0,BELOW
2026-08-22 00:30:53,27.3,82.37,0.75,43.61,0.72,181.97,0.84,43.84,0.86,190.44,0.08,42.7,0.08,327.66,0.31,44.25,0.3,200.69,0.79,43.79,0.77,131.14,0.46,43.5,0.47,83.59,0.32,43.67,0.31,144.06,0.41,44.19,0.4,142.98,0.54,43.04,0.53,83.61,0.91,44.25,0.88,230.0,0.18,43.67,0.18,189.7,0.35,44.19,0.35,150.66,-1615,-1500,-1800,43.725,5.85,0 days 00:10:00,True,43,-1618.0,-1627.0,-1616.0,-1616.0,-1623.0,-1618.0,BELOW
2026-08-22 00:40:54,27.35,82.79,0.75,43.73,0.73,155.8,0.84,43.9,0.85,196.32,0.08,42.7,0.08,327.66,0.31,43.96,0.32,214.44,0.79,43.5,0.76,154.98,0.46,42.93,0.45,102.34,0.32,43.73,0.31,129.59,0.41,43.5,0.42,186.39,0.54,43.33,0.56,76.65,0.91,43.73,0.89,327.66,0.18,43.15,0.18,263.15,0.35,44.25,0.36,134.89,-1613,-1500,-1800,43.534166666666664,5.91,0 days 00:10:01,True,43,-1615.0,-1618.0,-1627.0,-1616.0,-1616.0,-1623.0,BELOW
2026-08-22 00:50:54,27.35,82.34,0.75,43.79,0.77,161.44,0.84,44.02,0.86,190.94,0.08,42.24,0.08,327.66,0.31,44.25,0.3,173.43,0.79,43.96,0.78,228.51,0.46,43.04,0.47,99.61,0.32,43.56,0.31,151.97,0.41,43.67,0.42,179.84,0.54,43.15,0.52,82.54,0.91,44.3,0.88,234.14,0.18,43.73,0.18,213.32,0.35,43.61,0.35,181.97,-1609,-1500,-1800,43.61000000000001,5.919999999999999,0 days 00:10:00,True,43,-1613.0,-1615.0,-1618.0,-1627.0,-1616.0,-1616.0,TARGET
2026-08-22 01:00:54,27.14,82.58,0.75,43.61,0.74,251.45,0.84,44.07,0.83,170.43,0.08,42.64,0.08,327.66,0.31,43.96,0.31,211.2,0.79,43.33,0.77,157.91,0.46,43.44,0.47,84.5,0.32,44.02,0.32,116.31,0.41,43.67,0.4,173.1,0.54,43.04,0.56,82.71,0.91,43.67,0.88,295.01,0.18,43.04,0.18,317.81,0.35,43.56,0.35,189.2,-1601,-1500,-1800,43.50416666666667,5.89,0 days 00:10:00,True,43,-1609.0,-1613.0,-1615.0,-1618.0,-1627.0,-1616.0,TARGET
2026-08-22 01:10:53,27.35,82.52,0.75,42.98,0.72,197.79,0.84,43.79,0.87,239.7,0.08,42.35,0.08,327.66,0.31,44.42,0.32,159.84,0.79,43.5,0.78,160.37,0.46,42.98,0.47,99.61,0.32,43.5,0.32,153.45,0.41,43.61,0.42,260.94,0.54,43.1,0.55,83.72,0.91,43.84,0.89,261.97,0.18,43.21,0.18,248.79,0.35,44.07,0.36,145.39,-1603,-1500,-1800,43.44583333333333,5.96,0 days 00:09:59,True,43,-1601.0,-1609.0,-1613.0,-1615.0,-1618.0,-1627.0,TARGET
2026-08-22 01:20:53,26.92,82.37,0.75,43.61,0.77,172.87,0.84,43.61,0.85,206.4,0.08,42.35,0.08,327.66,0.31,43.96,0.3,218.08,0.79,43.5,0.81,148.12,0.46,43.33,0.46,89.91,0.32,43.61,0.31,147.12,0.41,43.9,0.41,204.72,0.54,43.15,0.53,81.93,0.91,43.84,0.94,278.41,0.18,43.27,0.18,291.91,0.35,44.02,0.34,153.17,-1607,-1500,-1800,43.512499999999996,5.98,0 days 00:10:00,True,43,-1603.0,-1601.0,-1609.0,-1613.0,-1615.0,-1618.0,TARGET
2026-08-22 01:30:53,27.35,81.73,0.75,43.44,0.77,176.37,0.84,43.9,0.81,183.17,0.08,42.24,0.08,327.66,0.31,43.96,0.3,211.2,0.79,43.44,0.77,226.12,0.46,42.98,0.46,103.39,0.32,43.96,0.32,132.58,0.41,43.9,0.4,167.72,0.54,43.5,0.54,75.06,0.91,43.73,0.91,315.54,0.18,43.1,0.18,285.07,0.35,44.19,0.35,138.73,-1600,-1500,-1800,43.528333333333336,5.89,0 days 00:10:00,True,43,-1607.0,-1603.0,-1601.0,-1609.0,-1613.0,-1615.0,TARGET
2026-08-22 01:40:53,27.03,82.55,0.75,43.5,0.72,197.04,0.84,43.79,0.85,206.96,0.08,42.64,0.08,327.66,0.31,44.48,0.31,167.89,0.79,43.73,0.79,157.56,0.46,43.5,0.47,84.5,0.32,43.67,0.32,144.44,0.41,44.02,0.41,153.37,0.54,43.33,0.53,75.9,0.91,43.73,0.94,282.97,0.18,43.1,0.18,297.07,0.35,43.73,0.36,169.32,-1594,-1500,-1800,43.60166666666667,5.96,0 days 00:10:00,True,43,-1600.0,-1607.0,-1603.0,-1601.0,-1609.0,-1613.0,TARGET
2026-08-22 01:50:54,27.14,82.24,0.75,43.33,0.74,208.15,0.84,43.73,0.86,200.96,0.08,42.52,0.08,327.66,0.31,44.42,0.3,161.89,0.79,43.67,0.8,147.31,0.46,42.98,0.45,108.17,0.32,43.9,0.33,121.21,0.41,43.79,0.41,180.31,0.54,43.56,0.55,72.68,0.91,43.9,0.94,262.66,0.18,43.27,0.18,263.85,0.35,44.3,0.36,151.05,-1595,-1500,-1800,43.61416666666667,6.000000000000001,0 days 00:10:01,True,43,-1594.0,-1600.0,-1607.0,-1603.0,-1601.0,-1609.0,TARGET
2026-08-22 02:00:54,26.98,82.43,0.75,43.79,0.76,171.41,0.84,43.61,0.86,223.06,0.08,42.35,0.08,327.66,0.31,44.12,0.31,222.12,0.79,43.9,0.79,130.09,0.46,42.98,0.46,101.09,0.32,43.61,0.32,153.66,0.41,43.79,0.4,173.55,0.54,43.21,0.52,78.74,0.91,44.19,0.89,250.21,0.18,43.61,0.18,212.76,0.35,43.84,0.36,169.32,-1596,-1500,-1800,43.583333333333336,5.93,0 days 00:10:00,True,43,-1595.0,-1594.0,-1600.0,-1607.0,-1603.0,-1601.0,TARGET
2026-08-22 02:10:54,26.87,82.61,0.75,43.67,0.72,175.51,0.84,44.07,0.85,183.89,0.08,42.64,0.08,327.66,0.31,44.3,0.31,177.83,0.79,43.79,0.82,142.75,0.46,42.98,0.46,101.84,0.32,43.84,0.32,115.7,0.41,43.67,0.4,186.89,0.54,42.7,0.52,80.94,0.91,44.07,0.93,249.56,0.18,43.44,0.18,237.5,0.35,43.73,0.35,169.32,-1593,-1500,-1800,43.574999999999996,5.939999999999999,0 days 00:10:00,True,43,-1596.0,-1595.0,-1594.0,-1600.0,-1607.0,-1603.0,TARGET
2026-08-22 02:20:53,27.19,81.85,0.75,43.21,0.74,201.5,0.84,44.02,0.87,191.19,0.08,42.29,0.08,327.66,0.31,44.19,0.3,191.94,0.79,43.56,0.76,148.5,0.46,43.15,0.47,108.74,0.32,43.5,0.31,174.6,0.41,43.84,0.4,167.5,0.54,43.04,0.55,83.21,0.91,44.19,0.88,237.79,0.18,43.61,0.18,200.43,0.35,43.73,0.35,182.45,-1595,-1500,-1800,43.5275,5.889999999999999,0 days 00:09:59,True,43,-1593.0,-1596.0,-1595.0,-1594.0,-1600.0,-1607.0,TARGET
2026-08-22 02:30:53,26.76,82.58,0.75,43.79,0.78,159.59,0.84,43.44,0.87,222.18,0.08,42.7,0.08,327.66,0.31,43.9,0.32,196.07,0.79,43.44,0.76,156.53,0.46,43.5,0.47,86.32,0.32,43.56,0.32,150.12,0.41,43.61,0.4,170.73,0.54,43.33,0.53,79.4,0.91,43.79,0.91,282.97,0.18,43.15,0.18,273.68,0.35,43.96,0.35,163.99,-1597,-1500,-1800,43.51416666666666,5.969999999999999,0 days 00:10:00,True,43,-1595.0,-1593.0,-1596.0,-1595.0,-1594.0,-1600.0,TARGET
2026-08-22 02:40:53,26.6,83.22,0.75,43.33,0.72,232.86,0.84,44.07,0.87,172.53,0.08,42.52,0.08,327.66,0.31,44.02,0.31,211.75,0.79,43.61,0.82,145.75,0.46,43.21,0.46,87.83,0.32,43.61,0.33,136.73,0.41,43.67,0.41,173.1,0.54,43.27,0.52,77.61,0.91,44.12,0.88,285.96,0.18,43.37,0.18,280.75,0.35,44.02,0.34,158.59,-1587,-1500,-1800,43.568333333333335,5.919999999999999,0 days 00:10:00,True,43,-1597.0,-1595.0,-1593.0,-1596.0,-1595.0,-1594.0,ABOVE
2026-08-22 02:50:54,26.98,83.04,0.75,43.67,0.78,307.32,0.84,43.67,0.85,230.79,0.08,42.46,0.08,327.66,0.31,43.84,0.3,224.23,0.79,43.56,0.8,153.45,0.46,43.37,0.47,81.5,0.32,43.61,0.32,142.56,0.41,43.56,0.41,186.64,0.54,43.04,0.56,83.72,0.91,43.73,0.93,301.44,0.18,43.1,0.18,310.57,0.35,43.9,0.35,154.47,-1595,-1500,-1800,43.459166666666675,6.029999999999998,0 days 00:10:01,True,43,-1587.0,-1597.0,-1595.0,-1593.0,-1596.0,-1595.0,TARGET
2026-08-22 03:00:54,27.03,82.43,0.75,43.5,0.73,189.2,0.84,43.9,0.83,188.12,0.08,42.24,0.08,327.66,0.31,44.3,0.32,200.69,0.79,43.5,0.82,148.12,0.46,43.15,0.47,105.12,0.32,43.96,0.33,120.32,0.41,43.56,0.41,186.64,0.54,42.87,0.53,82.88,0.91,43.96,0.93,284.47,0.18,43.37,0.18,259.56,0.35,43.61,0.34,177.3,-1591,-1500,-1800,43.49333333333333,5.97,0 days 00:10:00,True,43,-1595.0,-1587.0,-1597.0,-1595.0,-1593.0,-1596.0,TARGET
2026-08-22 03:50:53,27.03,82.55,0.75,43.27,0.73,211.08,0.84,44.19,0.84,170.87,0.08,42.29,0.08,327.66,0.35,43.67,0.34,164.85,0.79,43.61,0.79,147.12,0.46,43.04,0.47,94.12,0.32,43.56,0.31,142.37,0.41,44.02,0.41,153.37,0.54,43.27,0.53,78.29,0.91,44.02,0.93,284.84,0.18,43.44,0.18,264.9,0.35,43.9,0.35,160.0,-1572,-1500,-1800,43.52333333333333,5.959999999999999,0 days 00:10:00,True,43,-1573.0,-1581.0,-1582.0,-1583.0,-1591.0,-1595.0,ABOVE
2026-08-22 04:00:54,27.19,82.31,0.75,43.67,0.77,192.58,0.84,43.56,0.81,222.76,0.08,42.35,0.08,327.66,0.31,44.19,0.3,191.94,0.79,43.79,0.78,126.05,0.46,42.87,0.45,105.5,0.32,43.73,0.31,133.33,0.41,43.61,0.41,184.39,0.54,43.61,0.53,73.94,0.91,44.07,0.88,263.69,0.18,43.44,0.18,237.5,0.35,44.07,0.34,139.75,-1579,-1500,-1800,43.580000000000005,5.84,0 days 00:10:01,True,43,-1572.0,-1573.0,-1581.0,-1582.0,-1583.0,-1591.0,ABOVE
2026-08-22 04:10:54,27.08,82.76,0.75,43.5,0.73,212.2,0.84,43.96,0.81,202.01,0.08,42.64,0.08,327.66,0.31,43.9,0.31,210.92,0.79,43.84,0.82,134.97,0.46,42.98,0.47,99.35,0.32,43.56,0.32,148.7,0.41,43.67,0.4,187.12,0.54,43.15,0.54,82.93,0.91,43.9,0.94,258.13,0.18,43.33,0.18,250.12,0.35,43.9,0.36,141.86,-1578,-1500,-1800,43.5275,5.96,0 days 00:10:00,True,43,-1579.0,-1572.0,-1573.0,-1581.0,-1582.0,-1583.0,ABOVE
2026-08-22 04:50:53,27.3,81.79,0.75,43.33,0.73,202.04,0.84,43.56,0.87,222.76,0.08,42.75,0.08,327.66,0.31,44.48,0.31,178.51,0.79,43.44,0.81,186.15,0.46,43.37,0.45,86.52,0.32,43.9,0.33,129.06,0.41,43.96,0.41,151.7,0.54,43.44,0.55,73.76,0.91,43.79,0.94,308.53,0.18,43.15,0.18,263.5,0.35,44.07,0.35,145.58,-1570,-1500,-1800,43.603333333333325,6.01,0 days 00:10:00,True,43,-1580.0,-1580.0,-1573.0,-1578.0,-1579.0,-1572.0,ABOVE
2026-08-22 05:00:54,27.3,82.37,0.75,43.27,0.78,221.29,0.84,43.56,0.84,222.76,0.08,42.52,0.08,327.66,0.35,43.9,0.36,169.99,0.79,43.61,0.76,141.3,0.46,43.33,0.45,84.8,0.32,44.02,0.32,119.45,0.41,44.02,0.42,142.23,0.54,43.21,0.56,79.65,0.91,44.25,0.88,233.83,0.18,43.67,0.18,200.96,0.35,43.56,0.36,306.91,-1571,-1500,-1800,43.57666666666666,5.99,0 days 00:10:01,True,43,-1570.0,-1580.0,-1580.0,-1573.0,-1578.0,-1579.0,ABOVE
2026-08-22 05:10:54,27.51,82.0,0.75,43.84,0.73,159.8,0.84,43.61,0.87,223.06,0.18,43.1,0.18,317.81,0.31,44.07,0.3,202.81,0.79,43.79,0.82,129.75,0.46,42.98,0.47,100.95,0.32,43.61,0.31,137.11,0.41,44.07,0.42,145.39,0.54,43.61,0.53,69.04,0.91,43.79,0.88,257.44,0.18,42.98,0.18,203.42,0.35,44.12,0.34,141.53,-1572,-1500,-1800,43.630833333333335,6.03,0 days 00:10:00,True,43,-1571.0,-1570.0,-1580.0,-1580.0,-1573.0,-1578.0,ABOVE
2026-08-22 05:20:54,27.3,81.08,0.75,43.27,0.78,211.08,0.84,44.12,0.85,170.65,0.08,42.58,0.08,327.66,0.31,44.19,0.32,168.82,0.79,43.84,0.76,125.07,0.46,42.93,0.47,100.95,0.32,43.96,0.33,142.05,0.41,44.12,0.4,181.26,0.54,43.56,0.52,74.25,0.91,44.25,0.92,226.29,0.18,43.44,0.18,212.2,0.35,43.73,0.36,175.29,-1568,-1500,-1800,43.66583333333333,5.97,0 days 00:10:00,True,43,-1572.0,-1571.0,-1570.0,-1580.0,-1580.0,-1573.0,ABOVE
2026-08-22 05:30:54,27.14,82.82,0.75,43.33,0.75,218.07,0.84,43.5,0.85,226.42,0.08,42.35,0.08,327.66,0.31,44.19,0.31,179.64,0.79,43.9,0.82,127.71,0.46,43.37,0.45,88.06,0.32,43.9,0.32,118.98,0.41,44.12,0.4,144.25,0.54,43.79,0.56,68.72,0.91,43.9,0.89,284.1,0.18,43.33,0.18,269.38,0.35,44.19,0.34,136.03,-1572,-1500,-1800,43.65583333333333,5.949999999999999,0 days 00:10:00,True,43,-1568.0,-1572.0,-1571.0,-1570.0,-1580.0,-1580.0,ABOVE
2026-08-22 05:40:54,27.03,82.98,0.75,43.84,0.76,171.62,0.84,43.67,0.82,216.37,0.08,42.7,0.08,327.66,0.31,44.48,0.32,165.92,0.79,43.96,0.82,248.9,0.46,42.81,0.45,129.28,0.32,43.5,0.31,153.25,0.41,43.84,0.42,173.78,0.54,43.67,0.53,72.11,0.91,44.12,0.94,232.92,0.18,43.56,0.18,189.2,0.35,43.61,0.34,238.43,-1569,-1500,-1800,43.646666666666675,5.970000000000001,0 days 00:10:00,True,43,-1572.0,-1568.0,-1572.0,-1571.0,-1570.0,-1580.0,ABOVE
2026-08-22 06:00:53,26.92,84.02,0.75,43.73,0.73,154.06,0.84,44.02,0.87,240.64,0.08,42.29,0.08,327.66,0.31,44.02,0.31,208.32,0.79,43.61,0.76,147.31,0.46,43.33,0.45,89.21,0.32,43.9,0.31,119.85,0.41,43.9,0.42,146.72,0.54,43.1,0.52,84.88,0.91,44.3,0.88,230.29,0.18,43.44,0.18,183.67,0.35,43.79,0.36,161.44,-1569,-1500,-1800,43.619166666666665,5.87,0 days 00:10:00,True,43,-1575.0,-1569.0,-1572.0,-1568.0,-1572.0,-1571.0,ABOVE
2026-08-22 06:10:54,26.82,83.8,0.75,43.84,0.75,156.2,0.84,44.02,0.84,162.08,0.08,42.58,0.08,327.66,0.35,44.19,0.35,153.97,0.79,43.44,0.8,163.76,0.46,43.44,0.45,81.87,0.32,43.5,0.33,215.51,0.41,43.67,0.41,195.04,0.54,43.5,0.55,74.15,0.91,44.19,0.93,229.4,0.18,43.61,0.18,203.37,0.35,44.12,0.34,138.37,-1579,-1500,-1800,43.675000000000004,6.01,0 days 00:10:01,True,43,-1569.0,-1575.0,-1569.0,-1572.0,-1568.0,-1572.0,ABOVE
2026-08-22 06:20:54,26.92,84.41,0.75,43.73,0.75,173.32,0.84,44.12,0.85,170.65,0.18,43.37,0.18,250.45,0.31,44.07,0.32,218.08,0.79,43.96,0.76,122.27,0.46,43.44,0.46,83.48,0.32,43.73,0.31,133.33,0.41,43.67,0.42,170.96,0.54,43.04,0.55,81.72,0.91,43.73,0.91,283.35,0.18,43.15,0.18,291.53,0.35,44.12,0.36,142.78,-1573,-1500,-1800,43.6775,6.050000000000001,0 days 00:10:00,True,43,-1579.0,-1569.0,-1575.0,-1569.0,-1572.0,-1568.0,ABOVE
2026-08-22 06:30:54,27.03,82.34,0.75,43.5,0.75,202.84,0.84,44.02,0.83,186.09,0.08,42.52,0.08,327.66,0.31,44.42,0.32,182.92,0.79,43.5,0.79,191.57,0.46,43.21,0.47,83.04,0.32,43.9,0.31,125.41,0.41,43.5,0.4,188.95,0.54,43.5,0.54,72.87,0.91,43.84,0.88,302.22,0.18,43.21,0.18,291.53,0.35,44.36,0.35,124.48,-1571,-1500,-1800,43.62333333333333,5.8999999999999995,0 days 00:10:00,True,43,-1573.0,-1579.0,-1569.0,-1575.0,-1569.0,-1572.0,ABOVE
2026-08-22 06:40:54,27.14,83.86,0.54,43.1,0.52,89.9,0.84,43.84,0.85,204.45,0.08,42.7,0.08,327.66,0.31,44.07,0.3,194.1,0.79,43.5,0.79,151.56,0.46,43.5,0.45,81.61,0.32,43.96,0.32,114.1,0.41,43.9,0.4,162.08,0.54,43.15,0.53,80.37,0.91,44.19,0.89,233.53,0.18,43.56,0.18,209.26,0.35,44.12,0.34,138.55,-1578,-1500,-1800,43.63249999999999,5.6499999999999995,0 days 00:10:00,True,43,-1571.0,-1573.0,-1579.0,-1569.0,-1575.0,-1569.0,ABOVE
2026-08-22 06:50:53,27.08,83.62,0.75,43.56,0.72,192.08,0.91,43.79,0.9,301.82,0.08,42.46,0.08,327.66,0.31,44.02,0.32,218.08,0.79,43.37,0.8,165.74,0.46,43.1,0.46,94.24,0.32,44.02,0.32,115.35,0.41,43.56,0.4,194.78,0.54,43.1,0.53,82.82,0.91,43.9,0.89,327.66,0.18,43.27,0.18,327.66,0.35,43.73,0.35,177.76,-1593,-1500,-1800,43.49,5.949999999999999,0 days 00:09:59,True,43,-1578.0,-1571.0,-1573.0,-1579.0,-1569.0,-1575.0,TARGET
2026-08-22 07:00:53,27.14,83.44,0.75,43.33,0.74,221.59,0.84,43.84,0.83,188.12,0.08,42.7,0.08,327.66,0.31,43.96,0.31,258.13,0.79,43.67,0.76,141.3,0.46,42.87,0.46,103.75,0.32,43.67,0.31,118.36,0.41,43.84,0.41,161.44,0.54,43.1,0.53,90.38,0.91,44.19,0.9,241.26,0.18,43.67,0.18,194.78,0.35,43.73,0.35,177.76,-1592,-1500,-1800,43.54750000000001,5.859999999999999,0 days 00:10:00,True,43,-1593.0,-1578.0,-1571.0,-1573.0,-1579.0,-1569.0,TARGET
2026-08-22 07:10:53,27.14,83.5,0.75,43.84,0.77,167.5,0.84,43.61,0.85,234.71,0.08,42.75,0.08,327.66,0.31,44.3,0.31,182.44,0.79,43.37,0.82,162.06,0.46,43.33,0.47,81.83,0.32,44.02,0.33,115.35,0.41,43.61,0.4,194.78,0.54,43.33,0.54,76.65,0.91,43.73,0.89,308.13,0.18,43.1,0.18,296.68,0.35,44.12,0.36,147.3,-1588,-1500,-1800,43.5925,6.0,0 days 00:10:00,True,43,-1592.0,-1593.0,-1578.0,-1571.0,-1573.0,-1579.0,ABOVE
2026-08-22 07:20:54,27.46,81.76,0.75,43.44,0.76,196.51,0.84,44.07,0.84,176.9,0.08,42.52,0.08,327.66,0.31,44.02,0.31,208.59,0.79,43.73,0.79,138.48,0.46,43.21,0.45,99.29,0.32,43.73,0.32,134.8,0.41,43.61,0.41,181.97,0.54,43.27,0.52,79.19,0.91,43.79,0.88,315.97,0.18,43.15,0.18,285.46,0.35,43.73,0.35,184.87,-1594,-1500,-1800,43.5225,5.89,0 days 00:10:01,True,43,-1588.0,-1592.0,-1593.0,-1578.0,-1571.0,-1573.0,TARGET
2026-08-22 07:30:54,27.62,82.12,0.75,43.37,0.77,193.76,0.84,43.67,0.85,216.37,0.18,43.61,0.18,260.94,0.31,43.96,0.3,225.12,0.79,43.37,0.77,158.12,0.46,43.04,0.45,96.79,0.32,43.5,0.31,168.21,0.41,43.73,0.4,173.32,0.54,43.73,0.56,71.1,0.91,43.96,0.91,236.25,0.18,43.21,0.18,258.19,0.35,44.02,0.35,163.99,-1592,-1500,-1800,43.5975,6.029999999999999,0 days 00:10:00,True,43,-1594.0,-1588.0,-1592.0,-1593.0,-1578.0,-1571.0,TARGET
2026-08-22 07:40:54,27.99,81.79,0.75,43.9,0.76,187.87,0.84,43.67,0.85,206.4,0.08,42.81,0.08,327.66,0.31,44.3,0.3,173.43,0.79,43.56,0.81,156.73,0.46,42.93,0.47,102.97,0.32,43.96,0.33,115.2,0.41,44.07,0.41,142.59,0.54,43.5,0.55,74.86,0.91,44.12,0.9,279.5,0.18,43.5,0.18,259.9,0.35,43.67,0.34,168.87,-1608,-1500,-1800,43.66583333333333,5.9799999999999995,0 days 00:10:00,True,43,-1592.0,-1594.0,-1588.0,-1592.0,-1593.0,-1578.0,TARGET
2026-08-22 07:50:54,28.21,81.39,0.54,43.27,0.52,83.77,0.84,44.12,0.87,174.92,0.08,42.41,0.08,327.66,0.31,44.07,0.32,212.01,0.79,43.61,0.78,148.5,0.46,43.1,0.45,96.36,0.32,43.84,0.31,144.81,0.41,43.84,0.4,165.72,0.54,43.27,0.56,78.5,0.91,43.84,0.88,283.35,0.18,43.15,0.18,263.15,0.35,43.73,0.35,173.32,-1594,-1500,-1800,43.52083333333334,5.7,0 days 00:10:00,True,43,-1608.0,-1592.0,-1594.0,-1588.0,-1592.0,-1593.0,TARGET
2026-08-22 08:00:53,28.69,79.38,0.75,43.5,0.76,209.26,0.91,44.02,0.91,284.84,0.08,42.75,0.08,327.66,0.31,43.96,0.3,225.12,0.79,43.9,0.82,122.11,0.46,42.87,0.45,103.11,0.32,43.61,0.32,166.4,0.41,43.9,0.41,160.0,0.54,43.56,0.54,75.36,0.91,44.25,0.92,237.49,0.18,43.61,0.18,186.89,0.35,43.61,0.34,306.91,-1596,-1500,-1800,43.62833333333333,6.029999999999999,0 days 00:09:59,True,43,-1594.0,-1608.0,-1592.0,-1594.0,-1588.0,-1592.0,TARGET
2026-08-22 08:10:53,28.9,79.38,0.75,43.84,0.73,154.47,0.84,43.73,0.84,198.35,0.08,42.29,0.08,327.66,0.31,43.96,0.32,214.44,0.79,43.61,0.79,143.87,0.46,43.27,0.45,97.87,0.32,43.5,0.31,154.98,0.41,43.61,0.42,186.89,0.54,43.21,0.53,82.05,0.91,44.02,0.92,240.64,0.18,43.44,0.18,228.97,0.35,43.9,0.36,156.2,-1605,-1500,-1800,43.531666666666666,5.93,0 days 00:10:00,True,43,-1596.0,-1594.0,-1608.0,-1592.0,-1594.0,-1588.0,TARGET
2026-08-22 08:20:54,29.27,77.02,0.75,43.73,0.75,243.26,0.84,44.12,0.87,166.37,0.08,42.7,0.08,327.66,0.31,44.53,0.32,168.11,0.79,43.67,0.82,142.95,0.46,42.98,0.46,105.64,0.32,43.9,0.32,136.3,0.41,43.67,0.4,200.69,0.54,42.87,0.56,84.42,0.91,43.84,0.91,272.6,0.18,43.27,0.18,285.84,0.35,43.73,0.36,171.18,-1602,-1500,-1800,43.58416666666667,6.03,0 days 00:10:01,True,43,-1605.0,-1596.0,-1594.0,-1608.0,-1592.0,-1594.0,TARGET
2026-08-22 08:30:54,29.43,77.06,0.75,43.84,0.77,151.11,0.84,43.67,0.84,223.65,0.08,42.35,0.08,327.66,0.31,44.07,0.31,212.01,0.79,43.44,0.81,160.17,0.46,43.04,0.47,98.05,0.32,43.5,0.31,164.2,0.41,44.07,0.4,147.11,0.54,43.44,0.54,68.43,0.91,44.07,0.94,263.34,0.18,43.44,0.18,229.58,0.35,44.3,0.36,171.1,-1614,-1500,-1800,43.6025,6.010000000000001,0 days 00:10:00,True,43,-1602.0,-1605.0,-1596.0,-1594.0,-1608.0,-1592.0,BELOW
2026-08-22 08:40:54,29.86,76.38,0.75,43.9,0.77,163.76,0.84,44.19,0.82,166.81,0.08,42.58,0.08,327.66,0.31,43.96,0.31,181.01,0.79,43.67,0.77,177.3,0.46,43.15,0.45,96.92,0.32,43.73,0.33,133.33,0.41,44.19,0.4,147.48,0.54,43.5,0.56,76.72,0.91,43.96,0.9,273.31,0.18,43.33,0.18,269.38,0.35,43.96,0.34,153.17,-1613,-1500,-1800,43.67666666666667,5.91,0 days 00:10:00,True,43,-1614.0,-1602.0,-1605.0,-1596.0,-1594.0,-1608.0,BELOW
2026-08-22 08:50:54,30.24,74.43,0.75,43.44,0.78,202.57,0.84,44.25,0.82,163.14,0.08,42.52,0.08,327.66,0.31,44.25,0.3,177.83,0.79,43.84,0.8,132.39,0.46,43.5,0.47,82.1,0.32,43.56,0.33,160.59,0.41,43.79,0.41,169.32,0.54,43.67,0.54,68.21,0.91,43.56,0.93,282.6,0.18,43.56,0.18,321.19,0.35,43.84,0.36,180.31,-1613,-1500,-1800,43.64833333333334,6.0,0 days 00:10:00,True,43,-1613.0,-1614.0,-1602.0,-1605.0,-1596.0,-1594.0,BELOW
2026-08-22 09:00:54,31.09,71.96,0.54,43.56,0.56,75.87,0.84,43.73,0.84,216.65,0.08,42.93,0.08,327.66,0.31,44.53,0.31,158.66,0.79,43.96,0.78,123.5,0.46,43.15,0.45,95.02,0.32,43.56,0.32,146.73,0.41,43.73,0.42,175.51,0.54,43.44,0.54,73.65,0.91,43.79,0.93,277.32,0.18,43.27,0.18,253.74,0.35,44.19,0.35,144.64,-1617,-1500,-1800,43.653333333333336,5.76,0 days 00:10:00,True,43,-1613.0,-1613.0,-1614.0,-1602.0,-1605.0,-1596.0,BELOW
2026-08-22 09:10:53,31.68,69.88,0.75,43.96,0.78,165.94,0.91,44.25,0.94,238.11,0.08,42.7,0.08,327.66,0.31,44.59,0.3,164.41,0.79,43.61,0.79,144.25,0.46,43.21,0.47,99.29,0.32,43.56,0.31,139.31,0.41,43.67,0.41,234.71,0.54,43.27,0.56,78.85,0.91,44.19,0.94,259.47,0.18,43.56,0.18,226.42,0.35,44.12,0.36,144.06,-1612,-1500,-1800,43.72416666666666,6.12,0 days 00:09:59,True,43,-1617.0,-1613.0,-1613.0,-1614.0,-1602.0,-1605.0,BELOW
2026-08-22 09:20:53,31.89,70.61,0.75,43.61,0.72,194.53,0.84,44.25,0.87,177.59,0.08,42.64,0.08,327.66,0.31,44.48,0.32,176.29,0.79,43.56,0.82,162.48,0.46,42.93,0.45,103.11,0.32,44.02,0.33,114.25,0.41,43.61,0.4,181.97,0.54,43.33,0.52,76.65,0.91,44.25,0.88,241.9,0.18,43.73,0.18,200.69,0.35,44.02,0.36,162.28,-1618,-1500,-1800,43.70249999999999,5.93,0 days 00:10:00,True,43,-1612.0,-1617.0,-1613.0,-1613.0,-1614.0,-1602.0,BELOW
2026-08-22 09:30:54,31.09,70.31,0.75,43.9,0.77,169.76,0.84,43.84,0.82,198.35,0.08,42.58,0.08,327.66,0.31,44.12,0.31,189.1,0.79,43.44,0.81,191.06,0.46,42.93,0.46,108.74,0.32,43.73,0.31,137.11,0.41,43.67,0.4,177.54,0.54,43.1,0.55,74.47,0.91,44.25,0.91,264.72,0.18,43.5,0.18,246.62,0.35,43.9,0.34,134.97,-1622,-1500,-1800,43.580000000000005,5.9399999999999995,0 days 00:10:01,True,43,-1618.0,-1612.0,-1617.0,-1613.0,-1613.0,-1614.0,BELOW
2026-08-22 11:10:54,32.91,66.71,0.75,43.56,0.78,200.15,0.84,44.12,0.84,181.73,0.08,42.7,0.08,327.66,0.31,44.59,0.31,170.35,0.79,44.02,0.77,129.23,0.46,42.98,0.47,100.21,0.32,43.56,0.32,151.76,0.41,43.9,0.41,141.86,0.54,43.15,0.56,89.43,0.91,44.25,0.93,222.7,0.18,43.61,0.18,197.3,0.35,44.07,0.35,134.55,-1633,-1500,-1800,43.70916666666667,5.999999999999999,0 days 00:10:00,True,43,-1634.0,-1635.0,-1628.0,-1629.0,-1625.0,-1631.0,BELOW
2026-08-22 11:30:54,32.27,67.5,0.75,43.33,0.77,202.04,0.84,43.73,0.82,192.84,0.08,42.87,0.08,327.66,0.31,43.9,0.32,327.66,0.79,43.67,0.77,131.7,0.46,43.27,0.46,90.25,0.32,44.02,0.32,112.25,0.41,43.84,0.41,169.76,0.54,43.44,0.56,76.94,0.91,44.36,0.88,247.1,0.18,43.79,0.18,210.37,0.35,43.84,0.34,165.5,-1641,-1500,-1800,43.671666666666674,5.909999999999999,0 days 00:10:00,True,43,-1636.0,-1633.0,-1634.0,-1635.0,-1628.0,-1629.0,BELOW
2026-08-22 11:50:54,33.23,65.55,0.75,43.44,0.73,208.99,0.84,43.84,0.86,207.76,0.08,42.35,0.08,327.66,0.31,44.02,0.32,204.98,0.79,43.67,0.78,150.51,0.46,43.61,0.45,85.9,0.32,43.67,0.32,149.09,0.41,43.9,0.42,159.8,0.54,43.21,0.52,81.93,0.91,44.02,0.91,253.76,0.18,43.44,0.18,222.18,0.35,44.02,0.35,155.28,-1630,-1500,-1800,43.59916666666666,5.92,0 days 00:10:01,True,43,-1637.0,-1641.0,-1636.0,-1633.0,-1634.0,-1635.0,BELOW
2026-08-22 12:00:54,33.23,65.55,0.75,44.02,0.73,162.28,0.84,43.79,0.84,220.37,0.08,42.35,0.08,327.66,0.31,44.07,0.32,229.1,0.79,43.5,0.8,158.53,0.46,43.5,0.46,86.32,0.32,43.96,0.33,126.88,0.41,44.07,0.41,160.42,0.54,43.21,0.54,82.05,0.91,44.02,0.9,253.43,0.18,43.37,0.18,237.18,0.35,44.02,0.36,134.2,-1635,-1500,-1800,43.656666666666666,5.95,0 days 00:10:00,True,43,-1630.0,-1637.0,-1641.0,-1636.0,-1633.0,-1634.0,BELOW
2026-08-22 12:10:54,33.17,64.6,0.75,43.67,0.72,195.04,0.84,44.25,0.82,170.87,0.08,42.58,0.08,327.66,0.31,44.48,0.31,162.09,0.79,43.67,0.81,150.31,0.46,42.98,0.47,120.61,0.32,44.07,0.33,110.91,0.41,43.79,0.4,176.44,0.54,43.79,0.56,73.85,0.91,44.07,0.92,279.5,0.18,43.44,0.18,259.9,0.35,44.02,0.36,155.28,-1627,-1500,-1800,43.734166666666674,5.96,0 days 00:10:00,True,43,-1635.0,-1630.0,-1637.0,-1641.0,-1636.0,-1633.0,BELOW
2026-08-22 12:20:54,33.23,64.48,0.75,43.9,0.76,158.19,0.84,44.02,0.84,188.61,0.08,42.41,0.08,327.66,0.31,44.42,0.31,188.04,0.79,43.9,0.79,139.02,0.46,43.44,0.45,88.3,0.32,44.07,0.31,120.63,0.41,43.61,0.42,189.95,0.54,43.27,0.54,79.4,0.91,43.9,0.89,323.74,0.18,43.33,0.18,312.24,0.35,43.79,0.36,182.69,-1630,-1500,-1800,43.67166666666666,5.93,0 days 00:10:00,True,43,-1627.0,-1635.0,-1630.0,-1637.0,-1641.0,-1636.0,BELOW
2026-08-22 14:20:54,34.56,61.46,0.75,43.56,0.78,184.15,0.84,44.12,0.84,191.69,0.08,42.93,0.08,327.66,0.31,44.3,0.31,187.55,0.79,43.73,0.82,142.95,0.46,43.04,0.45,99.61,0.32,44.12,0.33,111.95,0.41,43.96,0.4,165.94,0.54,43.15,0.54,77.75,0.91,44.59,0.91,235.65,0.18,43.96,0.18,208.32,0.35,44.25,0.36,144.64,-1641,-1500,-1800,43.80916666666667,6.000000000000001,0 days 00:10:00,True,44,-1647.0,-1645.0,-1644.0,-1644.0,-1650.0,-1642.0,BELOW
2026-08-22 14:30:54,35.9,59.17,0.75,43.61,0.76,194.78,0.84,43.84,0.86,198.35,0.08,42.75,0.08,327.66,0.31,44.65,0.3,181.51,0.79,43.84,0.79,151.31,0.46,43.56,0.45,85.37,0.32,44.02,0.32,122.43,0.41,43.67,0.4,184.64,0.54,43.44,0.52,82.87,0.91,44.36,0.92,213.12,0.18,43.73,0.18,179.84,0.35,43.84,0.36,161.66,-1648,-1500,-1800,43.77583333333334,5.94,0 days 00:10:00,True,44,-1641.0,-1647.0,-1645.0,-1644.0,-1644.0,-1650.0,BELOW
2026-08-22 14:40:54,36.65,57.7,0.75,43.5,0.74,206.14,0.84,43.9,0.84,211.2,0.08,42.46,0.08,327.66,0.31,44.02,0.31,193.85,0.79,43.79,0.77,315.54,0.46,43.27,0.46,95.68,0.32,43.5,0.31,160.37,0.41,43.96,0.41,158.39,0.54,43.15,0.55,83.43,0.91,43.96,0.88,278.78,0.18,43.37,0.18,280.75,0.35,44.42,0.35,136.73,-1636,-1500,-1800,43.60833333333333,5.88,0 days 00:10:00,True,44,-1648.0,-1641.0,-1647.0,-1645.0,-1644.0,-1644.0,BELOW
2026-08-22 14:50:54,36.86,57.24,0.75,43.96,0.73,163.99,0.84,43.84,0.84,224.53,0.08,42.35,0.08,327.66,0.31,44.25,0.3,197.61,0.79,43.44,0.8,156.53,0.46,43.5,0.45,83.99,0.32,43.56,0.31,148.5,0.41,44.19,0.41,141.53,0.54,43.61,0.55,75.25,0.91,43.73,0.9,271.88,0.18,43.9,0.18,244.54,0.35,44.36,0.36,121.1,-1639,-1500,-1800,43.72416666666667,5.910000000000001,0 days 00:10:00,True,44,-1636.0,-1648.0,-1641.0,-1647.0,-1645.0,-1644.0,BELOW
2026-08-22 15:00:54,35.9,59.63,0.75,43.56,0.76,170.51,0.84,44.25,0.81,192.19,0.08,42.52,0.08,327.66,0.31,44.48,0.32,172.21,0.79,43.79,0.76,133.33,0.46,43.61,0.46,79.47,0.32,44.12,0.31,119.6,0.41,43.73,0.42,182.45,0.54,43.79,0.52,68.39,0.91,44.07,0.92,274.03,0.18,43.56,0.18,255.09,0.35,44.02,0.34,153.56,-1637,-1500,-1800,43.791666666666664,5.88,0 days 00:10:00,True,44,-1639.0,-1636.0,-1648.0,-1641.0,-1647.0,-1645.0,BELOW
2026-08-22 15:10:54,35.42,59.96,0.75,43.44,0.77,218.65,0.84,43.9,0.83,190.19,0.08,42.75,0.08,327.66,0.31,44.12,0.3,208.86,0.79,44.02,0.78,116.46,0.46,43.27,0.47,103.16,0.32,43.73,0.32,144.25,0.41,44.02,0.4,157.03,0.54,43.15,0.53,81.93,0.91,43.84,0.89,290.01,0.18,43.21,0.18,285.84,0.35,43.79,0.36,175.75,-1635,-1500,-1800,43.60333333333333,5.91,0 days 00:10:00,True,44,-1637.0,-1639.0,-1636.0,-1648.0,-1641.0,-1647.0,BELOW
2026-08-22 15:20:54,35.79,58.34,0.75,43.67,0.74,175.06,0.84,43.73,0.87,213.32,0.08,42.46,0.08,327.66,0.31,44.02,0.3,188.61,0.79,43.61,0.82,170.51,0.46,43.27,0.47,108.17,0.32,43.9,0.32,120.16,0.41,43.67,0.42,184.87,0.54,43.44,0.55,84.5,0.91,44.3,0.9,242.21,0.18,43.67,0.18,213.04,0.35,43.96,0.34,178.7,-1637,-1500,-1800,43.64166666666667,5.99,0 days 00:10:00,True,44,-1635.0,-1637.0,-1639.0,-1636.0,-1648.0,-1641.0,BELOW
2026-08-22 15:30:54,36.11,56.51,0.75,43.56,0.77,181.73,0.84,43.96,0.84,190.69,0.08,42.41,0.08,327.66,0.31,44.48,0.32,171.76,0.79,43.9,0.78,130.09,0.46,43.37,0.46,91.59,0.32,44.07,0.33,110.91,0.41,43.67,0.4,177.54,0.54,43.44,0.53,104.35,0.91,44.19,0.93,225.7,0.18,43.84,0.18,187.62,0.35,43.73,0.34,288.5,-1634,-1500,-1800,43.718333333333334,5.959999999999999,0 days 00:10:00,True,44,-1637.0,-1635.0,-1637.0,-1639.0,-1636.0,-1648.0,BELOW
2026-08-22 15:40:54,35.2,57.49,0.75,43.9,0.73,163.76,0.84,43.84,0.81,198.35,0.08,42.46,0.08,327.66,0.31,44.53,0.31,166.12,0.79,43.5,0.78,158.75,0.46,43.04,0.46,102.61,0.32,43.79,0.33,146.14,0.41,43.67,0.41,173.1,0.54,43.84,0.56,75.86,0.91,43.79,0.89,301.82,0.18,43.15,0.18,291.53,0.35,44.12,0.35,160.84,-1634,-1500,-1800,43.63583333333333,5.89,0 days 00:10:00,True,44,-1634.0,-1637.0,-1635.0,-1637.0,-1639.0,-1636.0,BELOW
2026-08-22 16:50:54,37.34,54.22,0.75,43.44,0.73,205.87,0.84,44.19,0.87,206.06,0.08,42.58,0.08,327.66,0.31,43.96,0.3,224.82,0.79,43.61,0.77,150.31,0.46,42.93,0.47,103.11,0.32,43.9,0.33,125.41,0.41,43.56,0.4,177.07,0.54,43.67,0.56,70.19,0.91,44.48,0.9,260.82,0.18,43.84,0.18,227.61,0.35,43.9,0.36,185.61,-1640,-1500,-1800,43.67166666666666,5.95,0 days 00:10:00,True,44,-1645.0,-1640.0,-1639.0,-1636.0,-1638.0,-1635.0,BELOW
2026-08-22 17:20:54,39.9,50.41,0.75,43.56,0.74,313.9,0.84,43.73,0.84,223.35,0.08,42.75,0.08,327.66,0.31,44.02,0.3,202.01,0.79,43.9,0.82,120.0,0.46,43.27,0.47,95.15,0.32,43.44,0.32,156.73,0.41,43.67,0.42,175.29,0.54,43.79,0.54,72.31,0.91,44.19,0.94,245.82,0.18,43.61,0.18,197.3,0.35,44.07,0.35,144.25,-1645,-1500,-1800,43.66666666666668,5.999999999999998,0 days 00:10:00,True,44,-1645.0,-1641.0,-1640.0,-1645.0,-1640.0,-1639.0,BELOW
2026-08-22 21:00:55,28.9,76.48,0.75,43.79,0.76,198.35,0.84,43.9,0.82,198.35,0.08,42.35,0.08,327.66,0.31,43.9,0.31,224.53,0.79,43.84,0.78,134.8,0.46,43.37,0.46,83.88,0.32,44.02,0.33,117.13,0.41,43.9,0.42,153.17,0.54,43.21,0.53,87.83,0.91,44.25,0.92,234.14,0.18,43.67,0.18,200.69,0.35,44.19,0.36,152.3,-1642,-1500,-1800,43.699166666666656,5.95,0 days 00:10:01,True,44,-1650.0,-1647.0,-1652.0,-1654.0,-1652.0,-1650.0,BELOW
2026-08-22 21:10:55,29.11,76.29,0.75,43.44,0.72,218.65,0.84,44.25,0.86,212.29,0.08,42.64,0.08,327.66,0.31,44.02,0.3,202.01,0.79,43.56,0.81,153.45,0.46,42.98,0.46,107.31,0.32,43.5,0.33,151.56,0.41,43.61,0.41,177.54,0.54,43.56,0.53,72.78,0.91,44.19,0.94,203.07,0.18,43.21,0.18,304.49,0.35,44.25,0.36,138.91,-1643,-1500,-1800,43.600833333333334,5.980000000000001,0 days 00:10:00,True,44,-1642.0,-1650.0,-1647.0,-1652.0,-1654.0,-1652.0,BELOW
2026-08-22 21:20:55,29.01,77.15,0.75,43.56,0.76,313.9,0.84,43.67,0.82,227.31,0.08,42.35,0.08,327.66,0.31,43.9,0.3,220.96,0.79,43.79,0.8,133.5,0.46,42.93,0.47,103.25,0.32,43.73,0.33,132.06,0.41,43.79,0.41,180.55,0.54,43.1,0.54,82.32,0.91,43.73,0.93,282.97,0.18,43.15,0.18,327.66,0.35,43.96,0.34,163.99,-1638,-1500,-1800,43.47166666666667,5.96,0 days 00:10:00,True,44,-1643.0,-1642.0,-1650.0,-1647.0,-1652.0,-1654.0,BELOW
2026-08-22 21:30:55,28.31,77.7,0.75,43.84,0.73,154.47,0.84,43.73,0.81,210.09,0.08,42.46,0.08,327.66,0.31,43.9,0.31,207.76,0.79,43.44,0.76,162.26,0.46,43.5,0.47,86.63,0.32,43.9,0.31,113.17,0.41,43.56,0.41,206.14,0.54,43.1,0.55,83.95,0.91,43.79,0.88,327.66,0.18,43.27,0.18,327.66,0.35,43.73,0.35,192.58,-1635,-1500,-1800,43.51833333333334,5.84,0 days 00:10:00,True,44,-1638.0,-1643.0,-1642.0,-1650.0,-1647.0,-1652.0,BELOW
2026-08-22 21:40:54,28.63,77.48,0.75,43.79,0.78,157.76,0.84,44.07,0.81,162.28,0.08,42.46,0.08,327.66,0.31,43.84,0.3,231.71,0.79,43.56,0.8,150.31,0.46,42.98,0.46,102.47,0.32,43.56,0.33,158.75,0.41,43.5,0.42,188.95,0.54,43.1,0.56,83.84,0.91,44.3,0.92,234.14,0.18,43.44,0.18,196.51,0.35,43.73,0.36,171.18,-1639,-1500,-1800,43.5275,6.000000000000001,0 days 00:09:59,True,44,-1635.0,-1638.0,-1643.0,-1642.0,-1650.0,-1647.0,BELOW
2026-08-22 21:50:54,28.47,78.4,0.75,43.56,0.72,168.65,0.84,44.07,0.87,164.41,0.08,42.58,0.08,327.66,0.31,44.02,0.3,214.73,0.79,43.44,0.76,174.12,0.46,43.44,0.45,81.4,0.32,43.56,0.33,156.95,0.41,43.67,0.42,177.54,0.54,42.64,0.53,82.43,0.91,43.84,0.93,283.72,0.18,43.1,0.18,284.69,0.35,44.02,0.36,160.42,-1637,-1500,-1800,43.495000000000005,5.93,0 days 00:10:00,True,44,-1639.0,-1635.0,-1638.0,-1643.0,-1642.0,-1650.0,BELOW
2026-08-22 22:10:55,27.83,78.31,0.75,43.33,0.78,208.15,0.84,43.67,0.84,234.71,0.08,42.7,0.08,327.66,0.31,44.02,0.32,190.94,0.79,43.44,0.82,153.25,0.46,43.33,0.46,89.21,0.32,43.56,0.31,153.45,0.41,44.02,0.4,153.17,0.54,43.61,0.53,72.4,0.91,43.73,0.94,301.82,0.18,43.1,0.18,310.57,0.35,44.19,0.36,149.25,-1633,-1500,-1800,43.55833333333334,6.0200000000000005,0 days 00:10:01,True,44,-1635.0,-1637.0,-1639.0,-1635.0,-1638.0,-1643.0,BELOW
2026-08-22 22:20:55,28.37,73.91,0.75,43.27,0.76,208.15,0.84,43.61,0.86,230.49,0.08,42.35,0.08,327.66,0.31,44.25,0.3,194.86,0.79,43.96,0.81,123.18,0.46,42.98,0.45,103.25,0.32,43.9,0.31,125.41,0.41,43.84,0.42,165.72,0.54,43.67,0.52,72.87,0.91,44.12,0.94,254.76,0.18,43.37,0.18,305.71,0.35,43.79,0.36,169.32,-1625,-1500,-1800,43.5925,5.989999999999999,0 days 00:10:00,True,44,-1633.0,-1635.0,-1637.0,-1639.0,-1635.0,-1638.0,BELOW
2026-08-22 22:30:55,27.83,79.01,0.75,43.37,0.76,188.45,0.84,43.67,0.87,223.35,0.08,42.12,0.08,327.66,0.31,43.84,0.31,220.67,0.79,43.84,0.8,133.5,0.46,43.1,0.45,97.05,0.32,43.61,0.33,147.31,0.41,44.07,0.42,141.16,0.54,43.67,0.54,73.65,0.91,43.73,0.94,301.44,0.18,43.1,0.18,297.07,0.35,44.3,0.36,132.53,-1626,-1500,-1800,43.535000000000004,6.04,0 days 00:10:00,True,44,-1625.0,-1633.0,-1635.0,-1637.0,-1639.0,-1635.0,BELOW
2026-08-22 22:40:55,27.62,80.23,0.75,43.67,0.75,195.3,0.84,43.73,0.87,216.65,0.08,42.41,0.08,327.66,0.31,44.3,0.3,167.01,0.79,43.67,0.78,152.17,0.46,42.93,0.45,99.93,0.32,43.84,0.31,126.38,0.41,43.84,0.41,161.66,0.54,43.67,0.52,79.47,0.91,44.3,0.94,246.46,0.18,43.67,0.18,219.81,0.35,43.67,0.35,173.32,-1620,-1500,-1800,43.64166666666668,5.9399999999999995,0 days 00:10:00,True,44,-1626.0,-1625.0,-1633.0,-1635.0,-1637.0,-1639.0,BELOW
2026-08-22 22:50:55,27.35,80.08,0.75,43.27,0.72,190.56,0.84,43.96,0.85,202.28,0.08,42.24,0.08,327.66,0.31,44.02,0.31,208.59,0.79,43.96,0.78,121.36,0.46,42.93,0.45,97.09,0.32,43.56,0.31,153.45,0.41,43.9,0.4,137.83,0.54,43.56,0.55,74.25,0.91,44.3,0.92,246.46,0.18,43.67,0.18,209.82,0.35,43.67,0.34,177.54,-1615,-1500,-1800,43.586666666666666,5.89,0 days 00:10:00,True,44,-1620.0,-1626.0,-1625.0,-1633.0,-1635.0,-1637.0,BELOW
2026-08-22 23:00:54,27.72,80.81,0.75,43.44,0.74,208.71,0.84,43.56,0.86,230.49,0.08,42.24,0.08,327.66,0.31,44.02,0.3,218.08,0.79,43.67,0.81,138.66,0.46,43.04,0.45,100.48,0.32,43.67,0.32,144.44,0.41,43.73,0.42,185.12,0.54,43.67,0.52,68.54,0.91,44.3,0.92,242.21,0.18,43.67,0.18,162.91,0.35,43.61,0.34,170.73,-1614,-1500,-1800,43.55166666666668,5.9399999999999995,0 days 00:09:59,True,44,-1615.0,-1620.0,-1626.0,-1625.0,-1633.0,-1635.0,BELOW
2026-08-22 23:10:54,27.46,80.05,0.75,43.33,0.72,208.15,0.84,43.67,0.87,219.81,0.08,42.41,0.08,327.66,0.31,44.07,0.32,205.51,0.79,43.79,0.81,129.59,0.46,43.56,0.46,85.25,0.32,43.56,0.31,148.31,0.41,43.73,0.41,175.51,0.54,43.37,0.52,79.51,0.91,44.12,0.92,254.1,0.18,43.44,0.18,158.33,0.35,44.19,0.36,138.91,-1622,-1500,-1800,43.60333333333333,5.96,0 days 00:10:00,True,44,-1614.0,-1615.0,-1620.0,-1626.0,-1625.0,-1633.0,BELOW
2026-08-22 23:20:54,27.14,81.24,0.75,43.5,0.74,197.3,0.84,43.61,0.81,223.06,0.08,42.58,0.08,327.66,0.31,44.07,0.32,194.1,0.79,43.56,0.82,153.45,0.46,43.37,0.46,87.62,0.32,43.5,0.32,146.73,0.41,43.61,0.42,177.3,0.54,43.04,0.54,82.71,0.91,44.25,0.93,241.9,0.18,43.5,0.18,215.79,0.35,44.25,0.34,141.72,-1619,-1500,-1800,43.57,5.959999999999999,0 days 00:10:00,True,44,-1622.0,-1614.0,-1615.0,-1620.0,-1626.0,-1625.0,BELOW
2026-08-22 23:30:55,26.98,81.05,0.75,43.61,0.75,200.69,0.84,43.79,0.86,207.23,0.08,42.7,0.08,327.66,0.31,44.48,0.3,178.51,0.79,43.5,0.82,145.19,0.46,43.1,0.46,92.46,0.32,43.67,0.33,148.89,0.41,43.67,0.42,184.64,0.54,43.1,0.55,82.82,0.91,44.25,0.88,233.83,0.18,43.67,0.18,181.97,0.35,44.25,0.36,143.16,-1623,-1500,-1800,43.64916666666667,5.99,0 days 00:10:01,True,44,-1619.0,-1622.0,-1614.0,-1615.0,-1620.0,-1626.0,BELOW
2026-08-22 23:40:55,27.08,81.6,0.75,43.79,0.77,165.29,0.84,43.9,0.86,309.75,0.08,42.58,0.08,327.66,0.31,44.02,0.31,217.79,0.79,43.33,0.77,176.37,0.46,43.56,0.45,85.25,0.32,43.96,0.33,117.13,0.41,43.56,0.42,184.15,0.54,43.15,0.52,84.58,0.91,44.07,0.88,268.75,0.18,43.5,0.18,237.81,0.35,44.07,0.34,183.65,-1617,-1500,-1800,43.62416666666667,5.909999999999999,0 days 00:10:00,True,44,-1623.0,-1619.0,-1622.0,-1614.0,-1615.0,-1620.0,BELOW
2026-08-22 23:50:55,27.46,79.16,0.75,43.27,0.77,228.67,0.84,44.07,0.86,179.17,0.08,42.24,0.08,327.66,0.31,44.25,0.3,212.58,0.79,43.5,0.81,166.18,0.46,43.27,0.45,93.32,0.32,43.9,0.32,122.11,0.41,44.25,0.42,146.33,0.54,43.15,0.54,83.04,0.91,43.73,0.93,282.97,0.18,43.1,0.18,297.07,0.35,44.19,0.34,149.06,-1609,-1500,-1800,43.576666666666675,5.999999999999999,0 days 00:10:00,True,44,-1617.0,-1623.0,-1619.0,-1622.0,-1614.0,-1615.0,TARGET
2026-08-23 00:00:55,26.98,81.7,0.75,43.37,0.78,190.81,0.84,43.5,0.81,219.23,0.08,42.46,0.08,327.66,0.31,44.02,0.32,205.25,0.79,43.37,0.81,161.84,0.46,43.33,0.47,86.4,0.32,43.73,0.33,133.33,0.41,44.02,0.42,150.08,0.54,43.61,0.55,73.17,0.91,43.73,0.89,315.54,0.18,43.15,0.18,297.87,0.35,44.25,0.34,141.72,-1602,-1500,-1800,43.544999999999995,5.9799999999999995,0 days 00:10:00,True,44,-1609.0,-1617.0,-1623.0,-1619.0,-1622.0,-1614.0,TARGET
2026-08-23 00:10:54,26.76,82.15,0.75,43.33,0.73,236.87,0.84,43.67,0.82,234.4,0.08,42.41,0.08,327.66,0.31,43.96,0.31,258.47,0.79,43.96,0.78,123.35,0.46,43.1,0.45,98.31,0.32,44.07,0.31,117.43,0.41,43.79,0.4,178.0,0.54,43.73,0.54,72.68,0.91,43.84,0.89,283.72,0.18,43.21,0.18,291.53,0.35,44.02,0.36,162.5,-1612,-1500,-1800,43.590833333333336,5.85,0 days 00:09:59,True,44,-1602.0,-1609.0,-1617.0,-1623.0,-1619.0,-1622.0,BELOW
2026-08-23 00:20:54,26.44,82.49,0.75,43.33,0.75,211.08,0.84,43.61,0.81,246.96,0.08,42.46,0.08,327.66,0.31,44.36,0.31,165.26,0.79,43.84,0.77,127.38,0.46,43.04,0.46,95.43,0.32,43.84,0.32,133.67,0.41,43.96,0.42,154.87,0.54,43.1,0.53,90.38,0.91,44.19,0.89,226.0,0.18,43.56,0.18,186.64,0.35,43.61,0.34,184.39,-1608,-1500,-1800,43.574999999999996,5.859999999999999,0 days 00:10:00,True,44,-1612.0,-1602.0,-1609.0,-1617.0,-1623.0,-1619.0,TARGET
2026-08-23 00:30:55,26.6,82.73,0.75,43.27,0.72,224.92,0.84,43.56,0.87,234.09,0.08,42.52,0.08,327.66,0.31,44.3,0.31,175.6,0.79,43.5,0.79,156.73,0.46,42.87,0.47,103.11,0.32,43.84,0.31,123.96,0.41,43.73,0.42,184.87,0.54,43.44,0.53,77.37,0.91,44.3,0.91,292.29,0.18,43.67,0.18,219.51,0.35,43.61,0.36,182.21,-1600,-1500,-1800,43.55083333333334,5.95,0 days 00:10:01,True,44,-1608.0,-1612.0,-1602.0,-1609.0,-1617.0,-1623.0,TARGET
2026-08-23 00:40:55,26.6,82.4,0.75,43.44,0.75,202.57,0.84,43.56,0.87,230.49,0.08,42.35,0.08,327.66,0.31,44.02,0.3,202.54,0.79,43.84,0.79,127.71,0.46,42.98,0.46,101.71,0.32,43.61,0.31,145.75,0.41,43.79,0.41,175.75,0.54,43.04,0.55,83.61,0.91,44.19,0.93,327.66,0.18,43.5,0.18,162.48,0.35,43.73,0.35,171.18,-1607,-1500,-1800,43.50416666666667,5.9799999999999995,0 days 00:10:00,True,44,-1600.0,-1608.0,-1612.0,-1602.0,-1609.0,-1617.0,TARGET
2026-08-23 00:50:55,26.44,83.01,0.75,43.61,0.74,189.2,0.84,43.73,0.86,210.09,0.08,42.7,0.08,327.66,0.31,44.36,0.32,173.66,0.79,43.44,0.79,151.56,0.46,42.87,0.45,104.56,0.32,43.67,0.32,141.3,0.41,43.9,0.4,163.76,0.54,43.21,0.55,78.64,0.91,43.61,0.93,294.63,0.18,43.1,0.18,325.37,0.35,44.19,0.36,138.73,-1600,-1500,-1800,43.532500000000006,5.9799999999999995,0 days 00:10:00,True,44,-1607.0,-1600.0,-1608.0,-1612.0,-1602.0,-1609.0,TARGET
2026-08-23 01:00:56,26.39,83.98,0.75,43.79,0.74,163.34,0.84,43.84,0.81,217.51,0.08,42.29,0.08,327.66,0.31,43.9,0.32,217.79,0.79,43.67,0.8,144.25,0.46,43.44,0.45,83.99,0.32,43.5,0.32,150.12,0.41,43.9,0.4,143.7,0.54,43.61,0.55,69.83,0.91,44.12,0.89,259.47,0.18,43.56,0.18,234.4,0.35,44.12,0.36,135.67,-1598,-1500,-1800,43.645,5.8999999999999995,0 days 00:10:01,True,44,-1600.0,-1607.0,-1600.0,-1608.0,-1612.0,-1602.0,TARGET
2026-08-23 01:10:55,26.34,83.77,0.75,43.61,0.78,189.7,0.84,44.19,0.86,206.06,0.08,42.64,0.08,327.66,0.31,44.12,0.32,186.58,0.79,43.73,0.78,144.44,0.46,43.37,0.45,85.33,0.32,43.56,0.31,148.5,0.41,43.9,0.41,165.72,0.54,43.33,0.56,80.33,0.91,43.61,0.94,276.59,0.18,43.04,0.18,296.68,0.35,44.12,0.34,157.42,-1602,-1500,-1800,43.60166666666666,6.01,0 days 00:09:59,True,44,-1598.0,-1600.0,-1607.0,-1600.0,-1608.0,-1612.0,TARGET
2026-08-23 01:20:54,26.66,83.59,0.75,43.27,0.73,204.78,0.84,43.84,0.87,193.34,0.08,42.46,0.08,327.66,0.31,44.02,0.3,214.73,0.79,43.73,0.76,134.62,0.46,43.1,0.47,100.48,0.32,43.44,0.31,149.92,0.41,44.12,0.4,145.75,0.54,43.44,0.52,79.15,0.91,43.79,0.91,247.61,0.18,43.27,0.18,253.74,0.35,43.67,0.35,182.21,-1594,-1500,-1800,43.512499999999996,5.879999999999999,0 days 00:09:59,True,44,-1602.0,-1598.0,-1600.0,-1607.0,-1600.0,-1608.0,TARGET
2026-08-23 01:30:54,26.76,83.19,0.75,43.61,0.77,158.95,0.84,43.67,0.82,261.28,0.08,42.41,0.08,327.66,0.31,44.36,0.31,177.83,0.79,43.73,0.81,134.8,0.46,43.33,0.46,85.33,0.32,44.25,0.32,117.28,0.41,44.07,0.41,135.67,0.54,43.67,0.53,72.11,0.91,44.25,0.89,238.11,0.18,43.61,0.18,187.12,0.35,44.02,0.34,147.11,-1591,-1500,-1800,43.748333333333335,5.919999999999999,0 days 00:10:00,True,44,-1594.0,-1602.0,-1598.0,-1600.0,-1607.0,-1600.0,TARGET
2026-08-23 01:40:55,26.92,83.8,0.75,43.37,0.72,199.37,0.84,43.9,0.84,182.93,0.08,42.41,0.08,327.66,0.31,43.79,0.31,210.37,0.79,43.96,0.82,129.06,0.46,43.04,0.45,100.48,0.32,43.96,0.31,120.0,0.41,43.56,0.41,188.95,0.54,43.33,0.56,74.26,0.91,44.02,0.88,263.34,0.18,43.37,0.18,245.98,0.35,43.61,0.34,181.97,-1587,-1500,-1800,43.526666666666664,5.8999999999999995,0 days 00:10:01,True,44,-1591.0,-1594.0,-1602.0,-1598.0,-1600.0,-1607.0,ABOVE
2026-08-23 01:50:55,26.98,83.5,0.75,43.33,0.77,202.3,0.84,43.67,0.82,210.09,0.08,42.64,0.08,327.66,0.31,44.02,0.3,202.28,0.79,43.96,0.78,123.35,0.46,42.93,0.45,100.82,0.32,43.61,0.31,145.75,0.41,43.5,0.42,176.83,0.54,43.15,0.56,78.74,0.91,44.07,0.88,237.18,0.18,43.5,0.18,202.84,0.35,43.79,0.35,163.34,-1593,-1500,-1800,43.51416666666666,5.8999999999999995,0 days 00:10:00,True,44,-1587.0,-1591.0,-1594.0,-1602.0,-1598.0,-1600.0,TARGET
2026-08-23 02:00:55,26.76,83.83,0.75,43.44,0.74,194.01,0.84,43.67,0.84,213.04,0.08,42.46,0.08,327.66,0.31,44.48,0.32,174.11,0.79,43.27,0.76,161.41,0.46,43.27,0.45,91.47,0.32,43.9,0.32,119.13,0.41,43.79,0.41,165.07,0.54,43.27,0.55,79.86,0.91,44.3,0.94,234.14,0.18,43.73,0.18,206.96,0.35,44.07,0.36,137.19,-1591,-1500,-1800,43.637499999999996,5.95,0 days 00:10:00,True,44,-1593.0,-1587.0,-1591.0,-1594.0,-1602.0,-1598.0,TARGET
2026-08-23 03:20:55,27.14,82.86,0.75,43.61,0.74,168.65,0.84,43.96,0.86,165.94,0.08,42.64,0.08,327.66,0.31,44.07,0.31,186.09,0.79,43.44,0.82,154.76,0.46,43.44,0.46,81.99,0.32,43.67,0.32,161.01,0.41,44.07,0.42,144.25,0.54,43.15,0.52,77.75,0.91,44.19,0.88,237.49,0.18,43.61,0.18,189.45,0.35,44.02,0.35,151.7,-1571,-1500,-1800,43.655833333333334,5.939999999999999,0 days 00:10:00,True,44,-1579.0,-1580.0,-1577.0,-1577.0,-1582.0,-1585.0,ABOVE
2026-08-23 04:10:55,27.03,83.47,0.75,43.44,0.75,196.78,0.84,43.84,0.85,190.44,0.08,42.58,0.08,327.66,0.31,44.12,0.32,188.86,0.79,43.44,0.8,172.19,0.46,42.98,0.45,106.48,0.32,43.96,0.32,116.31,0.41,44.02,0.41,142.42,0.54,43.1,0.56,82.32,0.91,43.67,0.93,307.72,0.18,43.04,0.18,317.38,0.35,43.73,0.35,165.07,-1576,-1500,-1800,43.49333333333334,5.999999999999999,0 days 00:10:00,True,44,-1580.0,-1580.0,-1579.0,-1582.0,-1571.0,-1579.0,ABOVE
2026-08-23 04:40:54,27.08,83.31,0.75,43.44,0.72,178.65,0.84,43.5,0.83,222.47,0.08,42.35,0.08,327.66,0.31,44.48,0.31,163.99,0.79,43.73,0.82,137.11,0.46,42.93,0.46,103.25,0.32,43.61,0.33,157.14,0.41,44.07,0.4,144.06,0.54,43.33,0.53,78.06,0.91,43.9,0.92,278.41,0.18,43.27,0.18,269.03,0.35,43.56,0.34,172.64,-1573,-1500,-1800,43.514166666666654,5.919999999999999,0 days 00:09:59,True,44,-1575.0,-1579.0,-1576.0,-1580.0,-1580.0,-1579.0,ABOVE
2026-08-23 05:00:55,27.14,80.54,0.75,43.67,0.73,177.3,0.84,44.19,0.82,170.65,0.08,42.46,0.08,327.66,0.31,44.42,0.3,180.57,0.79,43.73,0.82,121.46,0.46,42.98,0.47,104.7,0.32,44.07,0.33,115.64,0.41,43.84,0.41,171.41,0.54,43.15,0.53,82.43,0.91,44.25,0.88,286.32,0.18,43.61,0.18,230.49,0.35,43.67,0.34,177.76,-1570,-1500,-1800,43.669999999999995,5.89,0 days 00:10:01,True,44,-1574.0,-1573.0,-1575.0,-1579.0,-1576.0,-1580.0,ABOVE
2026-08-23 05:10:55,27.08,80.29,0.75,43.44,0.78,193.76,0.84,43.96,0.81,185.61,0.08,42.29,0.08,327.66,0.31,44.3,0.31,185.08,0.79,43.73,0.8,142.95,0.46,42.98,0.45,100.21,0.32,43.56,0.32,151.76,0.41,44.02,0.41,162.5,0.54,43.21,0.54,79.54,0.91,44.02,0.88,284.84,0.18,43.37,0.18,245.65,0.35,43.73,0.35,178.0,-1574,-1500,-1800,43.55083333333332,5.909999999999999,0 days 00:10:00,True,44,-1570.0,-1574.0,-1573.0,-1575.0,-1579.0,-1576.0,ABOVE
2026-08-23 05:20:55,26.66,82.92,0.75,43.56,0.75,192.08,0.84,43.84,0.84,220.67,0.08,42.24,0.08,327.66,0.31,43.96,0.31,218.08,0.79,43.67,0.81,141.3,0.46,43.5,0.47,83.09,0.32,43.44,0.32,162.26,0.41,44.07,0.42,146.92,0.54,43.37,0.55,77.82,0.91,44.12,0.89,327.66,0.18,43.5,0.18,162.26,0.35,44.12,0.35,134.55,-1572,-1500,-1800,43.615833333333335,5.969999999999999,0 days 00:10:00,True,44,-1574.0,-1570.0,-1574.0,-1573.0,-1575.0,-1579.0,ABOVE
2026-08-23 05:30:55,26.71,83.28,0.75,43.61,0.74,162.48,0.84,43.84,0.83,196.07,0.08,42.41,0.08,327.66,0.31,44.42,0.3,169.69,0.79,44.02,0.81,131.67,0.46,43.27,0.46,91.34,0.32,43.5,0.33,156.73,0.41,44.12,0.42,144.25,0.54,43.67,0.53,68.79,0.91,43.79,0.92,302.22,0.18,43.15,0.18,304.09,0.35,44.25,0.35,140.3,-1576,-1500,-1800,43.67083333333334,5.949999999999999,0 days 00:10:00,True,44,-1572.0,-1574.0,-1570.0,-1574.0,-1573.0,-1575.0,ABOVE
2026-08-23 05:40:55,26.76,83.62,0.75,43.56,0.73,197.3,0.84,43.96,0.85,180.79,0.08,42.58,0.08,327.66,0.31,44.42,0.3,167.67,0.79,43.84,0.77,131.14,0.46,42.93,0.45,102.34,0.32,43.61,0.33,150.31,0.41,43.56,0.42,194.53,0.54,43.56,0.55,71.1,0.91,43.73,0.94,327.66,0.18,43.15,0.18,311.0,0.35,43.9,0.34,165.94,-1571,-1500,-1800,43.56666666666667,5.9399999999999995,0 days 00:10:00,True,44,-1576.0,-1572.0,-1574.0,-1570.0,-1574.0,-1573.0,ABOVE
2026-08-23 05:50:54,26.82,83.01,0.75,43.5,0.77,194.26,0.84,43.9,0.81,204.72,0.08,42.52,0.08,327.66,0.31,44.3,0.31,195.37,0.79,43.96,0.79,124.45,0.46,43.5,0.47,81.99,0.32,44.02,0.32,115.35,0.41,43.79,0.42,173.32,0.54,43.5,0.54,72.11,0.91,44.12,0.88,259.13,0.18,43.37,0.18,208.71,0.35,44.19,0.35,149.06,-1571,-1500,-1800,43.722500000000004,5.919999999999999,0 days 00:09:59,True,44,-1571.0,-1576.0,-1572.0,-1574.0,-1570.0,-1574.0,ABOVE
2026-08-23 07:10:54,27.56,81.39,0.75,43.56,0.72,179.12,0.84,43.56,0.87,242.31,0.08,42.58,0.08,327.66,0.31,44.02,0.31,196.32,0.79,43.73,0.8,132.06,0.46,43.15,0.46,95.02,0.32,44.02,0.31,119.13,0.41,43.56,0.41,184.15,0.54,43.5,0.54,73.46,0.91,43.73,0.91,322.47,0.18,42.93,0.18,295.5,0.35,43.9,0.34,182.93,-1590,-1500,-1800,43.52,5.93,0 days 00:10:00,True,45,-1588.0,-1580.0,-1577.0,-1573.0,-1578.0,-1580.0,TARGET
2026-08-23 07:20:55,27.67,80.63,0.75,43.73,0.72,213.32,0.84,43.84,0.85,195.55,0.08,42.7,0.08,327.66,0.31,44.07,0.3,196.58,0.79,43.67,0.8,145.75,0.46,43.04,0.45,101.84,0.32,44.02,0.31,112.56,0.41,43.79,0.4,167.5,0.54,43.44,0.56,75.58,0.91,44.25,0.93,311.78,0.18,43.61,0.18,209.54,0.35,43.61,0.36,164.64,-1591,-1500,-1800,43.6475,5.94,0 days 00:10:01,True,45,-1590.0,-1588.0,-1580.0,-1577.0,-1573.0,-1578.0,TARGET
2026-08-23 07:30:55,28.1,79.22,0.75,43.79,0.75,157.56,0.84,44.02,0.82,196.58,0.08,42.52,0.08,327.66,0.31,44.48,0.3,158.45,0.79,43.33,0.79,159.75,0.46,43.56,0.47,81.12,0.32,43.44,0.33,158.53,0.41,43.96,0.4,156.81,0.54,43.1,0.55,85.93,0.91,44.02,0.91,236.25,0.18,43.44,0.18,241.35,0.35,44.19,0.36,140.12,-1593,-1500,-1800,43.65416666666666,5.94,0 days 00:10:00,True,45,-1591.0,-1590.0,-1588.0,-1580.0,-1577.0,-1573.0,TARGET
2026-08-23 07:40:55,28.47,78.7,0.75,43.79,0.75,157.76,0.84,44.07,0.84,174.46,0.08,42.58,0.08,327.66,0.31,44.42,0.32,190.33,0.79,43.67,0.8,150.51,0.46,43.1,0.45,97.48,0.32,43.44,0.32,136.2,0.41,44.02,0.4,162.08,0.54,43.27,0.56,82.15,0.91,44.19,0.93,241.58,0.18,43.56,0.18,219.51,0.35,43.27,0.35,165.08,-1597,-1500,-1800,43.615,5.979999999999999,0 days 00:10:00,True,45,-1593.0,-1591.0,-1590.0,-1588.0,-1580.0,-1577.0,TARGET
2026-08-23 07:50:55,28.9,77.64,0.75,43.73,0.78,180.08,0.84,44.02,0.86,199.39,0.08,42.58,0.08,327.66,0.31,44.36,0.3,177.83,0.79,43.79,0.76,132.23,0.46,43.04,0.47,103.25,0.32,43.56,0.33,148.5,0.41,43.73,0.42,173.1,0.54,43.5,0.56,71.46,0.91,43.96,0.93,232.01,0.18,43.37,0.18,217.78,0.35,44.12,0.34,141.34,-1597,-1500,-1800,43.64666666666667,6.01,0 days 00:10:00,True,45,-1597.0,-1593.0,-1591.0,-1590.0,-1588.0,-1580.0,TARGET
2026-08-23 08:00:55,29.06,76.17,0.75,43.79,0.77,180.31,0.84,43.96,0.85,191.19,0.08,42.64,0.08,327.66,0.31,44.48,0.3,162.09,0.79,43.84,0.81,139.02,0.46,43.37,0.46,88.75,0.32,44.02,0.31,111.64,0.41,44.12,0.41,144.25,0.54,43.67,0.56,70.19,0.91,43.73,0.92,315.13,0.18,43.1,0.18,317.81,0.35,43.9,0.35,156.2,-1601,-1500,-1800,43.718333333333334,6.0,0 days 00:10:00,True,45,-1597.0,-1597.0,-1593.0,-1591.0,-1590.0,-1588.0,TARGET
2026-08-23 08:10:54,29.59,75.1,0.75,43.73,0.75,175.51,0.84,44.07,0.82,186.58,0.08,42.58,0.08,327.66,0.31,44.02,0.3,208.32,0.79,43.56,0.8,148.5,0.46,43.21,0.46,95.15,0.32,43.61,0.31,139.5,0.41,43.73,0.42,167.06,0.54,43.56,0.52,77.25,0.91,44.02,0.88,279.13,0.18,43.37,0.18,269.74,0.35,44.12,0.34,145.75,-1603,-1500,-1800,43.63166666666667,5.859999999999999,0 days 00:09:59,True,45,-1601.0,-1597.0,-1597.0,-1593.0,-1591.0,-1590.0,TARGET
2026-08-23 08:20:55,30.18,73.58,0.75,43.37,0.75,215.23,0.84,44.02,0.82,186.09,0.08,42.64,0.08,327.66,0.31,44.48,0.31,165.92,0.79,43.96,0.81,120.16,0.46,42.93,0.46,103.89,0.32,43.5,0.31,153.25,0.41,44.12,0.41,144.25,0.54,43.79,0.52,73.36,0.91,44.42,0.89,223.57,0.18,43.73,0.18,189.95,0.35,43.79,0.36,144.44,-1604,-1500,-1800,43.729166666666664,5.9,0 days 00:10:01,True,45,-1603.0,-1601.0,-1597.0,-1597.0,-1593.0,-1591.0,TARGET
2026-08-23 08:30:55,30.66,72.39,0.75,43.79,0.77,159.8,0.84,43.67,0.85,230.79,0.08,42.46,0.08,327.66,0.31,44.02,0.31,244.86,0.79,43.56,0.79,142.2,0.46,43.21,0.46,97.87,0.32,43.9,0.33,127.54,0.41,43.9,0.4,156.41,0.54,43.56,0.56,75.97,0.91,44.25,0.89,226.29,0.18,43.67,0.18,194.78,0.35,43.67,0.36,177.54,-1610,-1500,-1800,43.63833333333333,5.98,0 days 00:10:00,True,45,-1604.0,-1603.0,-1601.0,-1597.0,-1597.0,-1593.0,TARGET
2026-08-23 08:40:55,31.09,71.5,0.75,43.9,0.77,158.19,0.84,44.12,0.86,174.92,0.08,42.35,0.08,327.66,0.31,44.36,0.3,178.06,0.79,43.84,0.82,127.54,0.46,43.37,0.45,90.03,0.32,43.73,0.32,137.47,0.41,43.9,0.41,165.72,0.54,43.79,0.56,69.07,0.91,44.3,0.92,246.46,0.18,43.61,0.18,223.06,0.35,43.84,0.36,167.72,-1613,-1500,-1800,43.759166666666665,6.03,0 days 00:10:00,True,45,-1610.0,-1604.0,-1603.0,-1601.0,-1597.0,-1597.0,BELOW
2026-08-23 08:50:55,31.68,70.49,0.75,43.67,0.74,189.7,0.84,44.12,0.84,177.12,0.08,42.7,0.08,327.66,0.31,44.48,0.32,169.69,0.79,43.73,0.76,131.87,0.46,43.37,0.46,83.37,0.32,43.5,0.32,153.25,0.41,43.9,0.4,190.69,0.54,43.5,0.56,73.76,0.91,44.19,0.88,327.66,0.18,43.56,0.18,270.44,0.35,44.3,0.34,139.09,-1609,-1500,-1800,43.751666666666665,5.88,0 days 00:10:00,True,45,-1613.0,-1610.0,-1604.0,-1603.0,-1601.0,-1597.0,TARGET
2026-08-23 09:00:55,31.68,69.58,0.75,43.27,0.74,178.42,0.84,44.02,0.81,202.28,0.08,42.7,0.08,327.66,0.31,44.48,0.3,190.58,0.79,43.73,0.79,147.5,0.46,43.21,0.45,98.57,0.32,43.73,0.31,140.06,0.41,44.12,0.4,142.78,0.54,43.44,0.53,79.26,0.91,44.3,0.89,250.86,0.18,43.61,0.18,203.64,0.35,44.25,0.34,143.16,-1611,-1500,-1800,43.73833333333334,5.819999999999999,0 days 00:10:00,True,45,-1609.0,-1613.0,-1610.0,-1604.0,-1603.0,-1601.0,BELOW
2026-08-23 09:10:55,32.75,66.28,0.75,43.84,0.77,140.42,0.84,43.61,0.86,177.54,0.08,42.41,0.08,327.66,0.31,44.53,0.32,168.32,0.79,43.73,0.82,142.95,0.46,43.5,0.45,80.08,0.32,43.96,0.33,124.45,0.41,44.07,0.4,148.67,0.54,43.67,0.53,72.87,0.91,44.42,0.91,230.9,0.18,43.73,0.18,189.95,0.35,43.79,0.34,150.91,-1607,-1500,-1800,43.77166666666667,5.99,0 days 00:10:00,True,45,-1611.0,-1609.0,-1613.0,-1610.0,-1604.0,-1603.0,TARGET
2026-08-23 09:20:55,33.33,64.75,0.75,43.56,0.74,197.3,0.84,44.12,0.83,170.65,0.08,42.52,0.08,327.66,0.31,44.3,0.31,189.84,0.79,43.96,0.76,124.45,0.46,43.15,0.46,96.23,0.32,43.9,0.32,116.98,0.41,43.79,0.41,261.97,0.54,43.21,0.55,83.66,0.91,44.25,0.9,259.82,0.18,43.56,0.18,230.19,0.35,44.19,0.36,145.95,-1618,-1500,-1800,43.70916666666667,5.9,0 days 00:10:00,True,45,-1607.0,-1611.0,-1609.0,-1613.0,-1610.0,-1604.0,BELOW
2026-08-23 09:30:55,33.49,63.26,0.75,43.73,0.78,170.96,0.84,43.79,0.81,210.37,0.08,42.41,0.08,327.66,0.31,44.3,0.3,180.34,0.79,43.9,0.82,128.89,0.46,43.79,0.45,84.14,0.32,43.67,0.32,137.11,0.41,44.02,0.41,160.42,0.54,43.1,0.55,83.95,0.91,44.07,0.94,259.13,0.18,43.5,0.18,202.84,0.35,44.19,0.34,152.5,-1621,-1500,-1800,43.70583333333334,5.98,0 days 00:10:00,True,45,-1618.0,-1607.0,-1611.0,-1609.0,-1613.0,-1610.0,BELOW
2026-08-23 09:40:55,31.73,66.43,0.75,43.84,0.73,157.98,0.84,44.02,0.85,186.09,0.08,42.52,0.08,327.66,0.31,44.48,0.32,180.81,0.79,43.61,0.79,192.08,0.46,43.37,0.45,89.21,0.32,44.07,0.32,118.28,0.41,44.12,0.42,144.06,0.54,43.44,0.56,79.15,0.91,44.3,0.89,250.86,0.18,43.73,0.18,206.96,0.35,43.9,0.35,122.11,-1617,-1500,-1800,43.78333333333334,5.9399999999999995,0 days 00:10:00,True,45,-1621.0,-1618.0,-1607.0,-1611.0,-1609.0,-1613.0,BELOW
2026-08-23 09:50:55,31.89,66.01,0.75,43.9,0.78,160.0,0.84,44.19,0.81,161.05,0.08,42.41,0.08,327.66,0.31,44.59,0.3,168.11,0.79,43.9,0.76,137.83,0.46,43.21,0.46,94.49,0.32,43.67,0.32,142.56,0.41,43.9,0.4,167.72,0.54,43.79,0.52,67.97,0.91,43.96,0.93,296.96,0.18,43.33,0.18,275.13,0.35,44.12,0.35,144.25,-1615,-1500,-1800,43.747499999999995,5.889999999999999,0 days 00:10:00,True,45,-1617.0,-1621.0,-1618.0,-1607.0,-1611.0,-1609.0,BELOW
2026-08-23 10:00:55,31.25,67.99,0.75,43.44,0.72,255.09,0.84,44.19,0.83,172.76,0.08,42.58,0.08,327.66,0.31,44.36,0.3,195.37,0.79,43.96,0.76,122.27,0.46,43.27,0.46,96.62,0.32,44.3,0.32,118.05,0.41,44.07,0.42,148.67,0.54,43.61,0.54,73.65,0.91,43.84,0.91,316.38,0.18,43.21,0.18,297.87,0.35,44.07,0.35,148.67,-1625,-1500,-1800,43.74166666666667,5.869999999999999,0 days 00:10:00,True,45,-1615.0,-1617.0,-1621.0,-1618.0,-1607.0,-1611.0,BELOW
2026-08-23 10:10:55,31.57,67.81,0.75,43.5,0.77,188.7,0.84,43.67,0.84,216.37,0.08,42.58,0.08,327.66,0.31,44.3,0.3,206.59,0.79,43.73,0.8,143.14,0.46,43.5,0.45,82.59,0.32,43.79,0.32,127.38,0.41,44.02,0.41,147.11,0.54,43.44,0.55,82.48,0.91,44.07,0.94,264.03,0.18,43.5,0.18,255.43,0.35,44.25,0.34,147.67,-1618,-1500,-1800,43.695833333333326,5.98,0 days 00:10:00,True,45,-1625.0,-1615.0,-1617.0,-1621.0,-1618.0,-1607.0,BELOW
2026-08-23 10:40:55,32.05,66.13,0.75,43.67,0.72,170.73,0.84,44.02,0.83,162.28,0.08,42.58,0.08,327.66,0.31,44.42,0.31,167.46,0.79,43.79,0.81,128.56,0.46,43.33,0.45,94.87,0.32,44.02,0.31,114.55,0.41,43.96,0.42,225.12,0.54,43.21,0.55,85.22,0.91,44.19,0.89,274.74,0.18,43.56,0.18,246.96,0.35,44.02,0.34,166.37,-1643,-1500,-1800,43.73083333333333,5.89,0 days 00:10:00,True,45,-1633.0,-1628.0,-1618.0,-1625.0,-1615.0,-1617.0,BELOW
2026-08-23 10:50:55,31.68,67.41,0.75,43.84,0.74,156.0,0.84,43.9,0.81,201.22,0.08,42.35,0.08,327.66,0.31,44.36,0.31,177.83,0.79,43.73,0.77,150.72,0.46,43.56,0.47,80.65,0.32,43.96,0.31,121.36,0.41,43.79,0.41,180.31,0.54,43.21,0.53,82.65,0.91,43.9,0.91,303.01,0.18,43.33,0.18,280.38,0.35,44.25,0.35,133.62,-1634,-1500,-1800,43.681666666666665,5.869999999999999,0 days 00:10:00,True,45,-1643.0,-1633.0,-1628.0,-1618.0,-1625.0,-1615.0,BELOW
2026-08-23 11:20:55,31.41,66.8,0.75,43.37,0.76,218.36,0.84,44.07,0.87,172.31,0.08,42.41,0.08,327.66,0.31,44.3,0.31,192.44,0.79,43.56,0.76,168.43,0.46,43.37,0.47,91.82,0.32,44.07,0.33,111.8,0.41,43.9,0.42,156.41,0.54,43.67,0.54,70.65,0.91,44.02,0.91,303.41,0.18,43.44,0.18,270.1,0.35,43.9,0.36,172.08,-1637,-1500,-1800,43.673333333333325,5.99,0 days 00:10:00,True,45,-1635.0,-1634.0,-1634.0,-1643.0,-1633.0,-1628.0,BELOW
2026-08-23 12:10:55,34.24,62.1,0.75,43.79,0.74,171.18,0.84,43.73,0.81,227.31,0.08,42.7,0.08,327.66,0.31,44.59,0.32,174.78,0.79,43.67,0.8,157.36,0.46,43.1,0.46,103.52,0.32,43.84,0.33,143.31,0.41,44.19,0.42,144.45,0.54,43.5,0.54,75.06,0.91,43.9,0.89,323.74,0.18,43.15,0.18,304.09,0.35,44.3,0.34,136.39,-1640,-1500,-1800,43.705000000000005,5.909999999999999,0 days 00:10:00,True,45,-1643.0,-1639.0,-1640.0,-1637.0,-1637.0,-1635.0,BELOW
2026-08-23 12:20:55,34.67,60.33,0.75,43.33,0.73,202.04,0.84,44.02,0.86,196.58,0.08,42.52,0.08,327.66,0.31,44.42,0.32,149.84,0.79,43.96,0.79,134.2,0.46,43.61,0.46,82.32,0.32,43.96,0.32,132.75,0.41,44.19,0.4,177.36,0.54,43.79,0.52,76.28,0.91,44.3,0.9,255.42,0.18,43.67,0.18,219.81,0.35,43.84,0.36,173.78,-1637,-1500,-1800,43.80083333333334,5.920000000000001,0 days 00:10:00,True,45,-1640.0,-1643.0,-1639.0,-1640.0,-1637.0,-1637.0,BELOW
2026-08-23 12:30:55,35.1,60.02,0.75,43.61,0.72,194.78,0.84,43.61,0.86,209.54,0.08,42.7,0.08,327.66,0.31,44.42,0.31,176.29,0.79,44.02,0.76,116.31,0.46,43.27,0.46,94.1,0.32,43.67,0.31,149.09,0.41,43.96,0.4,167.94,0.54,43.56,0.52,76.72,0.91,43.84,0.94,284.1,0.18,43.21,0.18,291.53,0.35,44.25,0.35,142.98,-1633,-1500,-1800,43.67666666666668,5.889999999999999,0 days 00:10:00,True,45,-1637.0,-1640.0,-1643.0,-1639.0,-1640.0,-1637.0,BELOW
2026-08-23 14:10:55,37.82,53.58,0.75,43.96,0.72,156.62,0.84,43.96,0.81,210.64,0.08,42.35,0.08,327.66,0.31,44.53,0.31,139.81,0.79,44.02,0.79,123.5,0.46,43.27,0.45,90.86,0.32,44.19,0.33,120.79,0.41,43.73,0.4,189.95,0.54,43.37,0.52,82.87,0.91,43.96,0.92,284.47,0.18,43.27,0.18,285.84,0.35,43.84,0.34,169.54,-1644,-1500,-1800,43.70416666666667,5.85,0 days 00:09:59,True,46,-1636.0,-1646.0,-1648.0,-1644.0,-1642.0,-1645.0,BELOW
2026-08-23 14:20:55,37.5,54.31,0.75,43.84,0.74,190.44,0.84,44.25,0.82,163.14,0.08,42.52,0.08,327.66,0.31,44.53,0.3,162.31,0.79,43.9,0.8,128.89,0.46,43.1,0.45,102.12,0.32,43.84,0.31,140.42,0.41,44.25,0.42,140.3,0.54,43.27,0.56,82.25,0.91,44.02,0.89,274.03,0.18,43.44,0.18,260.25,0.35,44.25,0.34,180.1,-1641,-1500,-1800,43.767500000000005,5.89,0 days 00:10:00,True,46,-1644.0,-1636.0,-1646.0,-1648.0,-1644.0,-1642.0,BELOW
2026-08-23 14:50:56,37.02,54.71,0.75,43.79,0.77,180.31,0.84,44.25,0.83,197.61,0.08,42.46,0.08,327.66,0.31,43.9,0.31,207.76,0.79,44.07,0.79,120.48,0.46,43.21,0.46,111.39,0.32,43.67,0.32,149.09,0.41,43.79,0.4,173.78,0.54,43.37,0.54,78.25,0.91,44.02,0.94,274.03,0.18,43.44,0.18,265.25,0.35,44.12,0.36,162.5,-1641,-1500,-1800,43.67416666666667,5.9799999999999995,0 days 00:10:01,True,46,-1636.0,-1633.0,-1641.0,-1644.0,-1636.0,-1646.0,BELOW
2026-08-23 15:00:56,35.9,56.42,0.75,43.37,0.72,202.3,0.84,44.07,0.86,205.51,0.08,42.64,0.08,327.66,0.31,44.19,0.32,197.61,0.79,43.96,0.76,156.81,0.46,43.56,0.45,79.83,0.32,43.96,0.32,123.35,0.41,44.02,0.41,170.21,0.54,43.33,0.54,80.44,0.91,44.36,0.9,230.29,0.18,43.73,0.18,195.3,0.35,43.9,0.35,172.08,-1638,-1500,-1800,43.75749999999999,5.890000000000001,0 days 00:10:00,True,46,-1641.0,-1636.0,-1633.0,-1641.0,-1644.0,-1636.0,BELOW
2026-08-23 15:10:56,36.38,55.87,0.75,43.96,0.78,188.61,0.84,43.73,0.83,220.1,0.08,42.64,0.08,327.66,0.31,44.19,0.3,184.37,0.79,43.61,0.81,157.14,0.46,43.44,0.45,91.34,0.32,43.56,0.32,150.12,0.41,43.9,0.4,167.94,0.54,43.67,0.54,76.5,0.91,44.19,0.88,279.87,0.18,43.61,0.18,226.42,0.35,44.02,0.34,174.46,-1640,-1500,-1800,43.71,5.909999999999999,0 days 00:10:00,True,46,-1638.0,-1641.0,-1636.0,-1633.0,-1641.0,-1644.0,BELOW
2026-08-23 15:20:56,37.02,54.99,0.75,43.79,0.73,173.55,0.84,44.3,0.87,173.43,0.08,42.7,0.08,327.66,0.31,44.25,0.3,194.86,0.79,43.84,0.78,142.05,0.46,42.98,0.46,116.49,0.32,43.73,0.33,171.41,0.41,44.07,0.4,218.65,0.54,43.1,0.52,81.33,0.91,44.07,0.89,264.03,0.18,43.5,0.18,246.62,0.35,43.96,0.35,158.39,-1637,-1500,-1800,43.69083333333334,5.89,0 days 00:10:00,True,46,-1640.0,-1638.0,-1641.0,-1636.0,-1633.0,-1641.0,BELOW
2026-08-23 15:30:55,37.18,54.74,0.75,43.9,0.73,176.21,0.84,44.19,0.81,218.93,0.08,42.58,0.08,327.66,0.31,44.19,0.3,181.97,0.79,43.79,0.81,147.7,0.46,43.61,0.46,79.93,0.32,44.19,0.32,114.85,0.41,43.96,0.42,156.41,0.54,43.73,0.55,74.94,0.91,44.07,0.88,291.15,0.18,43.44,0.18,265.25,0.35,44.25,0.36,136.03,-1642,-1500,-1800,43.824999999999996,5.9,0 days 00:09:59,True,46,-1637.0,-1640.0,-1638.0,-1641.0,-1636.0,-1633.0,BELOW
2026-08-23 15:40:55,37.23,56.02,0.75,43.37,0.72,208.43,0.84,44.19,0.81,177.36,0.08,42.87,0.08,327.66,0.31,44.42,0.31,167.46,0.79,44.02,0.76,178.94,0.46,43.67,0.47,80.5,0.32,43.96,0.31,123.5,0.41,43.61,0.4,234.4,0.54,43.73,0.56,69.68,0.91,44.3,0.92,242.21,0.18,43.67,0.18,219.51,0.35,44.19,0.36,153.76,-1640,-1500,-1800,43.833333333333336,5.88,0 days 00:10:00,True,46,-1642.0,-1637.0,-1640.0,-1638.0,-1641.0,-1636.0,BELOW
2026-08-23 16:20:56,35.26,59.35,0.75,43.5,0.72,194.26,0.84,43.37,0.84,228.97,0.08,42.52,0.08,327.66,0.31,44.42,0.31,180.57,0.79,43.79,0.81,136.3,0.46,43.21,0.46,97.3,0.32,43.96,0.31,126.71,0.41,44.07,0.41,147.11,0.54,43.61,0.56,74.75,0.91,44.07,0.93,273.66,0.18,43.5,0.18,237.81,0.35,43.73,0.34,175.51,-1637,-1500,-1800,43.645833333333336,5.949999999999999,0 days 00:10:00,True,46,-1641.0,-1641.0,-1641.0,-1640.0,-1642.0,-1637.0,BELOW
2026-08-23 16:40:55,35.58,58.92,0.75,43.61,0.72,192.08,0.84,43.96,0.84,228.51,0.08,42.52,0.08,327.66,0.31,44.02,0.3,196.84,0.79,44.3,0.77,126.23,0.46,43.37,0.46,86.52,0.32,43.96,0.33,132.75,0.41,43.79,0.4,173.32,0.54,43.73,0.53,68.54,0.91,44.36,0.89,270.5,0.18,43.73,0.18,223.65,0.35,44.3,0.34,125.43,-1641,-1500,-1800,43.804166666666674,5.839999999999999,0 days 00:09:59,True,46,-1639.0,-1637.0,-1641.0,-1641.0,-1641.0,-1640.0,BELOW
2026-08-23 17:40:56,36.0,56.88,0.75,43.5,0.74,206.14,0.84,43.79,0.85,207.5,0.08,42.81,0.08,327.66,0.31,44.12,0.3,184.12,0.79,43.56,0.78,151.76,0.46,43.44,0.46,85.98,0.32,43.9,0.32,126.55,0.41,44.02,0.4,138.19,0.54,43.33,0.55,96.07,0.91,44.19,0.9,233.23,0.18,43.61,0.18,197.3,0.35,44.3,0.35,140.48,-1648,-1500,-1800,43.714166666666664,5.909999999999999,0 days 00:10:00,True,46,-1640.0,-1649.0,-1650.0,-1640.0,-1641.0,-1641.0,BELOW
2026-08-23 17:50:56,34.72,59.87,0.75,43.61,0.77,184.64,0.84,43.84,0.81,213.87,0.08,42.58,0.08,327.66,0.31,44.48,0.31,193.19,0.79,43.67,0.82,145.75,0.46,43.15,0.47,96.92,0.32,44.02,0.31,126.88,0.41,43.67,0.42,189.7,0.54,43.73,0.53,70.03,0.91,44.3,0.89,265.41,0.18,43.73,0.18,213.32,0.35,44.36,0.34,132.7,-1644,-1500,-1800,43.76166666666666,5.929999999999999,0 days 00:10:00,True,46,-1648.0,-1640.0,-1649.0,-1650.0,-1640.0,-1641.0,BELOW
2026-08-23 22:00:56,28.95,78.4,0.75,43.9,0.78,161.87,0.84,44.07,0.84,176.9,0.08,42.52,0.08,327.66,0.31,44.36,0.31,171.32,0.79,43.44,0.78,170.06,0.46,42.87,0.47,101.43,0.32,43.9,0.32,122.87,0.41,43.84,0.42,169.76,0.54,42.98,0.56,82.1,0.91,43.67,0.92,294.63,0.18,43.04,0.18,290.37,0.35,43.67,0.34,182.21,-1632,-1500,-1800,43.52166666666667,5.999999999999999,0 days 00:10:01,True,46,-1639.0,-1639.0,-1643.0,-1645.0,-1648.0,-1650.0,BELOW
2026-08-23 22:40:56,28.37,80.14,0.75,43.27,0.76,196.0,0.84,43.73,0.86,200.69,0.08,42.35,0.08,327.66,0.31,43.96,0.31,204.98,0.79,43.44,0.8,162.06,0.46,43.27,0.47,92.07,0.32,43.73,0.32,137.28,0.41,43.27,0.41,211.08,0.54,43.04,0.53,80.75,0.91,43.84,0.88,309.35,0.18,43.27,0.18,254.08,0.35,43.9,0.34,167.72,-1625,-1500,-1800,43.42249999999999,5.9399999999999995,0 days 00:10:00,True,46,-1630.0,-1639.0,-1639.0,-1632.0,-1639.0,-1639.0,BELOW
2026-08-23 22:50:55,28.69,76.78,0.75,43.37,0.77,183.42,0.84,43.61,0.85,226.42,0.08,42.18,0.08,327.66,0.31,44.25,0.31,200.43,0.79,43.44,0.76,166.18,0.46,43.04,0.46,101.22,0.32,43.5,0.31,150.12,0.41,44.12,0.4,148.87,0.54,43.1,0.56,85.41,0.91,44.25,0.92,255.09,0.18,43.61,0.18,234.71,0.35,43.79,0.36,157.76,-1624,-1500,-1800,43.52166666666667,5.96,0 days 00:09:59,True,46,-1625.0,-1630.0,-1639.0,-1639.0,-1632.0,-1639.0,BELOW
2026-08-23 23:00:55,28.21,80.29,0.75,43.96,0.72,174.24,0.84,43.73,0.82,203.64,0.08,42.35,0.08,327.66,0.31,44.48,0.3,160.05,0.79,43.56,0.78,164.64,0.46,42.81,0.46,111.41,0.32,43.5,0.32,140.92,0.41,43.79,0.4,159.59,0.54,43.33,0.56,76.75,0.91,43.73,0.88,301.44,0.18,43.15,0.18,327.66,0.35,43.61,0.36,192.08,-1627,-1500,-1800,43.5,5.859999999999999,0 days 00:10:00,True,46,-1624.0,-1625.0,-1630.0,-1639.0,-1639.0,-1632.0,BELOW
2026-08-23 23:10:56,28.31,78.73,0.75,43.33,0.72,214.65,0.84,44.19,0.84,168.82,0.08,42.24,0.08,327.66,0.31,44.3,0.32,200.95,0.79,43.56,0.76,145.37,0.46,43.27,0.45,93.97,0.32,43.84,0.31,133.67,0.41,44.07,0.42,147.11,0.54,43.73,0.52,72.68,0.91,43.67,0.91,282.6,0.18,43.04,0.18,303.28,0.35,43.84,0.34,171.62,-1622,-1500,-1800,43.59,5.85,0 days 00:10:01,True,46,-1627.0,-1624.0,-1625.0,-1630.0,-1639.0,-1639.0,BELOW
2026-08-23 23:20:56,28.42,80.5,0.75,43.27,0.74,201.76,0.84,43.56,0.87,222.76,0.08,42.58,0.08,327.66,0.31,43.96,0.3,211.2,0.79,43.67,0.82,141.3,0.46,43.5,0.45,85.14,0.32,43.44,0.31,148.12,0.41,44.02,0.41,151.5,0.54,43.27,0.53,83.15,0.91,43.73,0.88,301.82,0.18,43.15,0.18,311.0,0.35,44.19,0.34,149.25,-1626,-1500,-1800,43.52833333333333,5.91,0 days 00:10:00,True,46,-1622.0,-1627.0,-1624.0,-1625.0,-1630.0,-1639.0,BELOW
2026-08-23 23:30:56,28.42,79.07,0.75,43.44,0.77,202.57,0.84,43.56,0.83,238.12,0.08,42.18,0.08,327.66,0.31,44.02,0.3,205.51,0.79,43.67,0.78,155.59,0.46,42.93,0.46,104.7,0.32,43.37,0.31,211.64,0.41,44.07,0.42,148.48,0.54,43.61,0.52,68.11,0.91,44.07,0.9,245.5,0.18,43.5,0.18,229.89,0.35,43.73,0.35,192.58,-1616,-1500,-1800,43.512499999999996,5.9,0 days 00:10:00,True,46,-1626.0,-1622.0,-1627.0,-1624.0,-1625.0,-1630.0,BELOW
2026-08-23 23:40:56,27.94,80.5,0.75,43.33,0.77,327.66,0.84,43.79,0.87,220.67,0.08,42.58,0.08,327.66,0.31,44.19,0.3,181.97,0.79,43.44,0.79,153.25,0.46,42.98,0.45,98.75,0.32,43.84,0.32,134.97,0.41,43.9,0.41,173.78,0.54,43.56,0.52,86.75,0.91,44.3,0.93,318.87,0.18,43.61,0.18,265.94,0.35,43.79,0.34,178.0,-1614,-1500,-1800,43.60916666666666,5.959999999999999,0 days 00:10:00,True,46,-1616.0,-1626.0,-1622.0,-1627.0,-1624.0,-1625.0,BELOW
2026-08-23 23:50:56,28.31,78.46,0.75,43.27,0.78,207.87,0.84,43.79,0.82,216.94,0.08,42.52,0.08,327.66,0.31,44.48,0.32,171.99,0.79,43.84,0.78,128.56,0.46,42.93,0.45,103.11,0.32,44.02,0.33,117.28,0.41,44.02,0.42,145.2,0.54,43.67,0.53,74.04,0.91,44.02,0.91,273.66,0.18,43.37,0.18,255.09,0.35,43.67,0.36,177.54,-1613,-1500,-1800,43.633333333333326,5.960000000000001,0 days 00:10:00,True,46,-1614.0,-1616.0,-1626.0,-1622.0,-1627.0,-1624.0,BELOW
2026-08-24 00:00:55,28.31,78.31,0.75,43.61,0.75,192.08,0.84,43.61,0.86,230.49,0.08,42.41,0.08,327.66,0.31,44.42,0.3,178.51,0.79,43.44,0.78,215.23,0.46,43.56,0.46,82.21,0.32,43.5,0.33,153.25,0.41,44.07,0.4,145.58,0.54,43.27,0.53,76.11,0.91,44.36,0.88,234.43,0.18,43.67,0.18,200.96,0.35,43.96,0.35,151.5,-1612,-1500,-1800,43.656666666666666,5.8999999999999995,0 days 00:09:59,True,46,-1613.0,-1614.0,-1616.0,-1626.0,-1622.0,-1627.0,BELOW
2026-08-24 00:10:55,28.21,80.9,0.75,43.84,0.76,158.19,0.84,43.61,0.85,216.37,0.08,42.58,0.08,327.66,0.31,44.48,0.32,174.11,0.79,43.84,0.79,126.21,0.46,43.27,0.47,94.49,0.32,43.56,0.33,147.12,0.41,43.96,0.4,146.53,0.54,43.33,0.53,81.4,0.91,44.42,0.89,216.69,0.18,43.79,0.18,203.9,0.35,44.25,0.36,146.14,-1614,-1500,-1800,43.74416666666667,5.959999999999999,0 days 00:10:00,True,46,-1612.0,-1613.0,-1614.0,-1616.0,-1626.0,-1622.0,BELOW
2026-08-24 00:20:56,28.05,79.34,0.75,43.84,0.77,175.98,0.84,43.73,0.83,209.82,0.08,42.58,0.08,327.66,0.31,44.48,0.31,161.89,0.79,43.84,0.8,128.72,0.46,43.44,0.45,82.98,0.32,43.56,0.33,172.64,0.41,43.67,0.42,327.66,0.54,43.67,0.54,74.94,0.91,44.3,0.89,280.97,0.18,43.73,0.18,227.31,0.35,43.9,0.36,172.08,-1608,-1500,-1800,43.72833333333333,5.96,0 days 00:10:01,True,46,-1614.0,-1612.0,-1613.0,-1614.0,-1616.0,-1626.0,TARGET
2026-08-24 00:30:56,27.94,81.88,0.75,43.9,0.78,172.08,0.84,43.61,0.85,215.79,0.08,42.46,0.08,327.66,0.31,44.36,0.32,177.83,0.79,43.96,0.77,123.35,0.46,43.44,0.45,89.32,0.32,44.12,0.31,114.7,0.41,43.56,0.41,194.53,0.54,43.1,0.52,85.83,0.91,43.84,0.91,272.6,0.18,43.27,0.18,253.74,0.35,44.12,0.36,133.44,-1609,-1500,-1800,43.645,5.94,0 days 00:10:00,True,46,-1608.0,-1614.0,-1612.0,-1613.0,-1614.0,-1616.0,TARGET
2026-08-24 00:40:56,27.94,79.71,0.75,43.61,0.73,186.89,0.84,43.9,0.86,190.69,0.08,42.41,0.08,327.66,0.31,44.3,0.32,175.83,0.79,43.56,0.81,203.11,0.46,43.5,0.47,84.1,0.32,43.79,0.33,132.06,0.41,43.61,0.42,184.15,0.54,43.21,0.53,76.86,0.91,44.02,0.9,274.03,0.18,43.44,0.18,255.43,0.35,44.12,0.36,218.36,-1604,-1500,-1800,43.622499999999995,5.99,0 days 00:10:00,True,46,-1609.0,-1608.0,-1614.0,-1612.0,-1613.0,-1614.0,TARGET
2026-08-24 00:50:56,27.83,80.72,0.75,43.73,0.78,172.87,0.84,43.5,0.85,215.51,0.08,42.41,0.08,327.66,0.31,43.96,0.3,214.73,0.79,43.33,0.82,169.61,0.46,43.37,0.47,83.37,0.32,43.96,0.33,125.74,0.41,43.73,0.42,171.18,0.54,43.37,0.54,72.29,0.91,44.36,0.93,305.78,0.18,43.67,0.18,223.65,0.35,44.25,0.34,137.55,-1607,-1500,-1800,43.63666666666668,6.039999999999999,0 days 00:10:00,True,46,-1604.0,-1609.0,-1608.0,-1614.0,-1612.0,-1613.0,TARGET
2026-08-24 01:00:56,27.35,83.01,0.75,43.5,0.75,215.79,0.84,44.02,0.82,181.01,0.08,42.35,0.08,327.66,0.31,44.36,0.31,171.54,0.79,43.44,0.79,154.56,0.46,43.37,0.45,85.43,0.32,43.96,0.33,126.55,0.41,44.02,0.41,150.08,0.54,42.98,0.53,81.11,0.91,43.73,0.93,315.13,0.18,43.1,0.18,310.57,0.35,43.79,0.34,157.56,-1605,-1500,-1800,43.55166666666667,5.92,0 days 00:10:00,True,46,-1607.0,-1604.0,-1609.0,-1608.0,-1614.0,-1612.0,TARGET
2026-08-24 01:10:55,27.46,83.01,0.75,43.79,0.73,147.7,0.84,43.56,0.85,306.91,0.08,42.7,0.08,327.66,0.31,44.48,0.31,165.92,0.79,43.5,0.77,156.95,0.46,43.37,0.46,82.98,0.32,44.02,0.31,115.2,0.41,43.73,0.4,169.1,0.54,43.37,0.56,77.82,0.91,43.84,0.92,257.12,0.18,43.21,0.18,263.15,0.35,43.96,0.35,162.08,-1596,-1500,-1800,43.6275,5.92,0 days 00:09:59,True,46,-1605.0,-1607.0,-1604.0,-1609.0,-1608.0,-1614.0,TARGET
2026-08-24 01:20:56,27.19,83.25,0.75,43.79,0.76,156.0,0.84,44.12,0.82,191.69,0.08,42.7,0.08,327.66,0.31,44.48,0.31,165.7,0.79,43.84,0.8,125.25,0.46,43.56,0.46,83.7,0.32,43.79,0.33,111.82,0.41,44.07,0.41,147.11,0.54,43.15,0.54,80.49,0.91,43.96,0.9,262.66,0.18,43.33,0.18,236.56,0.35,44.25,0.34,133.62,-1596,-1500,-1800,43.75333333333333,5.930000000000001,0 days 00:10:01,True,46,-1596.0,-1605.0,-1607.0,-1604.0,-1609.0,-1608.0,TARGET
2026-08-24 01:30:56,27.24,83.19,0.75,43.33,0.78,202.04,0.84,44.12,0.87,164.41,0.08,42.75,0.08,327.66,0.31,44.36,0.32,192.69,0.79,43.61,0.78,150.31,0.46,42.81,0.46,103.75,0.32,43.79,0.32,116.67,0.41,43.96,0.4,163.99,0.54,43.84,0.53,74.24,0.91,43.73,0.93,301.44,0.18,43.1,0.18,310.57,0.35,43.61,0.35,172.87,-1597,-1500,-1800,43.584166666666675,5.999999999999999,0 days 00:10:00,True,46,-1596.0,-1596.0,-1605.0,-1607.0,-1604.0,-1609.0,TARGET
2026-08-24 01:40:56,26.92,83.59,0.75,43.56,0.76,186.89,0.84,43.61,0.83,213.04,0.08,42.64,0.08,327.66,0.31,44.25,0.31,197.86,0.79,43.96,0.82,128.89,0.46,42.81,0.45,101.92,0.32,43.96,0.31,116.16,0.41,43.84,0.41,169.54,0.54,43.67,0.54,72.03,0.91,44.12,0.92,254.43,0.18,43.5,0.18,226.12,0.35,43.79,0.35,177.76,-1602,-1500,-1800,43.642500000000005,5.959999999999999,0 days 00:10:00,True,46,-1597.0,-1596.0,-1596.0,-1605.0,-1607.0,-1604.0,TARGET
2026-08-24 01:50:56,27.03,83.53,0.75,43.84,0.73,163.34,0.84,43.79,0.85,200.96,0.08,42.64,0.08,327.66,0.31,44.48,0.3,167.89,0.79,43.79,0.78,141.67,0.46,42.98,0.47,99.48,0.32,44.12,0.33,117.59,0.41,43.56,0.41,191.82,0.54,43.21,0.53,88.97,0.91,43.73,0.92,295.41,0.18,43.15,0.18,279.25,0.35,43.9,0.34,156.41,-1591,-1500,-1800,43.59916666666666,5.92,0 days 00:10:00,True,46,-1602.0,-1597.0,-1596.0,-1596.0,-1605.0,-1607.0,TARGET
2026-08-24 02:00:56,26.98,83.65,0.75,43.15,0.75,190.05,0.84,44.07,0.85,170.43,0.08,42.64,0.08,327.66,0.31,43.67,0.31,216.65,0.79,43.67,0.82,150.51,0.46,43.04,0.47,98.89,0.32,43.56,0.31,162.7,0.41,43.56,0.42,145.56,0.54,43.37,0.52,75.07,0.91,43.96,0.92,262.31,0.18,43.44,0.18,208.71,0.35,43.67,0.36,177.54,-1591,-1500,-1800,43.48333333333334,5.990000000000001,0 days 00:10:00,True,46,-1591.0,-1602.0,-1597.0,-1596.0,-1596.0,-1605.0,TARGET
2026-08-24 02:10:56,26.87,83.89,0.75,43.33,0.72,202.04,0.84,43.44,0.84,202.57,0.08,42.41,0.08,327.66,0.31,44.3,0.3,171.54,0.79,43.37,0.78,167.76,0.46,43.37,0.46,86.52,0.32,43.37,0.31,161.84,0.41,43.9,0.41,169.99,0.54,43.33,0.54,81.4,0.91,44.3,0.91,242.21,0.18,43.61,0.18,197.3,0.35,44.02,0.36,148.48,-1596,-1500,-1800,43.5625,5.890000000000001,0 days 00:10:00,True,46,-1591.0,-1591.0,-1602.0,-1597.0,-1596.0,-1596.0,TARGET
2026-08-24 02:20:55,27.08,83.71,0.75,43.44,0.78,199.64,0.84,43.61,0.83,223.06,0.08,42.58,0.08,327.66,0.31,44.12,0.32,191.94,0.79,43.9,0.81,125.41,0.46,43.15,0.46,100.61,0.32,43.61,0.33,145.37,0.41,44.02,0.42,142.42,0.54,43.61,0.52,68.79,0.91,43.9,0.93,272.96,0.18,43.27,0.18,269.03,0.35,43.73,0.35,175.75,-1591,-1500,-1800,43.578333333333326,6.01,0 days 00:09:59,True,46,-1596.0,-1591.0,-1591.0,-1602.0,-1597.0,-1596.0,TARGET
2026-08-24 02:30:56,27.24,81.33,0.75,43.67,0.72,175.06,0.84,43.73,0.86,207.23,0.08,42.64,0.08,327.66,0.31,44.02,0.32,208.32,0.79,43.73,0.78,141.48,0.46,43.56,0.45,85.25,0.32,43.67,0.33,142.75,0.41,43.67,0.42,192.58,0.54,43.61,0.54,70.56,0.91,43.9,0.91,267.35,0.18,43.33,0.18,245.33,0.35,44.25,0.36,116.75,-1593,-1500,-1800,43.64833333333333,5.95,0 days 00:10:01,True,46,-1591.0,-1596.0,-1591.0,-1591.0,-1602.0,-1597.0,TARGET
2026-08-24 02:40:56,26.92,83.86,0.75,43.9,0.78,160.0,0.84,43.96,0.82,183.17,0.08,42.58,0.08,327.66,0.31,43.9,0.32,232.01,0.79,43.9,0.79,139.2,0.46,43.27,0.46,86.29,0.32,43.9,0.33,117.96,0.41,43.5,0.4,233.47,0.54,43.15,0.52,82.43,0.91,44.07,0.88,263.34,0.18,43.37,0.18,286.6,0.35,44.25,0.34,140.3,-1588,-1500,-1800,43.645833333333336,5.8999999999999995,0 days 00:10:00,True,46,-1593.0,-1591.0,-1596.0,-1591.0,-1591.0,-1602.0,ABOVE
2026-08-24 02:50:56,27.19,83.68,0.75,43.79,0.75,165.5,0.84,44.19,0.86,168.82,0.08,42.7,0.08,327.66,0.31,44.02,0.3,204.98,0.79,43.37,0.79,327.66,0.46,43.15,0.47,94.37,0.32,43.67,0.33,145.75,0.41,43.73,0.4,170.96,0.54,43.37,0.54,77.08,0.91,44.25,0.92,230.0,0.18,43.67,0.18,187.12,0.35,43.84,0.35,175.98,-1593,-1500,-1800,43.64583333333334,5.969999999999999,0 days 00:10:00,True,46,-1588.0,-1593.0,-1591.0,-1596.0,-1591.0,-1591.0,TARGET
2026-08-24 03:40:56,27.19,83.65,0.75,43.37,0.78,208.43,0.84,44.07,0.81,179.17,0.08,42.24,0.08,327.66,0.31,44.36,0.32,175.6,0.79,43.96,0.8,121.21,0.46,42.93,0.47,101.57,0.32,44.02,0.33,105.73,0.41,43.96,0.42,156.81,0.54,43.04,0.52,86.92,0.91,43.9,0.9,278.41,0.18,43.27,0.18,259.22,0.35,44.02,0.34,181.5,-1590,-1500,-1800,43.595,5.949999999999999,0 days 00:10:00,True,46,-1589.0,-1584.0,-1588.0,-1587.0,-1593.0,-1588.0,TARGET
2026-08-24 05:40:56,26.18,83.98,0.75,43.33,0.75,221.29,0.84,44.19,0.84,172.98,0.08,42.35,0.08,327.66,0.31,44.07,0.3,205.51,0.79,43.5,0.76,162.26,0.46,42.98,0.46,103.25,0.32,43.73,0.31,135.94,0.41,43.79,0.41,165.5,0.54,43.37,0.54,77.72,0.91,43.79,0.94,315.97,0.18,43.04,0.18,303.68,0.35,43.61,0.36,177.3,-1579,-1500,-1800,43.47916666666668,5.930000000000001,0 days 00:10:00,True,46,-1584.0,-1585.0,-1576.0,-1579.0,-1586.0,-1582.0,ABOVE
2026-08-24 05:50:56,26.44,81.91,0.75,43.21,0.72,201.76,0.84,43.56,0.83,287.35,0.08,42.64,0.08,327.66,0.31,44.42,0.3,173.43,0.79,43.5,0.78,148.12,0.46,43.37,0.47,88.18,0.32,43.73,0.33,128.39,0.41,43.84,0.42,185.37,0.54,43.73,0.53,73.46,0.91,43.96,0.91,263.0,0.18,43.33,0.18,245.33,0.35,43.9,0.36,161.87,-1590,-1500,-1800,43.59916666666667,5.91,0 days 00:10:00,True,46,-1579.0,-1584.0,-1585.0,-1576.0,-1579.0,-1586.0,TARGET
2026-08-24 06:40:56,26.5,83.04,0.75,43.33,0.72,205.04,0.84,43.9,0.82,198.87,0.08,42.64,0.08,327.66,0.31,44.53,0.32,160.47,0.79,43.96,0.81,125.57,0.46,43.1,0.45,96.79,0.32,43.84,0.31,128.72,0.41,43.79,0.41,167.28,0.54,43.21,0.53,80.97,0.91,43.73,0.88,327.66,0.18,43.1,0.18,317.81,0.35,44.02,0.35,155.08,-1589,-1500,-1800,43.59583333333334,5.859999999999999,0 days 00:10:00,True,46,-1589.0,-1583.0,-1588.0,-1582.0,-1590.0,-1579.0,ABOVE
2026-08-24 06:50:56,26.5,82.79,0.75,43.56,0.77,170.28,0.84,43.61,0.82,227.01,0.08,42.7,0.08,327.66,0.31,44.48,0.32,181.04,0.79,43.5,0.76,158.53,0.46,43.15,0.45,94.37,0.32,43.9,0.33,122.27,0.41,43.73,0.4,170.96,0.54,43.1,0.56,82.82,0.91,43.96,0.94,263.0,0.18,43.33,0.18,264.54,0.35,43.9,0.35,161.87,-1592,-1500,-1800,43.57666666666666,5.959999999999999,0 days 00:10:00,True,46,-1589.0,-1589.0,-1583.0,-1588.0,-1582.0,-1590.0,TARGET
2026-08-24 07:00:56,26.66,82.89,0.75,43.56,0.76,197.3,0.84,43.84,0.87,187.87,0.08,42.75,0.08,327.66,0.31,44.36,0.3,178.06,0.75,43.73,0.78,159.59,0.46,43.15,0.45,95.02,0.32,43.5,0.31,150.12,0.41,43.67,0.4,179.84,0.54,43.04,0.56,89.78,0.91,44.25,0.92,292.66,0.18,43.5,0.18,238.12,0.35,44.02,0.36,158.39,-1599,-1500,-1800,43.61416666666667,5.97,0 days 00:10:00,True,46,-1592.0,-1589.0,-1589.0,-1583.0,-1588.0,-1582.0,TARGET
2026-08-24 07:10:56,26.87,82.21,0.75,43.33,0.74,211.36,0.84,43.9,0.85,214.15,0.08,42.81,0.08,327.66,0.31,43.96,0.32,214.44,0.79,43.56,0.76,145.19,0.46,43.33,0.47,100.28,0.32,43.61,0.31,142.37,0.41,43.56,0.4,192.08,0.54,43.67,0.54,69.14,0.91,43.73,0.93,277.32,0.18,43.1,0.18,284.32,0.35,44.12,0.35,144.25,-1597,-1500,-1800,43.55666666666667,5.929999999999999,0 days 00:10:00,True,46,-1599.0,-1592.0,-1589.0,-1589.0,-1583.0,-1588.0,TARGET
2026-08-24 07:20:56,27.19,81.12,0.75,43.84,0.74,151.11,0.84,43.56,0.87,226.71,0.08,42.75,0.08,327.66,0.31,44.36,0.31,173.66,0.79,43.61,0.79,139.5,0.46,43.27,0.47,97.43,0.32,43.73,0.31,138.84,0.41,43.73,0.41,175.29,0.54,43.21,0.55,78.64,0.91,43.79,0.93,301.82,0.18,43.15,0.18,285.07,0.35,44.19,0.34,144.45,-1597,-1500,-1800,43.59916666666667,5.9799999999999995,0 days 00:10:00,True,46,-1597.0,-1599.0,-1592.0,-1589.0,-1589.0,-1583.0,TARGET
2026-08-24 07:30:56,27.56,79.8,0.75,43.67,0.75,187.12,0.84,44.12,0.82,168.6,0.08,42.64,0.08,327.66,0.31,44.48,0.3,183.15,0.79,43.37,0.82,161.84,0.46,43.56,0.46,84.62,0.32,43.73,0.33,135.94,0.41,43.61,0.41,162.7,0.54,42.64,0.54,81.93,0.91,43.73,0.88,288.88,0.18,43.21,0.18,291.53,0.35,43.79,0.34,169.1,-1599,-1500,-1800,43.54583333333334,5.909999999999999,0 days 00:10:00,True,46,-1597.0,-1597.0,-1599.0,-1592.0,-1589.0,-1589.0,TARGET
2026-08-24 07:40:56,28.05,78.46,0.75,43.61,0.76,184.39,0.84,43.96,0.85,190.94,0.08,42.64,0.08,327.66,0.31,44.53,0.3,167.89,0.79,43.56,0.78,151.76,0.46,43.04,0.47,104.18,0.32,43.84,0.31,143.31,0.41,43.73,0.42,173.32,0.54,43.44,0.53,76.0,0.91,44.25,0.92,233.53,0.18,43.67,0.18,186.89,0.35,43.9,0.36,156.41,-1600,-1500,-1800,43.68083333333333,5.96,0 days 00:10:00,True,46,-1599.0,-1597.0,-1597.0,-1599.0,-1592.0,-1589.0,TARGET
2026-08-24 07:50:57,28.53,76.99,0.75,43.37,0.76,190.81,0.84,43.9,0.82,211.2,0.08,42.64,0.08,327.66,0.31,43.9,0.3,214.15,0.79,43.5,0.79,162.26,0.84,44.02,0.82,178.94,0.32,43.84,0.33,108.75,0.41,43.84,0.41,171.62,0.54,43.44,0.56,75.78,0.91,43.79,0.9,295.01,0.18,43.27,0.18,285.84,0.41,43.84,0.42,257.12,-1613,-1500,-1800,43.612500000000004,6.369999999999999,0 days 00:10:01,True,46,-1600.0,-1599.0,-1597.0,-1597.0,-1599.0,-1592.0,BELOW
2026-08-24 08:00:56,29.11,75.22,0.75,43.33,0.74,211.64,0.84,43.61,0.87,219.51,0.08,42.52,0.08,327.66,0.31,44.53,0.32,168.32,0.79,43.73,0.82,142.75,0.46,43.1,0.45,93.6,0.32,44.07,0.33,119.45,0.41,44.02,0.42,148.28,0.54,43.27,0.55,92.57,0.91,44.12,0.94,327.66,0.18,43.33,0.18,312.24,0.35,44.02,0.36,136.83,-1608,-1500,-1800,43.637499999999996,6.06,0 days 00:09:59,True,46,-1613.0,-1600.0,-1599.0,-1597.0,-1597.0,-1599.0,TARGET
2026-08-24 08:10:56,29.43,73.85,0.75,43.9,0.77,167.72,0.84,43.67,0.82,247.28,0.08,42.52,0.08,327.66,0.31,44.42,0.32,171.76,0.75,43.84,0.77,173.78,0.46,43.21,0.47,93.21,0.32,43.61,0.32,148.89,0.41,43.96,0.42,151.5,0.54,43.79,0.56,71.93,0.91,43.96,0.89,302.22,0.18,43.37,0.18,269.38,0.35,44.02,0.34,160.42,-1614,-1500,-1800,43.689166666666665,5.939999999999999,0 days 00:10:00,True,46,-1608.0,-1613.0,-1600.0,-1599.0,-1597.0,-1597.0,BELOW
2026-08-24 08:20:56,30.08,72.08,0.75,43.79,0.78,178.24,0.84,44.19,0.84,175.15,0.08,42.75,0.08,327.66,0.31,44.19,0.3,209.12,0.79,43.9,0.8,131.14,0.46,42.93,0.45,106.32,0.08,42.7,0.08,327.66,0.41,44.19,0.42,147.48,0.54,43.33,0.55,83.25,0.91,44.19,0.92,269.46,0.18,43.5,0.18,229.89,0.35,44.07,0.35,147.3,-1615,-1500,-1800,43.64416666666667,5.749999999999999,0 days 00:10:00,True,46,-1614.0,-1608.0,-1613.0,-1600.0,-1599.0,-1597.0,BELOW
2026-08-24 08:30:56,30.56,69.88,0.75,43.9,0.75,167.72,0.84,44.07,0.86,188.86,0.08,42.46,0.08,327.66,0.31,44.02,0.32,327.66,0.79,43.79,0.79,140.23,0.46,43.04,0.45,97.35,0.32,43.67,0.31,139.69,0.41,44.07,0.42,181.5,0.54,43.67,0.53,75.25,0.91,43.9,0.89,315.97,0.18,43.44,0.18,286.6,0.35,43.96,0.36,165.94,-1622,-1500,-1800,43.66583333333333,5.9399999999999995,0 days 00:10:00,True,46,-1615.0,-1614.0,-1608.0,-1613.0,-1600.0,-1599.0,BELOW
2026-08-24 08:40:56,30.93,69.18,0.75,43.73,0.74,178.0,0.84,44.12,0.81,184.12,0.08,42.75,0.08,327.66,0.31,44.07,0.32,186.34,0.79,43.96,0.79,126.71,0.46,43.04,0.45,99.48,0.32,43.61,0.31,131.53,0.41,43.61,0.42,181.97,0.54,43.61,0.52,71.01,0.91,44.36,0.94,234.43,0.18,43.73,0.18,197.83,0.35,43.9,0.35,149.48,-1614,-1500,-1800,43.70750000000001,5.91,0 days 00:10:00,True,46,-1622.0,-1615.0,-1614.0,-1608.0,-1613.0,-1600.0,BELOW
2026-08-24 08:50:56,31.36,67.01,0.75,43.73,0.72,171.41,0.84,44.07,0.87,197.09,0.08,42.35,0.08,327.66,0.31,44.19,0.31,194.1,0.79,43.96,0.78,149.87,0.46,43.33,0.47,92.7,0.32,43.5,0.31,166.18,0.41,44.19,0.42,144.45,0.54,43.15,0.52,81.93,0.91,43.9,0.91,268.06,0.18,43.15,0.18,263.5,0.35,44.07,0.35,153.56,-1613,-1500,-1800,43.63249999999999,5.919999999999999,0 days 00:10:00,True,46,-1614.0,-1622.0,-1615.0,-1614.0,-1608.0,-1613.0,BELOW
2026-08-24 09:00:56,31.89,66.13,0.75,43.79,0.75,165.29,0.84,44.07,0.81,218.65,0.08,42.35,0.08,327.66,0.31,44.07,0.32,229.4,0.79,43.44,0.76,156.73,0.84,44.12,0.86,177.12,0.32,43.67,0.31,144.06,0.41,44.19,0.42,137.37,0.54,43.44,0.53,77.49,0.91,44.25,0.89,254.76,0.18,43.61,0.18,209.26,0.41,43.79,0.42,167.5,-1623,-1500,-1800,43.732499999999995,6.33,0 days 00:10:00,True,46,-1613.0,-1614.0,-1622.0,-1615.0,-1614.0,-1608.0,BELOW
2026-08-24 10:10:57,34.51,56.97,0.75,43.73,0.76,184.87,0.84,43.79,0.82,220.37,0.08,42.52,0.08,327.66,0.31,44.19,0.31,168.6,0.79,43.73,0.77,147.7,0.46,43.27,0.45,97.3,0.32,44.07,0.33,114.55,0.41,44.07,0.41,146.92,0.54,43.21,0.52,83.04,0.91,44.19,0.94,250.21,0.18,43.5,0.18,234.09,0.35,44.3,0.34,140.48,-1631,-1500,-1800,43.714166666666664,5.91,0 days 00:10:00,True,46,-1628.0,-1632.0,-1628.0,-1625.0,-1631.0,-1629.0,BELOW
2026-08-24 10:50:56,35.68,55.14,0.75,43.96,0.73,166.16,0.84,44.19,0.82,171.1,0.08,42.58,0.08,327.66,0.31,44.42,0.32,187.8,0.79,43.61,0.79,148.31,0.46,43.44,0.46,85.03,0.08,42.18,0.08,327.66,0.41,43.73,0.41,256.78,0.54,43.73,0.54,69.76,0.91,44.48,0.94,260.82,0.18,43.79,0.18,243.58,0.35,44.3,0.36,133.78,-1637,-1500,-1800,43.70083333333334,5.71,0 days 00:10:00,True,46,-1633.0,-1631.0,-1629.0,-1631.0,-1628.0,-1632.0,BELOW
2026-08-24 11:20:57,34.46,57.4,0.75,43.96,0.75,160.22,0.84,44.02,0.84,178.47,0.08,42.64,0.08,327.66,0.31,44.53,0.32,168.11,0.79,43.84,0.77,132.23,0.46,43.04,0.47,103.25,0.32,43.9,0.32,118.98,0.41,43.96,0.42,146.72,0.54,43.56,0.56,76.19,0.91,44.42,0.93,247.1,0.18,43.73,0.18,198.35,0.35,44.42,0.35,143.72,-1642,-1500,-1800,43.835,5.989999999999998,0 days 00:10:00,True,46,-1643.0,-1634.0,-1637.0,-1633.0,-1631.0,-1629.0,BELOW
2026-08-24 11:30:56,34.24,57.95,0.75,43.5,0.72,203.11,0.84,44.3,0.85,169.25,0.08,42.35,0.08,327.66,0.31,44.59,0.3,170.35,0.79,43.44,0.76,188.95,0.84,43.9,0.83,213.87,0.32,43.84,0.33,136.3,0.41,43.73,0.4,173.32,0.54,43.84,0.53,73.07,0.91,44.02,0.91,284.47,0.18,43.44,0.18,281.12,0.41,43.84,0.42,165.29,-1645,-1500,-1800,43.732499999999995,6.3100000000000005,0 days 00:09:59,True,46,-1642.0,-1643.0,-1634.0,-1637.0,-1633.0,-1631.0,BELOW
2026-08-24 11:40:56,35.26,57.09,0.75,43.67,0.76,172.87,0.84,43.79,0.83,216.94,0.08,42.75,0.08,327.66,0.31,44.19,0.32,197.09,0.79,43.84,0.79,134.8,0.46,43.21,0.45,104.45,0.32,43.56,0.33,148.5,0.41,43.79,0.42,169.1,0.54,43.73,0.52,75.36,0.91,44.48,0.92,238.72,0.18,43.84,0.18,201.22,0.35,44.25,0.36,154.17,-1643,-1500,-1800,43.75833333333333,5.96,0 days 00:10:00,True,46,-1645.0,-1642.0,-1643.0,-1634.0,-1637.0,-1633.0,BELOW
2026-08-24 11:50:56,35.68,55.17,0.75,43.9,0.75,193.34,0.84,44.02,0.86,199.12,0.08,42.58,0.08,327.66,0.31,44.59,0.31,168.32,0.79,43.67,0.81,148.89,0.46,43.5,0.46,85.03,0.32,43.61,0.31,153.66,0.41,43.96,0.4,158.39,0.54,43.33,0.53,95.28,0.91,44.07,0.92,284.84,0.18,43.5,0.18,259.9,0.35,43.79,0.36,180.55,-1643,-1500,-1800,43.71,5.97,0 days 00:10:00,True,46,-1643.0,-1645.0,-1642.0,-1643.0,-1634.0,-1637.0,BELOW
2026-08-24 12:10:56,36.11,54.86,0.75,43.84,0.74,165.5,0.84,43.67,0.82,173.1,0.08,42.75,0.08,327.66,0.31,43.96,0.31,204.72,0.79,43.79,0.8,138.84,0.46,43.5,0.45,91.22,0.32,43.73,0.32,147.31,0.41,43.96,0.41,162.08,0.54,43.5,0.56,76.62,0.91,44.19,0.94,327.66,0.18,43.56,0.18,183.9,0.35,44.02,0.36,168.37,-1647,-1500,-1800,43.70583333333334,5.97,0 days 00:10:00,True,46,-1638.0,-1643.0,-1643.0,-1645.0,-1642.0,-1643.0,BELOW
2026-08-24 12:20:57,36.49,54.16,0.75,43.5,0.73,212.48,0.84,44.12,0.83,168.37,0.08,42.75,0.08,327.66,0.31,44.19,0.31,203.33,0.79,43.73,0.8,150.72,0.46,43.15,0.47,102.12,0.32,43.96,0.31,121.21,0.41,43.73,0.4,157.56,0.54,43.61,0.55,75.57,0.91,44.07,0.92,284.84,0.18,43.5,0.18,270.44,0.35,44.07,0.35,168.37,-1642,-1500,-1800,43.69833333333333,5.929999999999999,0 days 00:10:01,True,46,-1647.0,-1638.0,-1643.0,-1643.0,-1645.0,-1642.0,BELOW
2026-08-24 12:30:57,36.16,54.34,0.75,43.37,0.77,205.32,0.84,43.84,0.84,224.23,0.08,42.41,0.08,327.66,0.31,44.07,0.32,218.65,0.79,43.79,0.82,143.31,0.46,43.44,0.46,89.32,0.32,43.5,0.32,154.98,0.41,44.12,0.42,142.78,0.54,43.5,0.55,76.29,0.91,44.25,0.91,275.1,0.18,43.61,0.18,238.43,0.35,44.12,0.34,145.95,-1638,-1500,-1800,43.66833333333333,6.009999999999999,0 days 00:10:00,True,46,-1642.0,-1647.0,-1638.0,-1643.0,-1643.0,-1645.0,BELOW
2026-08-24 12:40:57,36.59,54.16,0.75,43.67,0.72,192.58,0.84,43.67,0.86,219.81,0.08,42.87,0.08,327.66,0.31,44.07,0.32,191.69,0.79,43.84,0.79,140.42,0.46,43.21,0.47,105.39,0.32,44.02,0.31,129.06,0.41,43.61,0.42,189.45,0.54,43.84,0.55,78.0,0.91,44.19,0.93,264.37,0.18,43.56,0.18,260.59,0.35,44.12,0.35,142.78,-1646,-1500,-1800,43.7225,5.9799999999999995,0 days 00:10:00,True,46,-1638.0,-1642.0,-1647.0,-1638.0,-1643.0,-1643.0,BELOW
2026-08-24 12:50:56,36.43,54.77,0.75,43.56,0.78,216.09,0.84,44.02,0.86,214.73,0.08,42.75,0.08,327.66,0.31,44.25,0.32,184.84,0.79,43.67,0.77,153.86,0.46,43.15,0.47,93.07,0.32,43.61,0.32,162.7,0.41,44.19,0.4,122.91,0.54,43.27,0.56,77.4,0.91,44.3,0.92,260.15,0.18,43.61,0.18,227.01,0.35,43.73,0.35,144.25,-1645,-1500,-1800,43.67583333333334,6.01,0 days 00:09:59,True,46,-1646.0,-1638.0,-1642.0,-1647.0,-1638.0,-1643.0,BELOW
2026-08-24 14:10:56,37.71,50.8,0.75,43.67,0.77,184.64,0.84,43.9,0.84,220.96,0.08,42.12,0.08,327.66,0.31,44.59,0.31,166.34,0.79,43.5,0.82,145.19,0.46,43.44,0.47,88.87,0.32,43.9,0.32,129.06,0.41,43.73,0.42,180.08,0.54,43.73,0.53,75.36,0.91,44.25,0.94,237.49,0.18,43.67,0.18,209.26,0.35,44.19,0.36,147.48,-1643,-1500,-1800,43.72416666666667,6.04,0 days 00:10:00,True,47,-1648.0,-1639.0,-1636.0,-1637.0,-1643.0,-1646.0,BELOW
2026-08-24 14:20:56,37.71,51.05,0.75,43.84,0.76,171.62,0.84,43.9,0.85,207.76,0.08,42.64,0.08,327.66,0.31,44.59,0.32,178.98,0.79,43.67,0.78,148.7,0.46,43.1,0.47,101.22,0.32,44.02,0.31,113.47,0.41,44.07,0.42,150.26,0.54,43.33,0.53,79.97,0.91,44.36,0.94,327.66,0.18,43.67,0.18,206.68,0.35,43.79,0.35,173.55,-1640,-1500,-1800,43.748333333333335,5.989999999999998,0 days 00:10:00,True,47,-1643.0,-1648.0,-1639.0,-1636.0,-1637.0,-1643.0,BELOW
2026-08-24 14:30:56,37.98,51.35,0.75,43.79,0.72,185.12,0.84,44.07,0.87,174.69,0.08,42.46,0.08,327.66,0.31,44.59,0.3,178.98,0.79,43.56,0.81,170.51,0.46,43.1,0.45,101.98,0.32,43.5,0.33,143.48,0.41,44.02,0.42,158.81,0.54,43.73,0.52,75.04,0.91,43.84,0.9,278.04,0.18,43.27,0.18,269.03,0.35,44.3,0.34,140.66,-1639,-1500,-1800,43.68583333333333,5.92,0 days 00:10:00,True,47,-1640.0,-1643.0,-1648.0,-1639.0,-1636.0,-1637.0,BELOW
2026-08-24 14:40:57,38.3,48.94,0.75,43.61,0.75,200.43,0.84,44.07,0.86,191.44,0.08,42.58,0.08,327.66,0.31,44.48,0.32,169.69,0.79,43.84,0.76,144.81,0.46,43.44,0.47,88.3,0.32,44.02,0.33,125.89,0.41,43.73,0.41,184.87,0.54,43.79,0.56,73.85,0.91,44.3,0.93,238.11,0.18,43.67,0.18,216.09,0.35,44.3,0.35,150.86,-1648,-1500,-1800,43.81916666666667,5.999999999999998,0 days 00:10:01,True,47,-1639.0,-1640.0,-1643.0,-1648.0,-1639.0,-1636.0,BELOW
2026-08-24 15:30:56,38.41,50.32,0.75,43.37,0.78,208.43,0.84,44.19,0.82,177.12,0.08,42.81,0.08,327.66,0.31,44.02,0.3,236.56,0.79,43.61,0.82,153.66,0.46,43.33,0.46,94.1,0.32,43.61,0.31,150.12,0.41,44.02,0.4,162.28,0.54,43.33,0.55,82.25,0.91,43.96,0.92,284.84,0.18,43.33,0.18,292.31,0.35,44.42,0.34,151.45,-1643,-1500,-1800,43.66666666666666,5.96,0 days 00:10:00,True,47,-1643.0,-1651.0,-1648.0,-1644.0,-1648.0,-1639.0,BELOW
2026-08-24 15:40:56,39.05,49.06,0.75,43.56,0.72,200.15,0.84,43.61,0.83,219.51,0.08,42.93,0.08,327.66,0.31,44.53,0.3,164.2,0.79,43.61,0.78,144.06,0.46,43.21,0.46,102.25,0.32,43.84,0.32,135.14,0.41,43.96,0.4,162.28,0.54,43.33,0.54,83.37,0.91,43.9,0.94,323.74,0.18,43.21,0.18,304.49,0.35,44.36,0.36,139.27,-1643,-1500,-1800,43.67083333333332,5.909999999999999,0 days 00:10:00,True,47,-1643.0,-1643.0,-1651.0,-1648.0,-1644.0,-1648.0,BELOW
2026-08-24 15:50:57,39.64,47.81,0.75,43.56,0.75,186.64,0.84,43.9,0.81,207.76,0.08,42.7,0.08,327.66,0.31,44.42,0.32,178.51,0.79,44.07,0.77,128.2,0.46,42.98,0.47,103.25,0.32,43.67,0.33,155.59,0.41,44.02,0.42,156.81,0.54,43.21,0.56,83.15,0.91,44.25,0.89,255.42,0.18,43.67,0.18,242.93,0.35,43.67,0.34,177.54,-1636,-1500,-1800,43.67666666666667,5.919999999999999,0 days 00:10:01,True,47,-1643.0,-1643.0,-1643.0,-1651.0,-1648.0,-1644.0,BELOW
2026-08-24 16:10:57,38.62,48.91,0.75,43.79,0.76,178.0,0.84,43.9,0.83,204.98,0.08,42.81,0.08,327.66,0.31,44.65,0.3,164.62,0.79,44.02,0.8,132.92,0.46,43.04,0.45,103.39,0.32,43.96,0.33,123.35,0.41,44.25,0.41,144.64,0.54,43.37,0.54,83.25,0.91,44.07,0.88,291.53,0.18,43.44,0.18,241.67,0.35,43.73,0.36,169.1,-1640,-1500,-1800,43.7525,5.92,0 days 00:10:00,True,47,-1642.0,-1636.0,-1643.0,-1643.0,-1643.0,-1651.0,BELOW
2026-08-24 16:30:57,40.71,46.87,0.75,43.44,0.75,205.87,0.84,43.67,0.86,230.79,0.08,42.7,0.08,327.66,0.31,43.96,0.32,214.44,0.79,44.12,0.78,127.05,0.46,43.15,0.45,96.36,0.32,43.67,0.31,152.37,0.41,43.73,0.42,169.32,0.54,43.37,0.55,83.37,0.91,44.25,0.94,280.97,0.18,43.56,0.18,246.62,0.35,43.96,0.35,176.44,-1645,-1500,-1800,43.63166666666667,5.99,0 days 00:10:00,True,47,-1642.0,-1640.0,-1642.0,-1636.0,-1643.0,-1643.0,BELOW
2026-08-24 17:30:57,40.12,47.17,0.75,44.02,0.73,160.42,0.84,43.96,0.85,214.73,0.08,42.87,0.08,327.66,0.31,44.25,0.31,194.86,0.79,43.73,0.82,141.3,0.46,43.21,0.46,97.87,0.32,43.96,0.32,130.27,0.41,43.84,0.41,175.98,0.54,43.21,0.55,81.67,0.91,43.96,0.93,257.79,0.18,43.44,0.18,306.1,0.35,43.9,0.36,125.41,-1656,-1500,-1800,43.695833333333326,6.0,0 days 00:10:00,True,47,-1654.0,-1654.0,-1648.0,-1645.0,-1651.0,-1645.0,BELOW
2026-08-24 18:50:57,35.9,56.45,0.75,43.96,0.76,165.94,0.84,44.07,0.82,183.65,0.08,42.64,0.08,327.66,0.31,44.3,0.31,177.59,0.79,43.9,0.78,129.06,0.46,43.56,0.47,84.84,0.32,44.07,0.33,119.45,0.41,44.07,0.42,156.81,0.54,43.21,0.54,80.6,0.91,44.02,0.92,258.47,0.18,43.44,0.18,250.45,0.35,44.19,0.34,145.75,-1663,-1500,-1800,43.785833333333336,5.949999999999999,0 days 00:10:00,True,47,-1660.0,-1661.0,-1658.0,-1656.0,-1652.0,-1660.0,BELOW
2026-08-24 20:00:57,34.03,63.62,0.75,43.44,0.78,205.87,0.84,44.07,0.83,162.28,0.18,43.33,0.18,254.75,0.31,44.19,0.32,200.17,0.79,43.96,0.81,124.45,0.46,42.98,0.47,104.04,0.32,44.07,0.31,110.04,0.41,44.12,0.41,145.75,0.54,43.37,0.54,78.4,0.91,44.3,0.88,298.9,0.18,43.5,0.18,215.51,0.35,44.3,0.36,123.07,-1664,-1500,-1800,43.8025,6.069999999999999,0 days 00:10:00,True,47,-1665.0,-1657.0,-1657.0,-1660.0,-1663.0,-1657.0,BELOW
2026-08-24 22:00:57,31.36,68.75,0.75,43.56,0.73,197.3,0.84,43.84,0.84,195.81,0.08,42.58,0.08,327.66,0.31,44.3,0.3,200.69,0.79,43.44,0.78,162.26,0.46,43.04,0.46,101.98,0.32,44.02,0.32,121.21,0.41,44.19,0.41,150.47,0.54,43.73,0.53,72.58,0.91,44.12,0.9,274.38,0.18,43.44,0.18,237.81,0.35,43.9,0.35,167.94,-1644,-1500,-1800,43.68000000000001,5.88,0 days 00:10:00,True,47,-1648.0,-1652.0,-1653.0,-1648.0,-1655.0,-1654.0,BELOW
2026-08-24 22:10:57,31.41,65.67,0.75,43.27,0.77,211.08,0.84,44.12,0.87,168.37,0.08,42.7,0.08,327.66,0.31,44.02,0.31,225.12,0.79,44.07,0.76,151.89,0.46,43.15,0.45,93.72,0.32,43.73,0.31,141.48,0.41,43.9,0.41,240.01,0.54,43.67,0.52,72.78,0.91,43.84,0.93,295.79,0.18,43.15,0.18,304.09,0.35,43.96,0.35,166.16,-1645,-1500,-1800,43.63166666666667,5.9399999999999995,0 days 00:10:00,True,47,-1644.0,-1648.0,-1652.0,-1653.0,-1648.0,-1655.0,BELOW
2026-08-24 22:20:57,31.41,67.2,0.75,43.56,0.74,191.82,0.84,43.56,0.87,230.49,0.08,42.58,0.08,327.66,0.31,44.02,0.32,214.73,0.79,43.56,0.79,168.43,0.46,42.98,0.47,101.84,0.32,43.79,0.31,113.64,0.41,44.07,0.4,170.43,0.54,43.15,0.53,78.99,0.91,44.07,0.94,274.03,0.18,43.44,0.18,229.89,0.35,43.73,0.34,146.14,-1642,-1500,-1800,43.5425,5.969999999999999,0 days 00:10:00,True,47,-1645.0,-1644.0,-1648.0,-1652.0,-1653.0,-1648.0,BELOW
2026-08-24 22:30:58,31.41,66.28,0.75,43.84,0.75,163.56,0.84,43.79,0.82,207.23,0.08,42.58,0.08,327.66,0.31,44.48,0.3,174.11,0.79,43.73,0.8,161.23,0.46,43.5,0.46,79.72,0.32,43.61,0.31,158.95,0.41,43.84,0.41,175.98,0.54,43.56,0.53,75.47,0.91,44.3,0.88,238.4,0.18,43.67,0.18,209.82,0.35,44.02,0.36,151.7,-1640,-1500,-1800,43.74333333333334,5.88,0 days 00:10:01,True,47,-1642.0,-1645.0,-1644.0,-1648.0,-1652.0,-1653.0,BELOW
2026-08-24 22:40:57,31.25,69.76,0.75,43.84,0.76,169.76,0.84,43.9,0.82,198.87,0.08,42.46,0.08,327.66,0.31,44.02,0.31,221.54,0.79,43.33,0.78,241.03,0.46,43.5,0.47,84.62,0.32,43.73,0.33,135.94,0.41,43.73,0.4,173.32,0.54,43.04,0.55,82.32,0.91,44.25,0.92,241.58,0.18,43.67,0.18,209.54,0.35,43.73,0.34,175.29,-1634,-1500,-1800,43.6,5.9399999999999995,0 days 00:09:59,True,47,-1640.0,-1642.0,-1645.0,-1644.0,-1648.0,-1652.0,BELOW
2026-08-24 22:50:57,31.09,67.78,0.75,43.79,0.77,201.22,0.84,44.07,0.83,184.12,0.08,42.35,0.08,327.66,0.31,44.07,0.32,221.83,0.79,43.79,0.76,167.06,0.46,43.21,0.45,102.39,0.32,43.61,0.31,148.7,0.41,43.67,0.4,187.12,0.54,43.27,0.55,83.04,0.91,44.02,0.91,268.41,0.18,43.37,0.18,259.56,0.35,44.02,0.36,164.2,-1635,-1500,-1800,43.60333333333333,5.92,0 days 00:10:00,True,47,-1634.0,-1640.0,-1642.0,-1645.0,-1644.0,-1648.0,BELOW
2026-08-24 23:00:57,31.09,68.91,0.75,43.44,0.74,202.57,0.84,44.19,0.84,177.36,0.08,42.41,0.08,327.66,0.31,44.19,0.3,200.17,0.79,43.96,0.79,129.06,0.46,43.44,0.45,86.09,0.32,43.61,0.31,147.12,0.41,43.9,0.41,161.66,0.54,43.44,0.52,75.58,0.91,44.19,0.91,259.47,0.18,43.56,0.18,219.51,0.35,44.25,0.36,143.34,-1625,-1500,-1800,43.714999999999996,5.890000000000001,0 days 00:10:00,True,47,-1635.0,-1634.0,-1640.0,-1642.0,-1645.0,-1644.0,BELOW
2026-08-24 23:10:57,30.98,68.29,0.75,43.9,0.75,158.19,0.84,43.79,0.86,227.61,0.08,42.58,0.08,327.66,0.31,44.02,0.31,199.39,0.79,43.9,0.81,135.14,0.46,43.1,0.46,103.52,0.32,43.56,0.33,151.97,0.41,43.67,0.42,173.1,0.54,43.61,0.54,69.04,0.91,43.67,0.93,327.66,0.18,43.1,0.18,284.69,0.35,44.19,0.36,138.55,-1632,-1500,-1800,43.59083333333334,6.03,0 days 00:10:00,True,47,-1625.0,-1635.0,-1634.0,-1640.0,-1642.0,-1645.0,BELOW
2026-08-24 23:20:57,31.14,67.75,0.75,42.87,0.76,199.89,0.84,44.12,0.87,179.4,0.08,42.7,0.08,327.66,0.31,43.96,0.32,225.12,0.79,43.61,0.8,153.86,0.46,43.27,0.45,93.32,0.32,43.96,0.32,138.0,0.41,44.02,0.4,145.58,0.54,43.1,0.54,82.82,0.91,43.84,0.88,301.82,0.18,43.21,0.18,291.15,0.35,43.96,0.35,162.08,-1628,-1500,-1800,43.551666666666655,5.949999999999999,0 days 00:10:00,True,47,-1632.0,-1625.0,-1635.0,-1634.0,-1640.0,-1642.0,BELOW
2026-08-24 23:30:58,31.09,67.78,0.75,43.73,0.78,178.0,0.84,43.73,0.86,210.09,0.08,42.46,0.08,327.66,0.31,44.3,0.32,177.59,0.79,43.79,0.79,138.84,0.46,43.15,0.46,113.88,0.32,44.07,0.33,117.43,0.41,43.56,0.41,197.3,0.54,43.73,0.56,68.97,0.91,43.96,0.92,244.54,0.18,43.37,0.18,232.54,0.35,44.12,0.34,155.48,-1622,-1500,-1800,43.66416666666666,6.029999999999999,0 days 00:10:01,True,47,-1628.0,-1632.0,-1625.0,-1635.0,-1634.0,-1640.0,BELOW
2026-08-24 23:40:58,30.56,70.52,0.75,43.21,0.72,214.09,0.84,44.02,0.87,174.46,0.08,42.35,0.08,327.66,0.31,44.36,0.32,169.47,0.79,43.5,0.76,149.73,0.46,43.33,0.47,87.39,0.32,44.12,0.31,116.61,0.41,43.79,0.41,167.28,0.54,43.15,0.55,79.44,0.91,44.07,0.94,274.03,0.18,43.56,0.18,203.11,0.35,43.67,0.35,173.1,-1625,-1500,-1800,43.594166666666666,5.959999999999999,0 days 00:10:00,True,47,-1622.0,-1628.0,-1632.0,-1625.0,-1635.0,-1634.0,BELOW
2026-08-24 23:50:57,29.86,72.23,0.75,43.27,0.74,207.87,0.84,43.5,0.82,218.94,0.08,42.58,0.08,327.66,0.31,44.42,0.3,178.29,0.79,43.9,0.79,142.05,0.46,43.5,0.45,84.62,0.32,43.67,0.33,138.66,0.41,43.96,0.42,140.8,0.54,43.56,0.54,74.75,0.91,43.79,0.91,315.97,0.18,43.15,0.18,291.15,0.35,43.73,0.36,182.45,-1623,-1500,-1800,43.58583333333334,5.920000000000001,0 days 00:09:59,True,47,-1625.0,-1622.0,-1628.0,-1632.0,-1625.0,-1635.0,BELOW
2026-08-25 00:00:57,29.38,73.21,0.75,43.37,0.77,188.2,0.84,43.5,0.86,209.26,0.08,42.52,0.08,327.66,0.31,44.3,0.3,187.55,0.79,43.79,0.77,127.38,0.46,43.37,0.47,82.98,0.32,44.02,0.31,117.28,0.41,43.84,0.42,151.11,0.54,43.9,0.54,71.01,0.91,44.36,0.89,255.09,0.18,43.73,0.18,189.7,0.35,43.9,0.34,154.47,-1619,-1500,-1800,43.71666666666666,5.929999999999999,0 days 00:10:00,True,47,-1623.0,-1625.0,-1622.0,-1628.0,-1632.0,-1625.0,BELOW
2026-08-25 00:10:57,29.17,73.82,0.75,43.84,0.77,157.98,0.84,43.73,0.87,203.64,0.08,42.58,0.08,327.66,0.31,44.02,0.32,225.4,0.79,43.56,0.79,151.97,0.46,43.15,0.45,94.37,0.32,43.73,0.33,135.94,0.41,43.5,0.4,186.39,0.54,43.04,0.52,84.88,0.91,43.73,0.88,288.88,0.18,43.15,0.18,284.69,0.35,44.07,0.36,142.42,-1617,-1500,-1800,43.50833333333333,5.950000000000001,0 days 00:10:00,True,47,-1619.0,-1623.0,-1625.0,-1622.0,-1628.0,-1632.0,BELOW
2026-08-25 00:20:57,29.38,73.3,0.75,43.79,0.77,165.5,0.84,44.12,0.82,164.62,0.08,42.58,0.08,327.66,0.31,43.96,0.32,188.12,0.79,43.61,0.8,150.31,0.46,43.27,0.46,94.75,0.32,43.67,0.31,152.17,0.41,43.61,0.4,181.97,0.54,43.27,0.54,78.29,0.91,44.25,0.94,241.9,0.18,43.61,0.18,219.81,0.35,43.67,0.36,184.64,-1614,-1500,-1800,43.6175,5.9799999999999995,0 days 00:10:00,True,47,-1617.0,-1619.0,-1623.0,-1625.0,-1622.0,-1628.0,BELOW
2026-08-25 00:30:57,28.79,74.8,0.75,43.79,0.76,163.34,0.84,44.02,0.86,186.09,0.08,42.24,0.08,327.66,0.31,44.42,0.32,171.54,0.79,43.96,0.8,139.39,0.46,43.04,0.46,94.64,0.32,43.61,0.31,151.97,0.41,43.79,0.41,167.28,0.54,43.15,0.56,82.93,0.91,44.07,0.89,236.87,0.18,43.5,0.18,215.51,0.35,44.19,0.34,134.73,-1616,-1500,-1800,43.64833333333333,5.97,0 days 00:10:00,True,47,-1614.0,-1617.0,-1619.0,-1623.0,-1625.0,-1622.0,BELOW
2026-08-25 00:40:58,28.58,75.1,0.75,43.79,0.77,169.32,0.84,44.12,0.86,179.17,0.08,42.41,0.08,327.66,0.31,43.96,0.3,221.54,0.79,43.67,0.82,140.06,0.46,43.67,0.46,97.39,0.32,43.1,0.31,130.14,0.41,43.84,0.4,169.54,0.54,43.33,0.54,80.44,0.91,43.73,0.91,308.13,0.18,43.15,0.18,297.47,0.35,43.67,0.35,170.96,-1616,-1500,-1800,43.53666666666667,5.979999999999999,0 days 00:10:01,True,47,-1616.0,-1614.0,-1617.0,-1619.0,-1623.0,-1625.0,BELOW
2026-08-25 00:50:57,28.53,74.74,0.75,43.84,0.74,161.44,0.84,44.07,0.87,166.37,0.08,42.35,0.08,327.66,0.31,44.48,0.31,167.89,0.79,43.44,0.8,156.73,0.46,43.73,0.47,82.32,0.32,43.61,0.32,147.12,0.41,43.79,0.41,169.32,0.54,43.67,0.53,69.49,0.91,43.79,0.9,267.0,0.18,43.27,0.18,263.15,0.35,44.07,0.36,147.3,-1613,-1500,-1800,43.67583333333334,5.97,0 days 00:09:59,True,47,-1616.0,-1616.0,-1614.0,-1617.0,-1619.0,-1623.0,BELOW
2026-08-25 01:00:57,28.63,74.77,0.75,43.84,0.78,169.32,0.84,44.12,0.85,240.95,0.08,42.41,0.08,327.66,0.31,43.79,0.3,224.23,0.79,43.73,0.77,133.14,0.46,43.15,0.47,95.68,0.32,43.96,0.32,119.13,0.41,44.02,0.4,142.42,0.54,43.33,0.55,82.25,0.91,43.79,0.94,289.63,0.18,43.27,0.18,280.38,0.35,44.3,0.36,120.07,-1605,-1500,-1800,43.64249999999999,5.999999999999999,0 days 00:10:00,True,47,-1613.0,-1616.0,-1616.0,-1614.0,-1617.0,-1619.0,TARGET
2026-08-25 01:10:57,28.31,75.32,0.75,43.79,0.78,180.31,0.84,44.12,0.85,179.4,0.08,42.64,0.08,327.66,0.31,44.42,0.3,176.06,0.79,43.56,0.81,150.12,0.46,43.15,0.47,97.87,0.32,43.44,0.33,140.73,0.41,44.07,0.4,139.75,0.54,43.33,0.52,80.33,0.91,44.02,0.93,273.66,0.18,43.44,0.18,241.67,0.35,43.67,0.35,161.01,-1600,-1500,-1800,43.637499999999996,6.0,0 days 00:10:00,True,47,-1605.0,-1613.0,-1616.0,-1616.0,-1614.0,-1617.0,TARGET
2026-08-25 01:20:57,27.88,77.09,0.75,43.27,0.73,204.78,0.84,43.44,0.86,181.25,0.08,42.7,0.08,327.66,0.31,44.02,0.31,218.08,0.79,43.44,0.76,167.99,0.46,43.33,0.47,96.88,0.32,43.73,0.31,137.47,0.41,43.9,0.4,161.87,0.54,43.67,0.55,70.65,0.91,43.84,0.9,327.66,0.18,43.21,0.18,327.66,0.35,43.73,0.35,173.32,-1605,-1500,-1800,43.52333333333333,5.8999999999999995,0 days 00:10:00,True,47,-1600.0,-1605.0,-1613.0,-1616.0,-1616.0,-1614.0,TARGET
2026-08-25 01:30:57,28.21,76.69,0.75,43.73,0.73,167.06,0.84,43.5,0.85,276.22,0.08,42.41,0.08,327.66,0.31,44.48,0.31,171.99,0.79,43.84,0.78,131.14,0.46,43.27,0.47,96.62,0.32,44.02,0.32,116.16,0.41,43.79,0.42,165.29,0.54,43.33,0.54,76.75,0.91,44.07,0.91,268.75,0.18,43.44,0.18,241.99,0.35,43.73,0.36,180.08,-1603,-1500,-1800,43.63416666666666,5.95,0 days 00:10:00,True,47,-1605.0,-1600.0,-1605.0,-1613.0,-1616.0,-1616.0,TARGET
2026-08-25 01:40:58,27.78,77.57,0.75,43.73,0.74,182.45,0.84,43.9,0.81,165.72,0.08,42.29,0.08,327.66,0.31,44.12,0.31,202.81,0.79,43.84,0.78,130.98,0.46,42.98,0.45,103.39,0.32,43.79,0.32,124.92,0.41,43.56,0.4,186.64,0.54,43.27,0.55,87.95,0.91,44.02,0.88,278.78,0.18,43.44,0.18,259.9,0.35,43.96,0.36,169.99,-1599,-1500,-1800,43.574999999999996,5.86,0 days 00:10:01,True,47,-1603.0,-1605.0,-1600.0,-1605.0,-1613.0,-1616.0,TARGET
2026-08-25 01:50:58,27.67,77.7,0.75,43.27,0.73,198.84,0.84,43.96,0.85,191.19,0.08,42.52,0.08,327.66,0.31,44.07,0.3,208.59,0.79,43.9,0.82,129.06,0.46,43.27,0.46,94.62,0.32,43.56,0.31,160.37,0.41,44.07,0.4,153.56,0.54,43.1,0.53,83.84,0.91,44.25,0.93,237.79,0.18,43.67,0.18,189.7,0.35,43.73,0.35,195.3,-1593,-1500,-1800,43.61416666666667,5.9399999999999995,0 days 00:10:00,True,47,-1599.0,-1603.0,-1605.0,-1600.0,-1605.0,-1613.0,TARGET
2026-08-25 02:00:57,27.88,76.6,0.75,43.44,0.75,202.3,0.84,43.56,0.87,246.62,0.08,42.35,0.08,327.66,0.31,44.42,0.31,176.29,0.79,43.5,0.81,166.18,0.46,43.15,0.46,97.18,0.32,43.5,0.32,155.17,0.41,44.02,0.4,166.16,0.54,43.73,0.54,72.97,0.91,44.02,0.88,273.66,0.18,43.37,0.18,237.18,0.35,43.96,0.34,164.2,-1594,-1500,-1800,43.585,5.9399999999999995,0 days 00:09:59,True,47,-1593.0,-1599.0,-1603.0,-1605.0,-1600.0,-1605.0,TARGET
2026-08-25 02:10:57,27.56,78.09,0.75,43.37,0.76,211.64,0.84,43.73,0.87,219.81,0.08,42.58,0.08,327.66,0.31,44.42,0.31,227.17,0.79,43.9,0.81,156.0,0.46,43.44,0.46,83.48,0.32,43.79,0.31,133.67,0.41,43.56,0.41,189.45,0.54,43.67,0.53,71.47,0.91,43.73,0.94,308.53,0.18,43.33,0.18,286.22,0.35,43.96,0.35,160.22,-1597,-1500,-1800,43.62333333333334,6.01,0 days 00:10:00,True,47,-1594.0,-1593.0,-1599.0,-1603.0,-1605.0,-1600.0,TARGET
2026-08-25 02:20:57,27.83,76.32,0.75,43.44,0.74,188.95,0.84,43.73,0.87,210.09,0.08,42.24,0.08,327.66,0.31,44.36,0.3,163.56,0.79,44.02,0.8,123.5,0.46,43.5,0.46,81.12,0.32,43.84,0.31,133.67,0.41,43.96,0.42,151.7,0.54,43.1,0.56,83.84,0.91,43.73,0.92,327.66,0.18,43.1,0.18,310.57,0.35,44.19,0.34,138.73,-1593,-1500,-1800,43.600833333333334,5.9799999999999995,0 days 00:10:00,True,47,-1597.0,-1594.0,-1593.0,-1599.0,-1603.0,-1605.0,TARGET
2026-08-25 02:30:57,27.56,77.97,0.75,43.67,0.72,189.7,0.84,44.02,0.86,201.75,0.08,42.64,0.08,327.66,0.31,44.02,0.32,263.69,0.79,43.56,0.76,145.56,0.46,43.27,0.47,91.47,0.32,43.67,0.32,140.06,0.41,43.27,0.42,180.53,0.54,43.37,0.55,76.0,0.91,44.3,0.94,275.46,0.18,43.61,0.18,219.51,0.35,43.96,0.35,162.08,-1598,-1500,-1800,43.61333333333334,5.969999999999999,0 days 00:10:00,True,47,-1593.0,-1597.0,-1594.0,-1593.0,-1599.0,-1603.0,TARGET
2026-08-25 02:40:58,27.19,79.13,0.75,43.37,0.73,205.32,0.84,44.02,0.84,170.21,0.08,42.35,0.08,327.66,0.31,44.36,0.31,169.47,0.79,43.37,0.82,159.95,0.46,43.1,0.47,95.02,0.32,43.96,0.32,115.2,0.41,44.07,0.41,147.3,0.54,43.1,0.55,82.32,0.91,44.12,0.9,259.47,0.18,43.5,0.18,222.47,0.35,43.73,0.36,156.0,-1592,-1500,-1800,43.587500000000006,5.970000000000001,0 days 00:10:01,True,47,-1598.0,-1593.0,-1597.0,-1594.0,-1593.0,-1599.0,TARGET
2026-08-25 02:50:58,27.56,78.64,0.75,43.67,0.78,158.75,0.84,44.02,0.83,178.94,0.08,42.81,0.08,327.66,0.35,43.9,0.36,143.31,0.79,43.79,0.76,132.06,0.46,42.93,0.45,109.03,0.32,43.96,0.33,109.75,0.41,43.73,0.42,177.76,0.54,43.5,0.56,74.96,0.91,43.73,0.94,315.13,0.18,43.15,0.18,311.41,0.35,43.61,0.36,179.6,-1591,-1500,-1800,43.56666666666666,6.05,0 days 00:10:00,True,47,-1592.0,-1598.0,-1593.0,-1597.0,-1594.0,-1593.0,TARGET
2026-08-25 03:20:57,27.35,77.67,0.75,43.79,0.75,161.23,0.84,43.67,0.87,206.4,0.08,42.75,0.08,327.66,0.31,43.44,0.32,229.58,0.79,43.96,0.81,125.57,0.46,42.98,0.47,103.39,0.32,43.5,0.33,174.83,0.41,43.84,0.4,140.42,0.54,43.15,0.56,84.47,0.91,44.19,0.91,250.54,0.18,43.56,0.18,223.06,0.35,43.73,0.34,210.09,-1591,-1500,-1800,43.546666666666674,6.02,0 days 00:10:00,True,47,-1581.0,-1583.0,-1591.0,-1592.0,-1598.0,-1593.0,TARGET
2026-08-25 03:30:57,27.51,77.02,0.75,43.61,0.75,170.96,0.84,44.02,0.85,172.08,0.08,42.81,0.08,294.69,0.31,44.36,0.31,216.12,0.79,43.5,0.8,154.98,0.46,43.33,0.46,85.98,0.32,44.02,0.31,136.83,0.41,44.07,0.42,142.78,0.54,43.61,0.56,70.92,0.91,43.67,0.93,308.13,0.18,43.04,0.18,296.68,0.35,43.84,0.36,156.41,-1591,-1500,-1800,43.656666666666666,6.01,0 days 00:10:00,True,47,-1591.0,-1581.0,-1583.0,-1591.0,-1592.0,-1598.0,TARGET
2026-08-25 03:40:57,27.46,78.61,0.75,43.37,0.72,225.51,0.84,43.61,0.84,219.81,0.08,42.46,0.08,327.66,0.31,44.36,0.3,161.67,0.79,43.61,0.81,148.7,0.46,42.87,0.45,102.34,0.32,43.9,0.33,117.96,0.41,44.12,0.42,128.37,0.54,43.61,0.56,73.17,0.91,43.73,0.94,295.01,0.18,43.15,0.18,273.68,0.35,43.73,0.35,180.08,-1590,-1500,-1800,43.54333333333333,5.979999999999999,0 days 00:10:00,True,47,-1591.0,-1591.0,-1581.0,-1583.0,-1591.0,-1592.0,TARGET
2026-08-25 05:40:57,27.46,78.0,0.75,43.33,0.76,211.36,0.84,44.07,0.81,172.53,0.08,42.7,0.08,327.66,0.31,44.07,0.3,215.01,0.79,43.79,0.76,129.75,0.46,43.15,0.46,99.16,0.32,44.02,0.33,113.47,0.41,43.33,0.4,275.13,0.54,43.61,0.53,74.25,0.91,43.96,0.9,268.06,0.18,43.33,0.18,269.74,0.35,44.02,0.34,168.37,-1593,-1500,-1800,43.615,5.85,0 days 00:10:00,True,47,-1589.0,-1583.0,-1584.0,-1584.0,-1586.0,-1580.0,TARGET
2026-08-25 07:10:58,27.56,77.15,0.75,43.61,0.76,195.04,0.84,44.19,0.81,197.09,0.08,42.41,0.08,327.66,0.31,44.48,0.3,169.91,0.79,43.79,0.8,132.23,0.46,43.33,0.45,88.63,0.32,43.61,0.33,147.12,0.41,44.02,0.41,145.39,0.54,43.15,0.56,81.93,0.91,44.19,0.89,264.37,0.18,43.56,0.18,230.19,0.35,44.12,0.34,142.78,-1609,-1500,-1800,43.70499999999999,5.909999999999999,0 days 00:10:00,True,48,-1604.0,-1597.0,-1596.0,-1596.0,-1590.0,-1592.0,TARGET
2026-08-25 07:20:57,27.72,77.06,0.75,43.73,0.72,180.08,0.84,43.56,0.87,226.42,0.08,42.24,0.08,327.66,0.31,44.48,0.32,178.51,0.79,43.67,0.76,168.87,0.46,43.44,0.47,82.98,0.32,44.02,0.32,110.62,0.41,44.02,0.42,155.28,0.54,43.73,0.56,68.21,0.91,43.79,0.88,323.31,0.18,43.15,0.18,311.41,0.35,44.07,0.35,153.17,-1602,-1500,-1800,43.65833333333333,5.929999999999999,0 days 00:09:59,True,48,-1609.0,-1604.0,-1597.0,-1596.0,-1596.0,-1590.0,TARGET
2026-08-25 07:30:57,27.99,76.51,0.75,43.79,0.73,171.41,0.84,43.96,0.82,188.36,0.08,42.52,0.08,327.66,0.31,44.25,0.3,212.58,0.79,43.9,0.77,130.27,0.46,43.1,0.45,101.22,0.32,43.5,0.32,156.73,0.41,43.73,0.42,173.55,0.54,43.67,0.56,75.67,0.91,44.3,0.94,260.15,0.18,43.73,0.18,192.58,0.35,43.61,0.35,179.6,-1607,-1500,-1800,43.671666666666674,5.92,0 days 00:10:00,True,48,-1602.0,-1609.0,-1604.0,-1597.0,-1596.0,-1596.0,TARGET
2026-08-25 07:40:57,28.58,74.61,0.75,43.84,0.75,159.8,0.84,44.02,0.82,186.09,0.08,42.35,0.08,327.66,0.31,44.3,0.32,197.86,0.79,43.84,0.77,138.84,0.46,43.44,0.45,83.09,0.32,43.9,0.32,124.29,0.41,44.07,0.41,147.11,0.54,43.21,0.56,82.15,0.91,43.79,0.88,301.82,0.18,43.15,0.18,291.15,0.35,44.02,0.35,151.7,-1615,-1500,-1800,43.66083333333333,5.89,0 days 00:10:00,True,48,-1607.0,-1602.0,-1609.0,-1604.0,-1597.0,-1596.0,BELOW
2026-08-25 07:50:58,29.01,73.48,0.75,43.79,0.78,154.26,0.84,44.12,0.82,170.65,0.08,42.46,0.08,327.66,0.31,44.02,0.3,196.32,0.79,43.61,0.81,158.95,0.46,43.1,0.46,95.43,0.32,44.02,0.31,117.13,0.41,43.73,0.4,169.1,0.54,43.79,0.55,72.58,0.91,44.25,0.89,233.53,0.18,43.67,0.18,187.12,0.35,43.61,0.34,168.87,-1604,-1500,-1800,43.68083333333334,5.919999999999999,0 days 00:10:01,True,48,-1615.0,-1607.0,-1602.0,-1609.0,-1604.0,-1597.0,TARGET
2026-08-25 08:00:58,29.54,71.99,0.75,42.98,0.78,206.5,0.84,44.12,0.82,168.6,0.08,42.75,0.08,327.66,0.31,44.42,0.32,176.06,0.79,44.02,0.8,126.88,0.46,43.37,0.46,86.52,0.32,43.44,0.32,153.05,0.41,43.84,0.42,163.56,0.54,43.27,0.55,80.33,0.91,44.3,0.92,246.46,0.18,43.67,0.18,200.69,0.35,44.3,0.35,137.73,-1617,-1500,-1800,43.706666666666656,5.999999999999999,0 days 00:10:00,True,48,-1604.0,-1615.0,-1607.0,-1602.0,-1609.0,-1604.0,BELOW
2026-08-25 08:10:58,29.86,70.83,0.75,43.61,0.76,184.39,0.84,43.21,0.87,211.36,0.08,42.35,0.08,327.66,0.31,44.42,0.3,193.19,0.79,43.61,0.77,158.95,0.46,43.33,0.46,120.18,0.32,44.02,0.32,119.29,0.41,44.07,0.41,148.67,0.54,43.21,0.55,82.43,0.91,43.9,0.92,316.38,0.18,43.21,0.18,326.66,0.35,43.73,0.36,173.55,-1615,-1500,-1800,43.55583333333332,5.9799999999999995,0 days 00:10:00,True,48,-1617.0,-1604.0,-1615.0,-1607.0,-1602.0,-1609.0,BELOW
2026-08-25 08:20:58,30.56,69.45,0.75,43.5,0.75,200.15,0.84,43.9,0.84,193.34,0.08,42.87,0.08,327.66,0.31,44.19,0.32,200.43,0.79,43.61,0.77,157.14,0.46,43.37,0.45,85.56,0.32,43.73,0.33,142.95,0.41,43.5,0.41,229.89,0.54,43.61,0.53,76.08,0.91,44.3,0.93,241.9,0.18,43.73,0.18,200.69,0.35,44.25,0.36,141.53,-1615,-1500,-1800,43.71333333333334,5.95,0 days 00:10:00,True,48,-1615.0,-1617.0,-1604.0,-1615.0,-1607.0,-1602.0,BELOW
2026-08-25 08:30:57,30.98,68.54,0.75,43.67,0.76,173.1,0.84,43.79,0.87,201.48,0.08,42.64,0.08,327.66,0.31,43.96,0.31,204.98,0.79,43.9,0.8,126.55,0.46,43.33,0.47,95.53,0.32,43.9,0.31,121.21,0.41,44.12,0.41,141.34,0.54,43.15,0.53,84.99,0.91,43.96,0.92,278.78,0.18,43.37,0.18,269.74,0.35,44.25,0.34,152.5,-1620,-1500,-1800,43.669999999999995,5.9799999999999995,0 days 00:09:59,True,48,-1615.0,-1615.0,-1617.0,-1604.0,-1615.0,-1607.0,BELOW
2026-08-25 09:30:58,32.85,60.79,0.75,43.96,0.72,171.86,0.84,43.84,0.81,201.22,0.08,42.81,0.08,327.66,0.31,44.02,0.31,228.51,0.79,43.73,0.77,141.3,0.46,43.15,0.47,126.53,0.32,43.61,0.32,147.31,0.41,43.79,0.41,169.32,0.54,43.27,0.54,82.25,0.91,44.36,0.88,275.81,0.18,43.67,0.18,206.68,0.35,43.73,0.36,175.29,-1633,-1500,-1800,43.66166666666667,5.85,0 days 00:10:00,True,48,-1627.0,-1632.0,-1627.0,-1623.0,-1625.0,-1620.0,BELOW
2026-08-25 10:10:58,34.67,58.25,0.75,43.79,0.72,161.66,0.84,44.19,0.81,166.81,0.08,42.7,0.08,327.66,0.31,44.48,0.32,182.92,0.79,43.61,0.82,156.95,0.46,43.5,0.47,81.12,0.32,44.07,0.32,114.55,0.41,44.19,0.41,142.98,0.54,43.5,0.55,76.51,0.91,44.19,0.88,280.6,0.18,43.56,0.18,234.09,0.35,44.12,0.34,151.89,-1634,-1500,-1800,43.824999999999996,5.8999999999999995,0 days 00:10:00,True,48,-1640.0,-1635.0,-1629.0,-1633.0,-1627.0,-1632.0,BELOW
2026-08-25 10:20:58,35.36,56.63,0.75,43.56,0.74,197.57,0.84,44.19,0.83,179.64,0.08,42.52,0.08,327.66,0.31,44.36,0.31,190.09,0.79,43.61,0.79,148.7,0.46,43.33,0.46,93.97,0.32,44.07,0.33,111.8,0.41,44.02,0.42,164.41,0.54,43.84,0.56,68.72,0.91,43.96,0.89,296.19,0.18,43.33,0.18,298.26,0.35,44.25,0.36,138.73,-1639,-1500,-1800,43.75333333333333,5.949999999999999,0 days 00:10:00,True,48,-1634.0,-1640.0,-1635.0,-1629.0,-1633.0,-1627.0,BELOW
2026-08-25 10:50:57,35.42,55.69,0.75,43.79,0.78,165.5,0.84,43.67,0.86,200.69,0.08,42.35,0.08,327.66,0.31,44.59,0.31,166.34,0.79,43.79,0.82,141.86,0.46,43.04,0.46,104.04,0.32,43.84,0.32,133.5,0.41,43.96,0.4,163.99,0.54,43.9,0.53,75.65,0.91,44.36,0.94,234.43,0.18,43.79,0.18,187.62,0.35,43.84,0.36,171.62,-1647,-1500,-1800,43.74333333333334,6.04,0 days 00:09:59,True,48,-1641.0,-1642.0,-1639.0,-1634.0,-1640.0,-1635.0,BELOW
2026-08-25 11:00:57,35.74,55.02,0.75,43.84,0.75,185.37,0.84,44.12,0.81,177.36,0.08,42.87,0.08,327.66,0.31,44.42,0.31,190.58,0.79,43.56,0.8,158.75,0.46,43.21,0.47,97.74,0.32,43.96,0.33,129.23,0.41,44.02,0.42,164.2,0.54,43.61,0.52,77.68,0.91,44.25,0.89,259.82,0.18,43.67,0.18,230.79,0.35,43.84,0.36,156.0,-1644,-1500,-1800,43.780833333333334,5.92,0 days 00:10:00,True,48,-1647.0,-1641.0,-1642.0,-1639.0,-1634.0,-1640.0,BELOW
2026-08-25 11:10:58,35.84,54.77,0.75,43.56,0.76,186.64,0.84,43.9,0.86,193.34,0.08,42.58,0.08,327.66,0.31,44.02,0.3,221.54,0.79,43.79,0.82,149.28,0.46,43.21,0.46,95.02,0.32,43.73,0.33,142.95,0.41,44.02,0.41,149.87,0.54,43.73,0.53,73.75,0.91,44.02,0.94,284.84,0.18,43.44,0.18,270.1,0.35,43.96,0.36,165.94,-1639,-1500,-1800,43.663333333333334,6.03,0 days 00:10:01,True,48,-1644.0,-1647.0,-1641.0,-1642.0,-1639.0,-1634.0,BELOW
2026-08-25 11:20:58,35.95,53.98,0.75,43.33,0.74,208.15,0.84,43.84,0.86,235.93,0.08,42.93,0.08,272.22,0.31,44.48,0.32,182.92,0.79,43.9,0.82,148.28,0.46,43.61,0.47,80.86,0.32,43.67,0.33,157.56,0.41,44.02,0.4,160.42,0.54,43.73,0.55,72.58,0.91,44.42,0.92,242.84,0.18,43.73,0.18,198.09,0.35,44.36,0.36,130.23,-1645,-1500,-1800,43.835,6.03,0 days 00:10:00,True,48,-1639.0,-1644.0,-1647.0,-1641.0,-1642.0,-1639.0,BELOW
2026-08-25 11:30:58,36.22,52.85,0.75,43.5,0.73,203.11,0.84,43.61,0.85,223.06,0.08,42.7,0.08,327.66,0.31,44.71,0.31,177.2,0.79,43.79,0.77,130.81,0.46,43.5,0.45,90.15,0.32,43.73,0.33,144.25,0.41,44.36,0.42,155.89,0.54,43.5,0.52,78.36,0.91,44.3,0.91,246.46,0.18,43.67,0.18,216.65,0.35,44.19,0.36,153.97,-1642,-1500,-1800,43.796666666666674,5.910000000000001,0 days 00:10:00,True,48,-1645.0,-1639.0,-1644.0,-1647.0,-1641.0,-1642.0,BELOW
2026-08-25 11:40:58,36.33,53.25,0.75,43.61,0.73,200.43,0.84,43.79,0.82,217.23,0.08,42.46,0.08,327.66,0.31,44.59,0.31,166.34,0.79,43.9,0.77,139.39,0.46,43.37,0.45,91.1,0.32,43.73,0.31,135.75,0.41,43.67,0.4,177.54,0.54,43.79,0.53,74.24,0.91,44.36,0.94,246.78,0.18,43.73,0.18,203.9,0.35,44.02,0.35,166.16,-1642,-1500,-1800,43.75166666666667,5.869999999999999,0 days 00:10:00,True,48,-1642.0,-1645.0,-1639.0,-1644.0,-1647.0,-1641.0,BELOW
2026-08-25 11:50:58,36.16,51.69,0.75,43.44,0.74,199.64,0.84,43.84,0.81,201.48,0.08,42.52,0.08,327.66,0.31,44.36,0.3,187.31,0.79,43.96,0.76,133.84,0.46,43.1,0.45,101.98,0.32,44.07,0.33,117.43,0.41,43.79,0.42,169.54,0.54,43.15,0.52,80.01,0.91,44.36,0.88,242.53,0.18,43.79,0.18,195.55,0.35,44.25,0.34,137.37,-1639,-1500,-1800,43.71916666666667,5.81,0 days 00:10:00,True,48,-1642.0,-1642.0,-1645.0,-1639.0,-1644.0,-1647.0,BELOW
2026-08-25 12:00:57,36.75,50.44,0.75,43.79,0.78,180.55,0.84,43.73,0.84,213.6,0.08,42.41,0.08,327.66,0.31,44.12,0.32,233.23,0.79,43.96,0.81,139.39,0.46,43.21,0.47,108.89,0.32,44.02,0.33,125.89,0.41,44.19,0.4,144.45,0.54,43.21,0.54,85.63,0.91,44.12,0.88,291.53,0.18,43.44,0.18,255.43,0.35,44.19,0.35,150.66,-1638,-1500,-1800,43.69916666666666,5.9799999999999995,0 days 00:09:59,True,48,-1639.0,-1642.0,-1642.0,-1645.0,-1639.0,-1644.0,BELOW
2026-08-25 12:10:58,37.02,52.45,0.75,43.9,0.78,183.17,0.84,44.02,0.82,188.61,0.08,42.46,0.08,327.66,0.31,44.02,0.32,225.12,0.79,43.96,0.82,123.35,0.46,43.44,0.47,91.22,0.32,43.9,0.31,131.33,0.41,43.73,0.41,175.51,0.54,44.02,0.54,72.97,0.91,44.42,0.94,238.72,0.18,43.79,0.18,201.22,0.35,44.3,0.36,144.83,-1645,-1500,-1800,43.830000000000005,6.03,0 days 00:10:01,True,48,-1638.0,-1639.0,-1642.0,-1642.0,-1645.0,-1639.0,BELOW
2026-08-25 12:40:58,37.13,51.6,0.75,43.79,0.74,180.08,0.84,44.19,0.86,177.83,0.08,42.81,0.08,327.66,0.31,44.02,0.3,214.73,0.75,44.02,0.73,168.16,0.46,42.93,0.46,84.42,0.32,43.96,0.33,130.44,0.41,43.73,0.42,175.29,0.54,43.33,0.54,82.15,0.91,44.12,0.91,236.87,0.18,43.67,0.18,195.04,0.35,44.36,0.35,149.64,-1649,-1500,-1800,43.744166666666665,5.8999999999999995,0 days 00:10:00,True,48,-1639.0,-1639.0,-1645.0,-1638.0,-1639.0,-1642.0,BELOW
2026-08-25 12:50:58,37.39,51.05,0.75,43.9,0.77,217.51,0.84,44.07,0.83,191.19,0.08,42.81,0.08,327.66,0.31,44.12,0.3,205.51,0.79,43.56,0.78,160.81,0.46,43.44,0.47,87.85,0.32,43.9,0.32,126.55,0.41,43.84,0.41,163.56,0.54,43.21,0.55,80.86,0.91,43.9,0.88,316.38,0.18,43.27,0.18,298.26,0.35,43.79,0.35,173.55,-1643,-1500,-1800,43.65083333333333,5.92,0 days 00:10:00,True,48,-1649.0,-1639.0,-1639.0,-1645.0,-1638.0,-1639.0,BELOW
2026-08-25 14:20:58,39.21,47.51,0.75,43.9,0.73,174.24,0.84,43.67,0.86,223.65,0.08,42.64,0.08,327.66,0.31,44.59,0.31,172.21,0.79,44.02,0.77,125.74,0.46,43.56,0.45,86.43,0.32,43.67,0.31,149.09,0.41,43.79,0.42,201.48,0.54,43.15,0.52,80.97,0.91,44.19,0.88,269.81,0.18,43.61,0.18,256.44,0.35,43.79,0.36,146.14,-1642,-1500,-1800,43.715,5.87,0 days 00:10:00,True,49,-1646.0,-1643.0,-1647.0,-1648.0,-1647.0,-1647.0,BELOW
2026-08-25 15:50:58,36.7,56.82,0.75,43.67,0.72,200.69,0.84,43.73,0.81,216.65,0.08,42.93,0.08,327.66,0.31,44.59,0.31,172.43,0.79,43.56,0.81,162.26,0.46,43.21,0.46,99.16,0.32,43.56,0.33,158.75,0.41,44.19,0.4,138.73,0.54,43.84,0.52,69.15,0.91,44.48,0.88,247.42,0.18,43.79,0.18,207.23,0.35,44.3,0.35,144.83,-1643,-1500,-1800,43.82083333333333,5.85,0 days 00:10:00,True,49,-1648.0,-1647.0,-1648.0,-1649.0,-1652.0,-1652.0,BELOW
2026-08-25 16:10:58,37.13,54.68,0.75,43.5,0.72,194.26,0.84,43.73,0.83,261.28,0.08,42.7,0.08,327.66,0.31,44.48,0.3,174.11,0.79,43.56,0.77,162.7,0.46,43.15,0.46,100.61,0.32,43.73,0.33,147.7,0.41,43.84,0.41,262.31,0.54,43.67,0.52,83.92,0.91,44.36,0.92,238.72,0.18,43.79,0.18,220.67,0.35,44.3,0.34,143.53,-1645,-1500,-1800,43.734166666666674,5.859999999999999,0 days 00:10:00,True,49,-1651.0,-1643.0,-1648.0,-1647.0,-1648.0,-1649.0,BELOW
2026-08-25 16:40:59,40.65,45.92,0.75,43.56,0.72,203.11,0.84,43.73,0.87,227.31,0.08,42.46,0.08,327.66,0.31,44.59,0.31,170.57,0.79,43.9,0.81,140.61,0.46,43.04,0.45,101.09,0.32,43.67,0.31,150.72,0.41,43.96,0.4,151.5,0.54,43.9,0.52,74.04,0.91,44.36,0.94,265.41,0.18,43.67,0.18,235.01,0.35,44.42,0.34,153.09,-1655,-1500,-1800,43.77166666666667,5.93,0 days 00:10:00,True,49,-1650.0,-1654.0,-1645.0,-1651.0,-1643.0,-1648.0,BELOW
2026-08-25 16:50:58,41.29,43.94,0.75,43.56,0.73,203.37,0.84,43.9,0.86,284.1,0.08,42.7,0.08,327.66,0.31,44.48,0.32,171.99,0.79,44.07,0.77,123.67,0.46,43.67,0.45,85.06,0.32,44.19,0.33,120.79,0.41,43.56,0.42,162.7,0.54,43.56,0.54,89.68,0.91,43.9,0.91,309.35,0.18,43.21,0.18,291.91,0.35,44.36,0.34,131.45,-1653,-1500,-1800,43.76333333333333,5.93,0 days 00:09:59,True,49,-1655.0,-1650.0,-1654.0,-1645.0,-1651.0,-1643.0,BELOW
2026-08-25 17:00:58,42.09,42.93,0.75,43.79,0.74,173.55,0.84,43.9,0.82,204.72,0.08,42.75,0.08,327.66,0.31,44.3,0.3,190.09,0.79,43.56,0.77,160.59,0.46,43.15,0.47,103.66,0.32,44.12,0.33,123.84,0.41,43.73,0.41,175.51,0.54,43.61,0.54,77.68,0.91,44.48,0.9,287.82,0.18,43.79,0.18,262.31,0.35,44.36,0.34,140.66,-1653,-1500,-1800,43.79500000000001,5.88,0 days 00:10:00,True,49,-1653.0,-1655.0,-1650.0,-1654.0,-1645.0,-1651.0,BELOW
2026-08-25 17:30:59,44.12,41.01,0.75,44.07,0.72,160.42,0.84,44.36,0.86,167.46,0.08,42.46,0.08,327.66,0.31,44.53,0.3,183.62,0.79,44.07,0.81,126.88,0.46,43.21,0.46,89.55,0.32,43.67,0.31,155.8,0.41,44.02,0.42,155.28,0.54,43.61,0.52,76.29,0.91,44.25,0.91,259.82,0.18,43.61,0.18,226.71,0.35,43.9,0.35,173.78,-1650,-1500,-1800,43.81333333333333,5.92,0 days 00:10:01,True,49,-1646.0,-1653.0,-1653.0,-1653.0,-1655.0,-1650.0,BELOW
2026-08-25 19:40:58,32.91,64.57,0.75,43.73,0.73,182.21,0.84,43.67,0.81,213.04,0.08,42.7,0.08,327.66,0.31,43.96,0.31,228.51,0.79,43.9,0.81,132.58,0.84,44.02,0.87,193.85,0.32,43.96,0.33,126.71,0.41,44.12,0.42,138.55,0.54,43.73,0.54,75.67,0.91,43.9,0.91,316.38,0.18,43.27,0.18,280.0,0.41,44.12,0.4,148.87,-1654,-1500,-1800,43.75666666666666,6.390000000000001,0 days 00:10:00,True,49,-1663.0,-1666.0,-1661.0,-1663.0,-1659.0,-1658.0,BELOW
2026-08-25 22:10:59,30.13,72.97,0.75,43.33,0.76,169.83,0.84,43.96,0.87,211.2,0.08,42.7,0.08,327.66,0.31,44.02,0.31,191.19,0.79,43.79,0.8,126.05,0.46,43.15,0.47,97.61,0.32,43.79,0.31,136.3,0.41,43.67,0.42,159.17,0.54,43.27,0.55,79.86,0.91,43.96,0.89,303.01,0.18,43.37,0.18,280.75,0.35,44.19,0.35,164.84,-1644,-1500,-1800,43.6,5.989999999999999,0 days 00:10:00,True,49,-1648.0,-1647.0,-1655.0,-1659.0,-1663.0,-1658.0,BELOW
2026-08-25 22:30:59,29.97,73.15,0.75,43.33,0.76,211.36,0.84,44.02,0.87,174.46,0.08,42.7,0.08,327.66,0.31,44.42,0.32,239.03,0.79,43.5,0.76,168.21,0.46,43.33,0.47,89.32,0.32,43.61,0.31,150.31,0.41,44.12,0.4,144.06,0.54,43.15,0.53,83.95,0.91,44.36,0.93,242.53,0.18,43.67,0.18,206.68,0.35,43.96,0.34,153.37,-1639,-1500,-1800,43.68083333333334,5.949999999999999,0 days 00:10:00,True,49,-1643.0,-1644.0,-1648.0,-1647.0,-1655.0,-1659.0,BELOW
2026-08-25 22:50:58,29.65,74.4,0.75,43.67,0.74,184.64,0.84,43.79,0.82,207.5,0.08,42.35,0.08,327.66,0.31,43.96,0.3,211.2,0.79,43.96,0.77,126.88,0.46,43.1,0.47,99.75,0.32,44.02,0.33,113.47,0.41,43.9,0.4,160.0,0.54,43.67,0.56,70.29,0.91,43.73,0.89,301.44,0.18,43.21,0.18,291.53,0.35,43.79,0.35,235.64,-1627,-1500,-1800,43.59583333333333,5.889999999999999,0 days 00:09:59,True,49,-1633.0,-1639.0,-1643.0,-1644.0,-1648.0,-1647.0,BELOW
2026-08-25 23:00:58,29.59,74.61,0.75,43.56,0.77,176.83,0.84,43.96,0.82,191.19,0.08,42.41,0.08,327.66,0.31,44.36,0.31,159.64,0.79,43.84,0.81,124.13,0.46,43.5,0.45,86.2,0.32,43.84,0.31,126.38,0.41,44.02,0.42,188.61,0.54,43.15,0.54,85.1,0.91,43.79,0.94,308.94,0.18,43.21,0.18,304.49,0.35,44.19,0.36,149.06,-1631,-1500,-1800,43.652499999999996,5.989999999999999,0 days 00:10:00,True,49,-1627.0,-1633.0,-1639.0,-1643.0,-1644.0,-1648.0,BELOW
2026-08-25 23:10:59,29.49,74.52,0.75,43.61,0.77,189.45,0.84,43.84,0.86,195.55,0.08,42.58,0.08,327.66,0.31,43.96,0.31,199.12,0.79,43.79,0.8,141.48,0.46,43.37,0.47,88.75,0.32,43.9,0.32,121.21,0.41,44.07,0.41,146.92,0.54,43.67,0.56,72.03,0.91,44.19,0.94,325.85,0.18,43.56,0.18,189.45,0.35,44.02,0.36,148.48,-1632,-1500,-1800,43.71333333333333,6.06,0 days 00:10:01,True,49,-1631.0,-1627.0,-1633.0,-1639.0,-1643.0,-1644.0,BELOW
2026-08-25 23:20:59,29.06,75.9,0.75,43.79,0.76,165.29,0.84,44.02,0.84,258.47,0.08,42.35,0.08,327.66,0.31,43.84,0.31,217.51,0.79,43.84,0.76,150.91,0.46,42.98,0.47,102.61,0.32,43.67,0.31,144.25,0.41,43.96,0.42,160.22,0.54,43.67,0.56,72.87,0.91,44.3,0.93,234.14,0.18,43.73,0.18,187.37,0.35,43.61,0.34,184.39,-1630,-1500,-1800,43.64666666666667,5.959999999999999,0 days 00:10:00,True,49,-1632.0,-1631.0,-1627.0,-1633.0,-1639.0,-1643.0,BELOW
2026-08-25 23:40:59,29.01,76.23,0.75,43.79,0.76,167.5,0.84,43.67,0.87,226.71,0.08,42.35,0.08,327.66,0.31,43.96,0.31,214.15,0.79,43.79,0.82,138.84,0.46,43.27,0.47,82.15,0.32,44.12,0.32,122.75,0.41,43.96,0.42,148.28,0.54,43.21,0.52,82.05,0.91,44.19,0.89,233.53,0.18,43.61,0.18,197.57,0.35,44.07,0.36,157.23,-1618,-1500,-1800,43.66583333333333,6.0,0 days 00:10:00,True,49,-1630.0,-1630.0,-1632.0,-1631.0,-1627.0,-1633.0,BELOW
2026-08-25 23:50:59,28.74,76.72,0.75,43.56,0.75,191.82,0.84,44.07,0.85,176.9,0.08,42.46,0.08,327.66,0.31,44.25,0.32,187.07,0.79,43.73,0.82,152.37,0.46,43.44,0.45,81.03,0.32,43.61,0.31,148.7,0.41,43.67,0.41,184.39,0.54,43.33,0.55,75.9,0.91,44.3,0.94,234.14,0.18,43.67,0.18,195.04,0.35,44.25,0.34,150.86,-1623,-1500,-1800,43.695,6.0,0 days 00:10:00,True,49,-1618.0,-1630.0,-1630.0,-1632.0,-1631.0,-1627.0,BELOW
2026-08-26 00:00:58,28.69,75.86,0.75,43.84,0.78,165.5,0.84,43.79,0.82,204.45,0.08,42.24,0.08,327.66,0.31,44.48,0.3,169.69,0.79,43.84,0.79,134.97,0.46,43.27,0.46,91.59,0.32,43.61,0.31,144.06,0.41,43.73,0.42,187.37,0.54,43.67,0.52,69.24,0.91,43.9,0.94,296.57,0.18,43.33,0.18,264.19,0.35,43.79,0.36,180.55,-1617,-1500,-1800,43.62416666666667,5.96,0 days 00:09:59,True,49,-1623.0,-1618.0,-1630.0,-1630.0,-1632.0,-1631.0,BELOW
2026-08-26 00:10:59,28.47,77.27,0.75,43.5,0.78,205.87,0.84,44.12,0.86,174.92,0.08,42.35,0.08,327.66,0.31,44.42,0.3,200.95,0.79,43.56,0.81,174.6,0.46,43.61,0.45,78.57,0.32,44.07,0.31,114.55,0.41,43.79,0.42,167.5,0.54,43.37,0.54,75.9,0.91,44.02,0.93,310.56,0.18,43.37,0.18,327.66,0.35,44.3,0.35,141.89,-1621,-1500,-1800,43.70666666666667,6.01,0 days 00:10:01,True,49,-1617.0,-1623.0,-1618.0,-1630.0,-1630.0,-1632.0,BELOW
2026-08-26 00:20:59,28.47,77.24,0.75,43.44,0.73,194.26,0.84,43.79,0.86,223.94,0.08,42.46,0.08,327.66,0.31,44.36,0.3,169.47,0.79,43.56,0.78,150.12,0.46,43.5,0.47,86.09,0.32,44.02,0.31,113.32,0.41,43.9,0.41,165.72,0.54,43.1,0.52,84.99,0.91,44.07,0.9,279.5,0.18,43.44,0.18,241.67,0.35,44.25,0.35,137.55,-1613,-1500,-1800,43.6575,5.89,0 days 00:10:00,True,49,-1621.0,-1617.0,-1623.0,-1618.0,-1630.0,-1630.0,BELOW
2026-08-26 00:30:59,28.26,77.7,0.75,43.27,0.78,211.36,0.84,43.79,0.83,227.61,0.08,42.24,0.08,327.66,0.31,43.9,0.31,308.94,0.79,43.56,0.79,150.31,0.46,43.33,0.45,90.38,0.32,43.73,0.31,130.81,0.41,43.9,0.42,160.0,0.54,43.5,0.55,77.04,0.91,44.19,0.9,241.58,0.18,43.61,0.18,189.2,0.35,43.84,0.34,159.8,-1610,-1500,-1800,43.571666666666665,5.94,0 days 00:10:00,True,49,-1613.0,-1621.0,-1617.0,-1623.0,-1618.0,-1630.0,TARGET
2026-08-26 00:40:59,28.58,76.35,0.75,43.5,0.73,205.87,0.84,43.67,0.86,213.04,0.08,42.24,0.08,327.66,0.31,44.02,0.31,211.75,0.79,43.73,0.78,145.95,0.46,43.27,0.45,94.62,0.32,44.12,0.33,110.18,0.41,44.02,0.42,145.39,0.54,43.37,0.54,91.1,0.91,43.96,0.88,267.71,0.18,43.33,0.18,249.79,0.35,43.84,0.34,178.47,-1609,-1500,-1800,43.589166666666664,5.8999999999999995,0 days 00:10:00,True,49,-1610.0,-1613.0,-1621.0,-1617.0,-1623.0,-1618.0,TARGET
2026-08-26 00:50:59,28.53,76.6,0.75,43.37,0.75,211.64,0.84,43.73,0.83,192.58,0.08,42.24,0.08,327.66,0.31,44.12,0.32,222.12,0.79,43.67,0.78,141.48,0.46,43.37,0.47,91.82,0.32,43.61,0.31,121.14,0.41,43.61,0.4,184.39,0.54,43.44,0.53,74.06,0.91,43.73,0.92,315.54,0.18,43.15,0.18,304.49,0.35,43.9,0.34,156.62,-1612,-1500,-1800,43.495000000000005,5.91,0 days 00:10:00,True,49,-1609.0,-1610.0,-1613.0,-1621.0,-1617.0,-1623.0,BELOW
2026-08-26 01:00:58,28.37,76.9,0.75,43.44,0.75,191.06,0.84,43.61,0.86,206.68,0.08,42.35,0.08,327.66,0.31,44.48,0.31,162.09,0.79,43.56,0.82,149.92,0.46,43.04,0.46,101.71,0.32,43.9,0.31,127.54,0.41,43.56,0.4,179.37,0.54,42.98,0.56,83.1,0.91,44.19,0.88,264.37,0.18,43.56,0.18,219.23,0.35,44.19,0.35,129.73,-1615,-1500,-1800,43.571666666666665,5.959999999999999,0 days 00:09:59,True,49,-1612.0,-1609.0,-1610.0,-1613.0,-1621.0,-1617.0,BELOW
2026-08-26 01:10:59,28.31,76.96,0.75,43.33,0.78,205.04,0.84,43.67,0.81,219.81,0.08,42.87,0.08,327.66,0.31,43.84,0.32,217.23,0.79,43.37,0.76,156.31,0.46,43.04,0.45,96.11,0.32,43.79,0.33,134.97,0.41,43.67,0.4,177.76,0.54,43.04,0.54,84.24,0.91,43.96,0.91,290.76,0.18,43.56,0.18,256.1,0.35,43.9,0.36,161.66,-1609,-1500,-1800,43.50333333333334,5.920000000000001,0 days 00:10:01,True,49,-1615.0,-1612.0,-1609.0,-1610.0,-1613.0,-1621.0,TARGET
2026-08-26 01:20:59,28.15,78.12,0.75,43.96,0.73,185.85,0.84,43.61,0.82,246.96,0.08,42.64,0.08,327.66,0.31,44.19,0.32,203.07,0.79,43.37,0.78,167.76,0.46,43.15,0.46,95.15,0.32,43.9,0.32,127.88,0.41,44.12,0.41,150.47,0.54,43.67,0.56,73.75,0.91,44.3,0.9,241.9,0.18,43.61,0.18,192.08,0.35,43.67,0.34,170.96,-1603,-1500,-1800,43.6825,5.9,0 days 00:10:00,True,49,-1609.0,-1615.0,-1612.0,-1609.0,-1610.0,-1613.0,TARGET
2026-08-26 01:30:59,28.21,77.91,0.75,43.27,0.77,207.87,0.84,43.9,0.85,171.62,0.08,42.64,0.08,327.66,0.31,44.25,0.31,187.07,0.79,43.96,0.79,139.2,0.46,43.27,0.47,95.4,0.32,43.61,0.33,151.76,0.41,44.19,0.4,154.17,0.54,43.15,0.52,79.9,0.91,43.67,0.9,327.66,0.18,43.15,0.18,327.66,0.35,44.02,0.35,151.7,-1597,-1500,-1800,43.59,5.950000000000001,0 days 00:10:00,True,49,-1603.0,-1609.0,-1615.0,-1612.0,-1609.0,-1610.0,TARGET
2026-08-26 01:40:59,27.67,78.98,0.75,43.37,0.74,299.46,0.84,43.56,0.82,219.23,0.08,42.58,0.08,327.66,0.31,43.96,0.32,224.53,0.79,43.27,0.82,158.12,0.46,43.21,0.46,92.07,0.32,43.61,0.33,131.53,0.41,44.02,0.41,148.48,0.54,43.37,0.53,76.51,0.91,43.56,0.89,275.85,0.18,43.1,0.18,267.6,0.35,43.96,0.35,143.7,-1605,-1500,-1800,43.46416666666667,5.93,0 days 00:10:00,True,49,-1597.0,-1603.0,-1609.0,-1615.0,-1612.0,-1609.0,TARGET
2026-08-26 01:50:59,27.99,77.73,0.75,43.73,0.72,154.06,0.84,43.5,0.83,215.79,0.08,42.35,0.08,312.29,0.31,44.12,0.31,200.17,0.79,42.98,0.8,168.26,0.46,43.5,0.46,80.65,0.32,43.56,0.32,139.5,0.41,43.84,0.42,157.98,0.54,43.56,0.54,76.29,0.91,43.73,0.94,295.01,0.18,43.1,0.18,317.81,0.35,44.12,0.36,118.74,-1596,-1500,-1800,43.50749999999999,5.96,0 days 00:10:00,True,49,-1605.0,-1597.0,-1603.0,-1609.0,-1615.0,-1612.0,TARGET
2026-08-26 02:00:59,28.1,77.57,0.75,43.33,0.72,188.2,0.84,44.02,0.87,170.21,0.08,42.46,0.08,327.66,0.31,44.3,0.32,173.43,0.79,43.61,0.82,139.69,0.46,42.98,0.46,100.21,0.32,43.84,0.33,132.58,0.41,43.96,0.42,154.87,0.54,43.33,0.53,80.81,0.91,43.5,0.9,281.49,0.18,43.5,0.18,226.42,0.35,43.67,0.34,175.29,-1597,-1500,-1800,43.541666666666664,5.970000000000001,0 days 00:10:00,True,49,-1596.0,-1605.0,-1597.0,-1603.0,-1609.0,-1615.0,TARGET
2026-08-26 02:10:58,28.05,77.85,0.75,43.21,0.77,236.56,0.84,43.67,0.86,203.37,0.08,42.64,0.08,327.66,0.31,44.36,0.31,250.86,0.79,43.73,0.76,138.66,0.46,42.98,0.47,99.48,0.32,43.79,0.32,131.14,0.41,43.73,0.4,177.76,0.54,43.33,0.56,80.81,0.91,44.07,0.9,258.79,0.18,43.37,0.18,229.58,0.35,43.73,0.34,161.23,-1597,-1500,-1800,43.55083333333334,5.949999999999999,0 days 00:09:59,True,49,-1597.0,-1596.0,-1605.0,-1597.0,-1603.0,-1609.0,TARGET
2026-08-26 02:20:59,27.94,78.31,0.75,43.37,0.75,211.64,0.84,43.5,0.84,212.2,0.08,42.64,0.08,327.66,0.31,43.9,0.32,214.15,0.79,43.79,0.82,140.23,0.46,43.04,0.46,99.02,0.32,44.02,0.33,110.77,0.41,43.9,0.42,158.39,0.54,43.21,0.56,82.54,0.91,44.19,0.9,254.76,0.18,43.56,0.18,212.48,0.35,43.67,0.36,184.39,-1601,-1500,-1800,43.56583333333333,6.0200000000000005,0 days 00:10:01,True,49,-1597.0,-1597.0,-1596.0,-1605.0,-1597.0,-1603.0,TARGET
2026-08-26 02:30:59,27.67,78.89,0.75,43.37,0.74,199.11,0.84,43.37,0.85,188.45,0.08,42.24,0.08,327.66,0.31,43.96,0.32,224.82,0.79,43.21,0.79,154.36,0.46,43.61,0.47,85.25,0.32,43.5,0.32,151.56,0.41,43.84,0.4,152.97,0.54,43.15,0.55,85.1,0.91,43.96,0.89,290.4,0.18,43.44,0.18,255.09,0.35,44.12,0.36,160.84,-1601,-1500,-1800,43.48083333333333,5.949999999999999,0 days 00:10:00,True,49,-1601.0,-1597.0,-1597.0,-1596.0,-1605.0,-1597.0,TARGET
2026-08-26 02:40:59,27.46,79.68,0.75,43.67,0.74,175.29,0.84,43.61,0.81,206.4,0.08,42.58,0.08,327.66,0.31,44.3,0.3,182.21,0.79,43.79,0.81,129.75,0.46,43.56,0.47,86.86,0.32,43.56,0.31,146.92,0.41,44.02,0.41,139.56,0.54,43.27,0.53,78.06,0.91,43.96,0.92,290.76,0.18,43.37,0.18,245.65,0.35,44.02,0.34,168.16,-1604,-1500,-1800,43.64249999999999,5.8999999999999995,0 days 00:10:00,True,49,-1601.0,-1601.0,-1597.0,-1597.0,-1596.0,-1605.0,TARGET
2026-08-26 02:50:59,27.72,78.46,0.75,43.56,0.78,222.76,0.84,44.02,0.87,191.44,0.08,42.58,0.08,327.66,0.31,44.19,0.31,206.06,0.79,43.67,0.81,142.95,0.46,43.44,0.47,84.5,0.32,43.61,0.31,147.12,0.41,44.07,0.42,166.37,0.54,43.21,0.53,77.85,0.91,43.84,0.94,302.22,0.18,43.21,0.18,297.87,0.35,44.07,0.34,160.84,-1600,-1500,-1800,43.6225,6.040000000000001,0 days 00:10:00,True,49,-1604.0,-1601.0,-1601.0,-1597.0,-1597.0,-1596.0,TARGET
2026-08-26 03:00:59,27.72,79.07,0.75,43.56,0.75,174.6,0.84,44.12,0.82,170.65,0.08,42.29,0.08,327.66,0.31,44.19,0.3,200.43,0.79,44.07,0.81,136.83,0.46,43.33,0.45,94.22,0.32,43.9,0.33,117.96,0.41,43.73,0.41,169.32,0.54,43.5,0.56,74.15,0.91,43.9,0.89,302.63,0.18,43.21,0.18,274.41,0.35,43.9,0.35,176.44,-1599,-1500,-1800,43.64166666666666,5.929999999999999,0 days 00:10:00,True,49,-1600.0,-1604.0,-1601.0,-1601.0,-1597.0,-1597.0,TARGET
2026-08-26 03:10:58,27.56,79.28,0.75,43.84,0.72,161.66,0.84,44.12,0.83,166.59,0.08,42.58,0.08,327.66,0.31,43.96,0.32,236.56,0.79,43.9,0.78,165.72,0.46,43.33,0.45,89.21,0.32,43.84,0.31,119.85,0.41,43.56,0.4,191.82,0.54,42.81,0.54,80.32,0.91,43.96,0.89,268.06,0.18,43.37,0.18,245.65,0.35,43.9,0.36,160.0,-1592,-1500,-1800,43.597500000000004,5.859999999999999,0 days 00:09:59,True,49,-1599.0,-1600.0,-1604.0,-1601.0,-1601.0,-1597.0,TARGET
2026-08-26 03:20:59,27.35,79.83,0.75,43.27,0.74,280.0,0.84,44.12,0.87,168.37,0.08,42.35,0.08,327.66,0.31,43.9,0.3,214.15,0.79,43.61,0.79,151.97,0.46,43.33,0.47,90.5,0.32,43.96,0.32,115.2,0.41,44.02,0.4,145.2,0.54,43.1,0.52,84.88,0.91,43.79,0.9,288.88,0.18,43.21,0.18,268.31,0.35,43.73,0.34,155.8,-1589,-1500,-1800,43.5325,5.91,0 days 00:10:01,True,49,-1592.0,-1599.0,-1600.0,-1604.0,-1601.0,-1601.0,ABOVE
2026-08-26 03:30:59,27.56,79.19,0.75,43.33,0.73,202.04,0.84,43.67,0.85,213.04,0.08,42.46,0.08,327.66,0.31,44.02,0.31,193.6,0.79,43.37,0.82,174.12,0.46,43.37,0.47,91.1,0.32,43.9,0.32,127.71,0.41,44.07,0.42,148.67,0.54,43.73,0.53,70.74,0.91,44.19,0.9,264.37,0.18,43.61,0.18,242.31,0.35,43.79,0.35,180.31,-1589,-1500,-1800,43.62583333333333,5.959999999999999,0 days 00:10:00,True,49,-1589.0,-1592.0,-1599.0,-1600.0,-1604.0,-1601.0,ABOVE
2026-08-26 03:40:59,27.4,79.59,0.75,43.61,0.78,307.32,0.84,43.73,0.85,216.37,0.08,42.29,0.08,327.66,0.31,44.19,0.3,206.32,0.79,43.84,0.79,126.21,0.46,43.27,0.47,93.46,0.32,43.79,0.31,126.21,0.41,44.07,0.4,145.58,0.54,43.44,0.56,74.15,0.91,44.25,0.9,311.78,0.18,43.5,0.18,275.85,0.35,43.9,0.36,176.21,-1594,-1500,-1800,43.656666666666666,5.9799999999999995,0 days 00:10:00,True,49,-1589.0,-1589.0,-1592.0,-1599.0,-1600.0,-1604.0,TARGET
2026-08-26 03:50:59,27.4,79.41,0.75,43.84,0.73,157.98,0.84,43.79,0.87,201.22,0.08,42.29,0.08,327.66,0.31,44.48,0.31,178.51,0.79,43.96,0.77,130.27,0.46,43.33,0.47,91.59,0.32,43.73,0.31,133.33,0.41,43.84,0.42,160.0,0.54,43.56,0.55,74.75,0.91,43.73,0.92,322.88,0.18,43.21,0.18,311.41,0.35,43.73,0.34,170.96,-1592,-1500,-1800,43.62416666666667,5.95,0 days 00:10:00,True,49,-1594.0,-1589.0,-1589.0,-1592.0,-1599.0,-1600.0,TARGET
2026-08-26 04:00:59,27.24,79.77,0.75,43.21,0.72,217.78,0.84,44.12,0.85,170.65,0.08,42.41,0.08,327.66,0.31,44.25,0.32,173.21,0.79,43.9,0.8,130.09,0.46,43.56,0.45,81.83,0.32,43.84,0.31,130.09,0.41,44.02,0.42,160.42,0.54,43.15,0.52,80.37,0.91,44.3,0.93,242.21,0.18,43.67,0.18,184.64,0.35,44.07,0.34,138.55,-1588,-1500,-1800,43.70833333333334,5.92,0 days 00:10:00,True,49,-1592.0,-1594.0,-1589.0,-1589.0,-1592.0,-1599.0,ABOVE
2026-08-26 04:10:58,27.51,78.7,0.75,43.61,0.73,197.57,0.84,43.56,0.85,226.42,0.08,42.52,0.08,327.66,0.31,44.36,0.3,169.47,0.79,43.73,0.78,141.67,0.46,43.15,0.47,99.88,0.32,43.84,0.31,131.33,0.41,43.79,0.4,195.55,0.54,43.56,0.53,73.07,0.91,44.19,0.94,259.47,0.18,43.56,0.18,209.26,0.35,43.73,0.36,185.12,-1591,-1500,-1800,43.63333333333333,5.930000000000001,0 days 00:09:59,True,49,-1588.0,-1592.0,-1594.0,-1589.0,-1589.0,-1592.0,TARGET
2026-08-26 04:20:59,27.3,79.41,0.75,43.56,0.76,177.07,0.84,43.84,0.81,201.75,0.08,42.58,0.08,327.66,0.31,44.02,0.31,215.01,0.79,43.96,0.78,131.67,0.46,42.98,0.45,106.48,0.32,43.84,0.31,137.47,0.41,43.96,0.4,145.39,0.54,43.21,0.53,82.05,0.91,44.25,0.89,246.14,0.18,43.61,0.18,226.71,0.35,43.73,0.34,200.96,-1589,-1500,-1800,43.62833333333334,5.84,0 days 00:10:01,True,49,-1591.0,-1588.0,-1592.0,-1594.0,-1589.0,-1589.0,ABOVE
2026-08-26 04:30:59,27.4,79.44,0.75,43.37,0.74,225.22,0.84,43.9,0.83,190.94,0.08,41.78,0.08,327.66,0.31,43.96,0.31,202.01,0.79,43.67,0.78,148.89,0.46,43.37,0.46,83.37,0.32,44.19,0.32,114.85,0.41,43.61,0.4,175.29,0.54,43.33,0.53,80.33,0.91,43.33,0.89,264.9,0.18,43.33,0.18,254.75,0.35,44.19,0.36,141.53,-1599,-1500,-1800,43.5025,5.88,0 days 00:10:00,True,49,-1589.0,-1591.0,-1588.0,-1592.0,-1594.0,-1589.0,TARGET
2026-08-26 04:40:59,27.3,79.41,0.75,43.56,0.75,203.11,0.84,43.61,0.86,234.4,0.08,42.29,0.08,327.66,0.31,44.3,0.32,175.6,0.79,43.84,0.78,131.14,0.46,43.5,0.46,87.3,0.32,43.73,0.33,144.44,0.41,43.96,0.4,148.28,0.54,43.27,0.54,76.11,0.91,44.19,0.9,254.76,0.18,43.56,0.18,206.14,0.35,44.12,0.36,147.3,-1599,-1500,-1800,43.66083333333333,5.96,0 days 00:10:00,True,49,-1599.0,-1589.0,-1591.0,-1588.0,-1592.0,-1594.0,TARGET
2026-08-26 04:50:59,27.4,78.92,0.75,43.73,0.73,170.96,0.84,43.84,0.81,204.45,0.08,42.24,0.08,327.66,0.31,44.25,0.3,180.1,0.79,43.5,0.81,154.98,0.46,43.44,0.45,87.3,0.32,43.5,0.31,153.25,0.41,43.79,0.42,167.28,0.54,43.33,0.53,75.07,0.91,43.84,0.88,296.19,0.18,43.21,0.18,280.0,0.35,44.12,0.36,153.97,-1600,-1500,-1800,43.56583333333333,5.86,0 days 00:10:00,True,49,-1599.0,-1599.0,-1589.0,-1591.0,-1588.0,-1592.0,TARGET
2026-08-26 05:00:59,27.3,79.07,0.75,43.79,0.76,203.9,0.84,44.02,0.86,181.26,0.08,42.58,0.08,327.66,0.31,44.25,0.3,175.37,0.79,43.79,0.78,133.67,0.46,43.33,0.46,92.2,0.32,43.9,0.33,123.18,0.41,44.12,0.41,144.25,0.54,43.04,0.55,83.84,0.91,44.02,0.92,284.84,0.18,43.44,0.18,260.25,0.35,44.02,0.34,168.37,-1599,-1500,-1800,43.69166666666666,5.97,0 days 00:10:00,True,49,-1600.0,-1599.0,-1599.0,-1589.0,-1591.0,-1588.0,TARGET
2026-08-26 05:10:59,27.3,79.13,0.75,43.27,0.78,207.87,0.84,43.79,0.87,189.7,0.08,42.64,0.08,327.66,0.31,44.53,0.31,176.51,0.79,43.61,0.78,152.17,0.46,43.37,0.46,85.98,0.32,43.9,0.31,115.2,0.41,43.61,0.41,168.65,0.54,43.33,0.55,74.65,0.91,43.9,0.88,272.6,0.18,43.27,0.18,249.12,0.35,44.07,0.35,148.67,-1592,-1500,-1800,43.607499999999995,5.959999999999999,0 days 00:10:00,True,49,-1599.0,-1600.0,-1599.0,-1599.0,-1589.0,-1591.0,TARGET
2026-08-26 05:20:58,27.19,79.22,0.75,43.33,0.76,199.11,0.84,43.56,0.86,219.51,0.08,42.52,0.08,327.66,0.31,44.12,0.3,208.86,0.79,43.9,0.79,125.41,0.46,43.37,0.45,92.82,0.32,44.02,0.31,119.29,0.41,43.44,0.42,168.21,0.54,43.73,0.53,72.22,0.91,44.25,0.93,255.09,0.18,43.61,0.18,197.57,0.35,43.79,0.36,173.55,-1599,-1500,-1800,43.63666666666666,5.97,0 days 00:09:59,True,49,-1592.0,-1599.0,-1600.0,-1599.0,-1599.0,-1589.0,TARGET
2026-08-26 05:30:59,26.76,80.02,0.75,43.1,0.75,172.75,0.84,43.61,0.86,219.51,0.08,42.52,0.08,327.66,0.31,44.07,0.3,202.81,0.79,43.44,0.78,154.76,0.46,43.44,0.46,86.63,0.32,43.84,0.31,128.89,0.41,43.5,0.41,191.57,0.54,43.27,0.55,79.29,0.91,44.02,0.89,268.75,0.18,43.37,0.18,245.98,0.35,43.96,0.36,164.2,-1592,-1500,-1800,43.51166666666666,5.93,0 days 00:10:01,True,49,-1599.0,-1592.0,-1599.0,-1600.0,-1599.0,-1599.0,TARGET
2026-08-26 05:40:59,27.03,79.13,0.75,43.5,0.75,208.99,0.84,43.79,0.85,182.45,0.08,42.46,0.08,327.66,0.31,44.48,0.31,169.91,0.79,43.5,0.82,170.28,0.46,43.04,0.46,100.35,0.32,43.84,0.32,136.3,0.41,43.73,0.41,173.32,0.54,43.5,0.54,74.46,0.91,43.79,0.94,257.44,0.18,43.27,0.18,254.08,0.35,43.84,0.35,157.98,-1592,-1500,-1800,43.56166666666667,6.01,0 days 00:10:00,True,49,-1592.0,-1599.0,-1592.0,-1599.0,-1600.0,-1599.0,TARGET
2026-08-26 05:50:59,26.98,79.16,0.75,43.61,0.78,189.45,0.84,43.84,0.82,327.66,0.08,42.35,0.08,327.66,0.31,44.42,0.3,171.76,0.79,43.33,0.77,163.76,0.46,43.37,0.47,88.75,0.32,43.96,0.33,142.42,0.41,43.61,0.41,179.37,0.54,43.15,0.55,80.86,0.91,43.56,0.88,255.76,0.18,43.5,0.18,215.51,0.35,44.12,0.35,150.47,-1589,-1500,-1800,43.56833333333333,5.919999999999999,0 days 00:10:00,True,49,-1592.0,-1592.0,-1599.0,-1592.0,-1599.0,-1600.0,ABOVE
2026-08-26 07:20:59,27.83,78.12,0.75,43.44,0.76,226.12,0.84,44.02,0.86,166.16,0.08,42.58,0.08,327.66,0.31,44.53,0.31,174.11,0.79,43.44,0.77,149.73,0.46,43.37,0.46,89.21,0.32,43.5,0.33,149.73,0.41,44.07,0.41,147.11,0.54,43.56,0.55,73.56,0.91,44.19,0.94,269.81,0.18,43.56,0.18,242.31,0.35,44.3,0.35,135.25,-1602,-1500,-1800,43.71333333333333,6.0,0 days 00:10:00,True,51,-1605.0,-1606.0,-1609.0,-1606.0,-1602.0,-1600.0,TARGET
2026-08-26 07:30:58,28.05,77.02,0.75,43.44,0.77,196.51,0.84,43.73,0.87,243.26,0.08,42.7,0.08,327.66,0.31,44.53,0.3,176.74,0.79,43.61,0.8,153.66,0.46,43.15,0.47,88.97,0.32,43.67,0.33,147.31,0.41,44.19,0.42,150.66,0.54,43.73,0.54,71.1,0.91,43.84,0.93,267.71,0.18,43.21,0.18,269.03,0.35,44.19,0.36,147.67,-1610,-1500,-1800,43.66583333333333,6.05,0 days 00:09:59,True,51,-1602.0,-1605.0,-1606.0,-1609.0,-1606.0,-1602.0,TARGET
2026-08-26 07:40:59,28.58,75.68,0.75,43.37,0.74,176.12,0.84,43.67,0.83,212.76,0.08,42.7,0.08,327.66,0.31,44.53,0.32,217.25,0.79,43.96,0.76,125.57,0.46,43.44,0.45,79.61,0.32,43.56,0.32,139.5,0.41,43.56,0.4,281.49,0.54,43.73,0.53,77.36,0.91,43.9,0.93,290.01,0.18,43.33,0.18,280.75,0.35,43.79,0.34,163.34,-1612,-1500,-1800,43.62833333333333,5.879999999999999,0 days 00:10:01,True,51,-1610.0,-1602.0,-1605.0,-1606.0,-1609.0,-1606.0,BELOW
2026-08-26 07:50:59,29.33,73.85,0.75,43.61,0.77,175.29,0.84,43.37,0.85,191.06,0.08,42.35,0.08,327.66,0.31,44.3,0.31,192.69,0.79,44.07,0.8,139.56,0.46,43.15,0.47,96.49,0.32,43.96,0.32,126.38,0.41,43.84,0.42,224.23,0.54,43.1,0.56,82.82,0.91,43.84,0.89,302.22,0.18,43.21,0.18,291.53,0.35,44.07,0.34,152.09,-1612,-1500,-1800,43.5725,5.989999999999999,0 days 00:10:00,True,51,-1612.0,-1610.0,-1602.0,-1605.0,-1606.0,-1609.0,BELOW
2026-08-26 08:00:59,29.91,72.54,0.75,43.56,0.78,177.07,0.84,44.02,0.84,186.09,0.08,42.29,0.08,327.66,0.31,44.53,0.32,235.35,0.79,43.37,0.76,229.28,0.46,43.27,0.46,90.86,0.32,43.84,0.33,126.55,0.41,43.96,0.41,172.08,0.54,43.56,0.52,76.29,0.91,44.25,0.9,255.42,0.18,43.61,0.18,216.09,0.35,43.84,0.36,161.66,-1616,-1500,-1800,43.675000000000004,5.94,0 days 00:10:00,True,51,-1612.0,-1612.0,-1610.0,-1602.0,-1605.0,-1606.0,BELOW
2026-08-26 08:10:59,30.34,70.77,0.75,43.9,0.74,167.72,0.84,43.9,0.84,180.55,0.08,42.64,0.08,327.66,0.31,44.36,0.3,187.31,0.79,43.67,0.82,184.64,0.46,43.1,0.45,101.98,0.32,43.96,0.32,109.75,0.41,43.9,0.42,183.17,0.54,43.33,0.56,79.4,0.91,44.25,0.94,237.79,0.18,43.73,0.18,187.62,0.35,43.79,0.36,182.93,-1617,-1500,-1800,43.71083333333333,6.010000000000001,0 days 00:10:00,True,51,-1616.0,-1612.0,-1612.0,-1610.0,-1602.0,-1605.0,BELOW
2026-08-26 08:20:59,31.14,69.09,0.75,43.5,0.73,203.11,0.84,44.19,0.85,168.82,0.08,42.75,0.08,327.66,0.31,44.71,0.3,161.09,0.79,43.84,0.78,141.86,0.46,43.15,0.47,99.88,0.32,43.67,0.32,141.48,0.41,43.73,0.42,169.1,0.54,43.56,0.54,77.15,0.91,44.25,0.9,226.0,0.18,43.61,0.18,209.26,0.35,43.67,0.35,187.37,-1623,-1500,-1800,43.719166666666666,5.92,0 days 00:10:00,True,51,-1617.0,-1616.0,-1612.0,-1612.0,-1610.0,-1602.0,BELOW
2026-08-26 09:50:59,36.86,54.56,0.75,43.9,0.72,154.67,0.84,44.02,0.82,183.65,0.08,42.41,0.08,327.66,0.31,44.19,0.32,179.87,0.79,44.02,0.78,127.88,0.46,43.56,0.46,84.62,0.32,43.73,0.31,163.12,0.41,44.02,0.4,167.94,0.54,43.27,0.56,97.3,0.91,44.42,0.91,247.1,0.18,43.73,0.18,235.01,0.35,43.84,0.35,159.8,-1642,-1500,-1800,43.759166666666665,5.89,0 days 00:09:59,True,51,-1640.0,-1635.0,-1626.0,-1623.0,-1627.0,-1627.0,BELOW
2026-08-26 16:21:00,36.86,53.18,0.75,43.56,0.73,300.63,0.84,44.3,0.86,171.32,0.08,42.98,0.08,327.66,0.31,44.59,0.31,170.57,0.79,43.79,0.78,144.44,0.46,43.56,0.47,90.27,0.32,44.02,0.31,114.39,0.41,43.79,0.41,187.62,0.54,43.61,0.52,76.83,0.91,44.25,0.9,286.32,0.18,43.56,0.18,238.43,0.35,44.02,0.35,162.08,-1647,-1500,-1800,43.83583333333333,5.8999999999999995,0 days 00:10:01,True,52,-1642.0,-1640.0,-1645.0,-1637.0,-1638.0,-1643.0,BELOW
2026-08-26 18:51:00,32.85,63.9,0.75,43.44,0.75,199.64,0.84,44.25,0.86,173.21,0.08,42.58,0.08,327.66,0.31,44.25,0.31,173.21,0.79,43.79,0.82,141.86,0.46,43.44,0.46,85.56,0.32,44.07,0.32,120.48,0.41,43.96,0.4,160.42,0.54,43.73,0.53,74.54,0.91,43.96,0.93,303.01,0.18,43.37,0.18,269.38,0.35,44.12,0.34,148.67,-1665,-1500,-1800,43.74666666666666,5.979999999999999,0 days 00:10:00,True,52,-1664.0,-1657.0,-1661.0,-1660.0,-1650.0,-1649.0,BELOW
2026-08-26 22:01:00,31.2,71.77,0.75,43.33,0.75,205.04,0.84,43.61,0.83,230.49,0.08,42.52,0.08,327.66,0.31,44.02,0.3,249.24,0.79,43.67,0.78,148.89,0.46,43.37,0.46,85.98,0.32,43.79,0.31,134.8,0.41,43.79,0.4,169.32,0.54,43.37,0.55,81.03,0.91,44.19,0.89,237.49,0.18,43.61,0.18,189.2,0.35,43.73,0.34,151.11,-1643,-1500,-1800,43.58333333333334,5.869999999999999,0 days 00:10:00,True,52,-1650.0,-1655.0,-1656.0,-1656.0,-1664.0,-1664.0,BELOW
2026-08-26 22:11:00,30.66,73.58,0.75,43.84,0.75,154.47,0.84,43.61,0.84,227.01,0.08,42.7,0.08,327.66,0.31,44.3,0.31,180.1,0.79,43.67,0.81,145.75,0.46,43.04,0.46,100.35,0.32,43.5,0.31,172.41,0.41,43.96,0.42,152.97,0.54,43.37,0.55,76.51,0.91,43.84,0.93,327.66,0.18,43.21,0.18,285.46,0.35,44.12,0.36,153.76,-1643,-1500,-1800,43.596666666666664,6.0,0 days 00:10:00,True,52,-1643.0,-1650.0,-1655.0,-1656.0,-1656.0,-1664.0,BELOW
2026-08-26 22:21:00,30.56,73.82,0.75,43.79,0.73,163.12,0.84,44.07,0.83,174.69,0.08,42.58,0.08,327.66,0.31,44.3,0.31,195.11,0.79,43.67,0.77,142.95,0.46,43.44,0.46,81.87,0.32,43.79,0.31,134.8,0.41,43.84,0.4,167.28,0.54,43.61,0.54,71.01,0.91,43.56,0.94,242.31,0.18,43.15,0.18,195.48,0.35,43.67,0.35,179.84,-1642,-1500,-1800,43.6225,5.899999999999999,0 days 00:10:00,True,52,-1643.0,-1643.0,-1650.0,-1655.0,-1656.0,-1656.0,BELOW
2026-08-26 22:31:00,30.82,72.78,0.75,43.37,0.77,218.07,0.84,44.07,0.84,168.37,0.08,42.75,0.08,327.66,0.31,44.3,0.3,184.6,0.79,43.79,0.79,133.5,0.46,43.37,0.46,106.64,0.32,43.96,0.33,121.21,0.41,44.12,0.4,139.92,0.54,43.67,0.54,72.5,0.91,44.02,0.88,279.5,0.18,43.37,0.18,250.12,0.35,44.19,0.34,137.19,-1640,-1500,-1800,43.748333333333335,5.909999999999999,0 days 00:10:00,True,52,-1642.0,-1643.0,-1643.0,-1650.0,-1655.0,-1656.0,BELOW
2026-08-26 22:51:00,30.77,72.6,0.75,43.79,0.72,169.32,0.84,43.73,0.83,203.9,0.08,42.7,0.08,327.66,0.31,44.25,0.32,195.11,0.79,43.9,0.76,124.29,0.46,43.21,0.47,97.18,0.32,43.96,0.33,116.98,0.41,43.96,0.41,156.41,0.54,43.33,0.53,76.65,0.91,44.07,0.9,253.76,0.18,43.44,0.18,229.58,0.35,44.3,0.36,147.87,-1630,-1500,-1800,43.71999999999999,5.890000000000001,0 days 00:10:00,True,52,-1644.0,-1640.0,-1642.0,-1643.0,-1643.0,-1650.0,BELOW
2026-08-26 23:01:00,30.56,73.12,0.75,43.37,0.73,196.26,0.84,44.07,0.87,186.34,0.08,42.52,0.08,327.66,0.31,44.19,0.3,168.82,0.79,43.37,0.76,163.76,0.46,43.21,0.45,95.93,0.32,43.79,0.31,143.14,0.41,43.67,0.42,184.64,0.54,43.73,0.55,72.22,0.91,44.3,0.88,238.11,0.18,43.73,0.18,192.58,0.35,43.9,0.35,165.94,-1634,-1500,-1800,43.654166666666676,5.88,0 days 00:10:00,True,52,-1630.0,-1644.0,-1640.0,-1642.0,-1643.0,-1643.0,BELOW
2026-08-26 23:11:00,30.34,73.94,0.75,43.79,0.72,182.69,0.84,43.79,0.84,200.96,0.08,42.35,0.08,327.66,0.31,43.84,0.31,213.87,0.79,43.84,0.76,135.75,0.46,43.21,0.45,93.21,0.32,43.9,0.32,120.89,0.41,43.56,0.4,181.73,0.54,43.04,0.55,83.32,0.91,44.48,0.94,287.82,0.18,43.84,0.18,327.66,0.35,44.02,0.34,160.64,-1627,-1500,-1800,43.63833333333333,5.889999999999999,0 days 00:10:00,True,52,-1634.0,-1630.0,-1644.0,-1640.0,-1642.0,-1643.0,BELOW
2026-08-26 23:21:00,30.45,73.39,0.75,43.84,0.75,210.92,0.84,44.07,0.85,194.1,0.08,42.46,0.08,327.66,0.31,43.96,0.3,208.32,0.79,43.5,0.81,174.83,0.46,43.37,0.47,82.37,0.32,43.79,0.32,141.67,0.41,43.84,0.42,159.37,0.54,43.15,0.54,86.06,0.91,44.19,0.89,311.78,0.18,43.33,0.18,274.76,0.35,44.02,0.36,155.08,-1625,-1500,-1800,43.626666666666665,5.969999999999999,0 days 00:10:00,True,52,-1627.0,-1634.0,-1630.0,-1644.0,-1640.0,-1642.0,BELOW
2026-08-26 23:31:00,30.34,73.58,0.75,43.5,0.72,191.57,0.84,44.07,0.81,221.83,0.08,42.75,0.08,327.66,0.31,44.42,0.31,173.87,0.79,43.44,0.78,162.06,0.46,43.33,0.46,92.82,0.32,43.79,0.31,134.97,0.41,43.96,0.41,158.39,0.54,43.79,0.53,75.86,0.91,43.9,0.92,308.94,0.18,42.93,0.18,277.4,0.35,44.3,0.35,139.09,-1625,-1500,-1800,43.681666666666665,5.859999999999999,0 days 00:10:00,True,52,-1625.0,-1627.0,-1634.0,-1630.0,-1644.0,-1640.0,BELOW
2026-08-26 23:51:01,29.75,75.38,0.75,43.84,0.76,157.98,0.84,44.19,0.84,177.12,0.08,42.41,0.08,327.66,0.31,44.42,0.3,178.29,0.79,43.84,0.79,140.42,0.46,42.98,0.46,106.48,0.32,43.84,0.33,114.89,0.41,43.9,0.41,169.99,0.54,43.37,0.56,83.99,0.91,43.73,0.94,295.01,0.18,43.15,0.18,297.47,0.35,44.02,0.36,160.64,-1620,-1500,-1800,43.640833333333326,6.010000000000001,0 days 00:10:01,True,52,-1629.0,-1625.0,-1625.0,-1627.0,-1634.0,-1630.0,BELOW
2026-08-27 00:01:00,29.86,74.52,0.75,43.9,0.74,165.94,0.84,44.12,0.86,168.6,0.08,42.46,0.08,327.66,0.31,44.36,0.31,175.83,0.79,43.73,0.81,138.84,0.46,43.37,0.46,89.79,0.32,43.9,0.32,134.97,0.41,44.07,0.4,144.06,0.54,43.33,0.54,80.81,0.91,43.84,0.88,309.35,0.18,43.27,0.18,304.9,0.35,43.9,0.35,156.41,-1621,-1500,-1800,43.68749999999999,5.929999999999999,0 days 00:09:59,True,52,-1620.0,-1629.0,-1625.0,-1625.0,-1627.0,-1634.0,BELOW
2026-08-27 00:11:00,30.02,74.03,0.75,44.12,0.74,202.54,0.84,44.25,0.86,215.85,0.08,42.46,0.08,327.66,0.31,43.96,0.3,232.62,0.79,43.73,0.82,143.14,0.46,42.98,0.45,99.61,0.32,44.07,0.33,114.55,0.41,43.67,0.42,177.54,0.54,43.5,0.56,75.47,0.91,44.3,0.92,312.18,0.18,43.79,0.18,261.62,0.35,44.36,0.34,142.08,-1620,-1500,-1800,43.76583333333334,6.0,0 days 00:10:00,True,52,-1621.0,-1620.0,-1629.0,-1625.0,-1625.0,-1627.0,BELOW
2026-08-27 00:21:00,29.97,73.85,0.75,43.67,0.78,182.21,0.84,44.25,0.83,155.89,0.08,42.75,0.08,327.66,0.31,44.36,0.31,184.84,0.79,43.96,0.82,126.71,0.46,42.93,0.45,105.5,0.32,43.56,0.31,162.48,0.41,43.84,0.42,178.24,0.54,43.21,0.53,81.93,0.91,44.19,0.94,255.09,0.18,43.56,0.18,219.23,0.35,43.67,0.34,189.7,-1617,-1500,-1800,43.6625,5.99,0 days 00:10:00,True,52,-1620.0,-1621.0,-1620.0,-1629.0,-1625.0,-1625.0,BELOW
2026-08-27 00:31:00,29.86,74.43,0.75,43.56,0.75,203.11,0.84,44.02,0.82,188.61,0.08,42.18,0.08,327.66,0.31,44.42,0.32,173.87,0.79,43.44,0.81,154.98,0.46,43.33,0.46,92.07,0.32,43.9,0.31,128.89,0.41,43.79,0.41,173.78,0.54,43.04,0.52,78.43,0.91,43.96,0.9,273.31,0.18,43.44,0.18,250.12,0.35,43.73,0.35,165.29,-1622,-1500,-1800,43.567499999999995,5.91,0 days 00:10:00,True,52,-1617.0,-1620.0,-1621.0,-1620.0,-1629.0,-1625.0,BELOW
2026-08-27 00:41:00,29.86,74.46,0.75,43.44,0.73,188.7,0.84,43.84,0.84,198.87,0.08,42.35,0.08,327.66,0.31,44.19,0.32,215.57,0.79,43.67,0.78,150.51,0.46,43.37,0.45,87.62,0.32,43.61,0.33,148.7,0.41,43.56,0.41,186.64,0.54,43.15,0.56,82.54,0.91,43.96,0.91,290.76,0.18,43.33,0.18,264.54,0.35,44.36,0.35,139.09,-1616,-1500,-1800,43.56916666666666,5.9399999999999995,0 days 00:10:00,True,52,-1622.0,-1617.0,-1620.0,-1621.0,-1620.0,-1629.0,BELOW
2026-08-27 00:51:00,29.54,75.93,0.75,43.44,0.74,233.78,0.84,43.79,0.86,203.9,0.08,42.64,0.08,327.66,0.31,43.96,0.31,169.76,0.79,43.61,0.77,148.89,0.46,43.33,0.45,91.59,0.32,43.5,0.32,156.73,0.41,43.73,0.41,173.55,0.54,43.04,0.56,82.1,0.91,44.19,0.9,275.1,0.18,43.56,0.18,242.31,0.35,44.12,0.34,149.06,-1618,-1500,-1800,43.57583333333333,5.92,0 days 00:10:00,True,52,-1616.0,-1622.0,-1617.0,-1620.0,-1621.0,-1620.0,BELOW
2026-08-27 01:01:01,29.49,76.02,0.75,43.33,0.73,169.61,0.84,43.79,0.84,216.94,0.08,42.58,0.08,327.66,0.31,44.3,0.32,175.6,0.79,43.37,0.79,163.76,0.46,43.27,0.45,94.75,0.32,43.79,0.32,130.81,0.41,44.07,0.41,148.67,0.54,43.04,0.55,85.41,0.91,43.9,0.94,289.63,0.18,43.27,0.18,263.85,0.35,43.96,0.34,167.94,-1618,-1500,-1800,43.55583333333333,5.949999999999999,0 days 00:10:01,True,52,-1618.0,-1616.0,-1622.0,-1617.0,-1620.0,-1621.0,BELOW
2026-08-27 01:11:00,29.75,74.86,0.75,43.61,0.74,177.3,0.84,44.19,0.84,187.07,0.08,42.7,0.08,327.66,0.31,44.12,0.31,225.7,0.79,43.5,0.77,151.56,0.46,43.5,0.47,81.61,0.32,43.96,0.33,123.35,0.41,43.84,0.41,171.86,0.54,43.37,0.52,75.17,0.91,43.67,0.94,301.03,0.18,43.1,0.18,303.28,0.35,43.9,0.34,171.86,-1616,-1500,-1800,43.62166666666667,5.93,0 days 00:09:59,True,52,-1618.0,-1618.0,-1616.0,-1622.0,-1617.0,-1620.0,BELOW
2026-08-27 01:21:00,29.38,76.17,0.75,43.67,0.77,170.96,0.84,43.9,0.84,183.17,0.08,42.64,0.08,327.66,0.31,44.02,0.3,217.79,0.79,43.9,0.81,125.25,0.46,43.04,0.45,99.61,0.32,43.84,0.31,127.71,0.41,43.84,0.4,167.72,0.54,43.27,0.53,80.69,0.91,43.9,0.89,302.63,0.18,43.15,0.18,279.63,0.35,44.12,0.36,150.47,-1614,-1500,-1800,43.607499999999995,5.92,0 days 00:10:00,True,52,-1616.0,-1618.0,-1618.0,-1616.0,-1622.0,-1617.0,BELOW
2026-08-27 01:31:00,29.59,75.65,0.75,43.37,0.73,208.43,0.84,44.02,0.84,183.4,0.08,42.46,0.08,327.66,0.31,44.02,0.31,228.81,0.79,43.67,0.78,147.31,0.46,43.15,0.47,95.82,0.32,43.84,0.32,134.97,0.41,43.67,0.42,182.45,0.54,43.37,0.52,79.06,0.91,43.67,0.94,300.63,0.18,42.81,0.18,295.1,0.35,43.73,0.34,192.33,-1614,-1500,-1800,43.48166666666666,5.93,0 days 00:10:00,True,52,-1614.0,-1616.0,-1618.0,-1618.0,-1616.0,-1622.0,BELOW
2026-08-27 01:41:00,29.17,76.93,0.75,43.61,0.78,192.33,0.84,43.61,0.82,216.37,0.08,42.64,0.08,327.66,0.31,43.9,0.32,220.96,0.79,43.67,0.76,150.72,0.46,43.15,0.45,95.15,0.32,44.02,0.33,111.64,0.41,43.73,0.41,180.08,0.54,43.1,0.52,84.75,0.91,43.67,0.9,301.03,0.18,43.15,0.18,297.47,0.35,43.61,0.35,172.87,-1608,-1500,-1800,43.48833333333334,5.9,0 days 00:10:00,True,52,-1614.0,-1614.0,-1616.0,-1618.0,-1618.0,-1616.0,TARGET
2026-08-27 01:51:00,29.06,77.45,0.75,43.9,0.72,163.76,0.84,43.9,0.81,210.92,0.08,42.75,0.08,327.66,0.31,44.07,0.3,240.95,0.79,43.5,0.8,158.53,0.46,42.98,0.45,100.95,0.32,43.61,0.32,145.56,0.41,44.07,0.41,143.89,0.54,43.1,0.52,85.93,0.91,43.96,0.92,278.41,0.18,43.33,0.18,236.87,0.35,43.73,0.35,167.28,-1614,-1500,-1800,43.574999999999996,5.859999999999999,0 days 00:10:00,True,52,-1608.0,-1614.0,-1614.0,-1616.0,-1618.0,-1618.0,BELOW
2026-08-27 02:01:01,28.9,77.76,0.75,43.27,0.75,207.87,0.84,44.19,0.83,172.98,0.08,42.58,0.08,327.66,0.31,44.48,0.32,167.89,0.79,43.5,0.79,164.2,0.46,43.04,0.47,99.02,0.32,43.79,0.32,137.47,0.41,44.12,0.4,141.34,0.54,43.67,0.55,70.65,0.91,43.9,0.92,290.4,0.18,43.33,0.18,269.38,0.35,43.21,0.34,190.56,-1608,-1500,-1800,43.59,5.949999999999999,0 days 00:10:01,True,52,-1614.0,-1608.0,-1614.0,-1614.0,-1616.0,-1618.0,TARGET
2026-08-27 02:11:01,28.85,78.18,0.75,43.33,0.75,202.3,0.84,43.37,0.85,218.36,0.08,42.46,0.08,327.66,0.31,44.36,0.32,173.66,0.79,43.84,0.79,129.75,0.46,43.5,0.45,81.03,0.32,43.67,0.31,137.28,0.41,43.56,0.42,184.39,0.54,43.73,0.56,71.75,0.91,44.02,0.91,268.75,0.18,43.44,0.18,237.5,0.35,43.67,0.34,184.87,-1608,-1500,-1800,43.57916666666667,5.96,0 days 00:10:00,True,52,-1608.0,-1614.0,-1608.0,-1614.0,-1614.0,-1616.0,TARGET
2026-08-27 02:21:00,28.63,78.86,0.75,43.84,0.76,159.8,0.84,43.67,0.81,247.28,0.08,42.75,0.08,327.66,0.31,43.84,0.32,220.67,0.79,43.96,0.79,127.88,0.46,43.27,0.47,95.15,0.32,43.5,0.33,148.12,0.41,43.73,0.4,180.31,0.54,43.15,0.53,84.99,0.91,43.79,0.89,315.13,0.18,43.1,0.18,310.57,0.35,43.79,0.35,154.06,-1602,-1500,-1800,43.5325,5.909999999999999,0 days 00:09:59,True,52,-1608.0,-1608.0,-1614.0,-1608.0,-1614.0,-1614.0,TARGET
2026-08-27 02:31:00,28.58,79.34,0.75,43.9,0.73,156.2,0.84,44.19,0.81,174.92,0.08,42.52,0.08,327.66,0.31,44.42,0.32,185.32,0.79,43.44,0.81,162.06,0.46,43.27,0.45,94.62,0.32,43.61,0.31,145.75,0.41,43.67,0.42,195.04,0.54,43.15,0.52,81.07,0.91,43.84,0.91,295.41,0.18,43.21,0.18,274.04,0.35,43.9,0.36,161.87,-1608,-1500,-1800,43.593333333333334,5.9,0 days 00:10:00,True,52,-1602.0,-1608.0,-1608.0,-1614.0,-1608.0,-1614.0,TARGET
2026-08-27 02:41:00,28.58,79.28,0.75,43.79,0.75,171.41,0.84,44.12,0.84,170.65,0.08,42.24,0.08,327.66,0.31,44.48,0.31,176.51,0.79,43.33,0.76,159.75,0.46,43.04,0.47,99.02,0.32,44.02,0.32,113.47,0.41,43.5,0.4,183.9,0.54,43.04,0.53,80.86,0.91,44.3,0.91,246.46,0.18,43.67,0.18,192.08,0.35,44.02,0.36,155.08,-1609,-1500,-1800,43.62916666666667,5.91,0 days 00:10:00,True,52,-1608.0,-1602.0,-1608.0,-1608.0,-1614.0,-1608.0,TARGET
2026-08-27 02:51:00,28.53,79.74,0.75,43.79,0.72,165.29,0.84,44.02,0.81,188.86,0.08,42.41,0.08,327.66,0.31,44.25,0.3,184.37,0.79,43.44,0.79,162.26,0.46,43.1,0.45,101.22,0.32,43.79,0.31,133.5,0.41,44.07,0.41,141.16,0.54,43.67,0.52,74.75,0.91,44.3,0.92,246.46,0.18,43.61,0.18,195.04,0.35,43.61,0.36,194.78,-1605,-1500,-1800,43.671666666666674,5.8500000000000005,0 days 00:10:00,True,52,-1609.0,-1608.0,-1602.0,-1608.0,-1608.0,-1614.0,TARGET
2026-08-27 03:01:01,28.53,79.44,0.75,43.37,0.72,215.23,0.84,44.02,0.86,183.65,0.08,42.29,0.08,327.66,0.31,43.84,0.3,217.23,0.79,43.33,0.76,163.55,0.46,43.44,0.45,81.5,0.32,43.79,0.32,132.39,0.41,43.84,0.4,161.87,0.54,43.15,0.56,82.32,0.91,43.79,0.93,308.53,0.18,43.21,0.18,297.87,0.35,43.61,0.36,216.09,-1597,-1500,-1800,43.473333333333336,5.92,0 days 00:10:01,True,52,-1605.0,-1609.0,-1608.0,-1602.0,-1608.0,-1608.0,TARGET
2026-08-27 03:11:01,28.37,79.86,0.75,43.61,0.78,168.65,0.84,43.73,0.86,223.65,0.08,42.46,0.08,327.66,0.31,44.07,0.3,225.12,0.79,43.84,0.82,119.68,0.46,43.5,0.46,86.75,0.32,43.61,0.31,144.25,0.41,43.61,0.42,179.6,0.54,43.73,0.54,71.93,0.91,43.84,0.88,308.94,0.18,43.27,0.18,280.0,0.35,44.19,0.35,138.91,-1601,-1500,-1800,43.62166666666667,5.9799999999999995,0 days 00:10:00,True,52,-1597.0,-1605.0,-1609.0,-1608.0,-1602.0,-1608.0,TARGET
2026-08-27 03:21:00,28.58,79.28,0.75,43.79,0.74,163.34,0.84,44.07,0.85,183.4,0.08,42.75,0.08,327.66,0.31,44.19,0.32,197.35,0.79,43.67,0.8,147.12,0.46,42.93,0.47,103.89,0.32,43.67,0.32,150.51,0.41,43.56,0.42,189.45,0.54,43.1,0.53,84.88,0.91,43.67,0.88,288.5,0.18,43.1,0.18,290.75,0.35,44.25,0.34,133.62,-1596,-1500,-1800,43.56250000000001,5.929999999999999,0 days 00:09:59,True,52,-1601.0,-1597.0,-1605.0,-1609.0,-1608.0,-1602.0,TARGET
2026-08-27 03:31:00,28.74,78.46,0.75,43.56,0.77,186.64,0.84,44.07,0.84,183.89,0.08,42.7,0.08,327.66,0.31,44.48,0.31,227.17,0.79,43.37,0.79,163.76,0.46,43.04,0.47,100.95,0.32,44.02,0.33,115.2,0.41,44.12,0.42,144.25,0.54,43.37,0.52,78.61,0.91,44.12,0.89,218.36,0.18,43.56,0.18,212.2,0.35,43.61,0.34,172.87,-1602,-1500,-1800,43.66833333333333,5.939999999999999,0 days 00:10:00,True,52,-1596.0,-1601.0,-1597.0,-1605.0,-1609.0,-1608.0,TARGET
2026-08-27 03:41:00,28.85,77.88,0.75,43.84,0.74,167.28,0.84,43.9,0.81,244.22,0.08,42.12,0.08,327.66,0.31,43.96,0.31,236.25,0.79,43.84,0.78,143.31,0.46,42.98,0.45,96.79,0.32,44.07,0.33,122.59,0.41,44.02,0.4,208.32,0.54,43.73,0.53,75.76,0.91,44.25,0.91,255.09,0.18,43.67,0.18,209.82,0.35,43.79,0.36,161.44,-1603,-1500,-1800,43.68083333333334,5.880000000000001,0 days 00:10:00,True,52,-1602.0,-1596.0,-1601.0,-1597.0,-1605.0,-1609.0,TARGET
2026-08-27 03:51:00,28.79,78.03,0.75,43.67,0.73,162.91,0.84,44.07,0.86,166.37,0.08,42.7,0.08,327.66,0.31,43.96,0.31,204.98,0.79,43.9,0.8,131.5,0.46,42.87,0.47,102.2,0.32,43.5,0.33,154.76,0.41,43.61,0.4,184.15,0.54,43.56,0.56,87.3,0.91,43.33,0.89,299.06,0.18,42.81,0.18,266.88,0.35,43.73,0.36,184.87,-1602,-1500,-1800,43.475833333333334,5.97,0 days 00:10:00,True,52,-1603.0,-1602.0,-1596.0,-1601.0,-1597.0,-1605.0,TARGET
2026-08-27 04:01:01,28.9,77.76,0.75,43.5,0.72,203.11,0.84,44.02,0.86,196.58,0.08,42.81,0.08,327.66,0.31,44.42,0.3,169.69,0.79,43.56,0.82,162.26,0.46,43.5,0.46,85.67,0.32,43.73,0.33,145.95,0.41,43.67,0.42,182.21,0.54,43.33,0.54,75.9,0.91,43.96,0.93,240.33,0.18,43.44,0.18,233.15,0.35,44.12,0.34,142.59,-1599,-1500,-1800,43.67166666666666,5.9799999999999995,0 days 00:10:01,True,52,-1602.0,-1603.0,-1602.0,-1596.0,-1601.0,-1597.0,TARGET
2026-08-27 04:11:01,28.85,78.06,0.75,43.33,0.74,214.65,0.84,43.79,0.87,195.55,0.08,42.41,0.08,327.66,0.31,44.53,0.3,160.25,0.79,43.79,0.76,138.84,0.46,43.27,0.45,90.86,0.32,43.56,0.32,147.12,0.41,43.9,0.41,158.39,0.54,43.33,0.53,78.5,0.91,43.96,0.9,267.71,0.18,43.33,0.18,245.01,0.35,44.25,0.35,141.53,-1592,-1500,-1800,43.62083333333333,5.89,0 days 00:10:00,True,52,-1599.0,-1602.0,-1603.0,-1602.0,-1596.0,-1601.0,TARGET
2026-08-27 04:21:01,28.47,79.31,0.75,43.5,0.73,218.94,0.84,43.5,0.86,226.12,0.08,42.29,0.08,327.66,0.31,44.42,0.3,176.06,0.79,43.79,0.77,138.84,0.46,43.1,0.46,98.18,0.32,43.5,0.32,154.98,0.41,43.84,0.42,173.78,0.54,43.73,0.52,72.22,0.91,44.3,0.9,226.58,0.18,43.73,0.18,197.83,0.35,44.02,0.35,162.5,-1591,-1500,-1800,43.64333333333334,5.89,0 days 00:10:00,True,52,-1592.0,-1599.0,-1602.0,-1603.0,-1602.0,-1596.0,TARGET
2026-08-27 04:31:00,28.58,78.83,0.75,43.27,0.73,211.08,0.84,43.73,0.81,213.32,0.08,42.29,0.08,327.66,0.31,44.36,0.31,167.46,0.79,43.96,0.8,125.41,0.46,43.04,0.47,105.79,0.32,44.02,0.33,116.16,0.41,43.56,0.42,181.97,0.54,43.67,0.52,72.22,0.91,44.42,0.91,247.1,0.18,43.61,0.18,194.78,0.35,43.96,0.35,154.67,-1595,-1500,-1800,43.6575,5.91,0 days 00:09:59,True,52,-1591.0,-1592.0,-1599.0,-1602.0,-1603.0,-1602.0,TARGET
2026-08-27 04:41:00,28.69,78.55,0.75,43.37,0.75,269.74,0.84,43.56,0.81,230.19,0.08,42.46,0.08,327.66,0.31,44.19,0.32,184.12,0.79,43.5,0.82,151.56,0.46,43.56,0.47,83.2,0.32,43.79,0.32,132.23,0.41,43.79,0.4,182.69,0.54,43.56,0.55,74.96,0.91,43.96,0.9,258.13,0.18,43.5,0.18,218.65,0.35,43.84,0.35,163.56,-1593,-1500,-1800,43.59,5.949999999999999,0 days 00:10:00,True,52,-1595.0,-1591.0,-1592.0,-1599.0,-1602.0,-1603.0,TARGET
2026-08-27 04:51:00,28.74,78.49,0.75,43.84,0.72,157.98,0.84,43.61,0.86,219.51,0.08,42.58,0.08,327.66,0.31,44.3,0.31,194.86,0.79,43.9,0.76,124.29,0.46,43.73,0.47,83.53,0.32,43.61,0.32,143.87,0.41,44.02,0.42,149.87,0.54,43.56,0.55,71.93,0.91,43.84,0.91,289.63,0.18,43.21,0.18,285.46,0.35,44.25,0.36,140.3,-1598,-1500,-1800,43.70416666666667,5.94,0 days 00:10:00,True,52,-1593.0,-1595.0,-1591.0,-1592.0,-1599.0,-1602.0,TARGET
2026-08-27 05:01:00,28.79,78.22,0.75,43.79,0.74,161.44,0.84,44.12,0.86,177.12,0.08,42.52,0.08,327.66,0.31,44.53,0.31,172.21,0.79,43.9,0.76,123.18,0.46,42.98,0.47,109.91,0.32,43.56,0.32,158.75,0.41,43.79,0.42,167.28,0.54,43.27,0.55,81.18,0.91,44.07,0.9,279.5,0.18,43.44,0.18,327.66,0.35,44.19,0.34,122.0,-1591,-1500,-1800,43.68000000000001,5.93,0 days 00:10:00,True,52,-1598.0,-1593.0,-1595.0,-1591.0,-1592.0,-1599.0,TARGET
2026-08-27 05:11:01,28.79,77.94,0.75,43.33,0.74,236.87,0.84,44.12,0.82,179.4,0.08,42.24,0.08,327.66,0.31,43.96,0.31,217.79,0.79,43.96,0.8,145.2,0.46,42.98,0.47,104.18,0.32,44.02,0.31,117.28,0.41,43.56,0.42,175.06,0.54,43.73,0.56,73.75,0.91,43.84,0.92,289.63,0.18,43.27,0.18,298.66,0.35,44.07,0.36,139.56,-1601,-1500,-1800,43.59,5.97,0 days 00:10:01,True,52,-1591.0,-1598.0,-1593.0,-1595.0,-1591.0,-1592.0,TARGET
2026-08-27 05:21:01,28.9,78.06,0.75,43.79,0.78,165.5,0.84,43.5,0.82,215.51,0.08,42.58,0.08,327.66,0.31,44.02,0.3,211.47,0.79,43.56,0.76,149.92,0.46,43.33,0.46,88.75,0.32,44.19,0.33,114.85,0.41,44.12,0.42,145.75,0.54,43.56,0.55,75.87,0.91,43.73,0.88,277.32,0.18,43.15,0.18,267.94,0.35,43.73,0.35,180.08,-1598,-1500,-1800,43.605,5.909999999999999,0 days 00:10:00,True,52,-1601.0,-1591.0,-1598.0,-1593.0,-1595.0,-1591.0,TARGET
2026-08-27 05:31:00,29.01,77.79,0.75,43.9,0.75,167.72,0.84,44.07,0.81,168.37,0.08,42.7,0.08,327.66,0.31,44.42,0.31,163.56,0.79,43.9,0.8,124.29,0.46,43.21,0.45,95.28,0.32,43.5,0.32,160.17,0.41,44.02,0.42,146.92,0.54,43.15,0.56,80.97,0.91,43.73,0.94,327.66,0.18,43.1,0.18,327.66,0.35,43.96,0.34,160.22,-1599,-1500,-1800,43.63833333333334,5.959999999999999,0 days 00:09:59,True,52,-1598.0,-1601.0,-1591.0,-1598.0,-1593.0,-1595.0,TARGET
2026-08-27 05:41:00,28.69,78.92,0.75,43.61,0.76,172.87,0.84,44.19,0.82,168.82,0.08,42.7,0.08,327.66,0.31,44.36,0.31,185.08,0.79,43.73,0.76,144.25,0.46,42.98,0.46,106.48,0.32,43.56,0.33,151.97,0.41,44.12,0.41,147.3,0.54,43.04,0.55,76.67,0.91,44.12,0.88,259.13,0.18,43.5,0.18,218.94,0.35,43.84,0.35,173.78,-1599,-1500,-1800,43.645833333333336,5.89,0 days 00:10:00,True,52,-1599.0,-1598.0,-1601.0,-1591.0,-1598.0,-1593.0,TARGET
2026-08-27 05:51:00,29.01,78.37,0.75,43.27,0.76,224.92,0.84,43.9,0.83,185.37,0.08,42.52,0.08,327.66,0.31,44.36,0.31,192.69,0.79,43.73,0.78,142.75,0.46,42.7,0.45,100.28,0.32,43.79,0.32,127.54,0.41,44.12,0.41,150.47,0.54,43.15,0.56,83.43,0.91,43.73,0.89,301.82,0.18,43.15,0.18,325.81,0.35,43.79,0.36,171.41,-1601,-1500,-1800,43.517500000000005,5.93,0 days 00:10:00,True,52,-1599.0,-1599.0,-1598.0,-1601.0,-1591.0,-1598.0,TARGET
2026-08-27 06:01:00,29.01,77.85,0.75,43.56,0.75,206.14,0.84,43.56,0.81,215.79,0.08,42.35,0.08,327.66,0.31,44.19,0.31,166.81,0.79,43.67,0.76,150.51,0.46,43.37,0.46,101.9,0.32,43.79,0.32,138.84,0.41,43.84,0.4,165.5,0.54,43.67,0.52,75.36,0.91,43.79,0.92,295.41,0.18,43.27,0.18,311.41,0.35,43.61,0.35,212.76,-1604,-1500,-1800,43.55583333333334,5.859999999999999,0 days 00:10:00,True,52,-1601.0,-1599.0,-1599.0,-1598.0,-1601.0,-1591.0,TARGET
2026-08-27 06:11:01,29.06,77.45,0.75,43.67,0.78,179.6,0.84,43.79,0.83,189.95,0.08,42.35,0.08,327.66,0.31,44.07,0.31,208.59,0.79,43.96,0.81,126.71,0.46,43.15,0.46,95.68,0.32,43.56,0.33,162.48,0.41,43.67,0.41,177.76,0.54,43.73,0.54,75.86,0.91,44.19,0.94,326.28,0.18,43.5,0.18,260.59,0.35,44.02,0.36,147.11,-1603,-1500,-1800,43.63833333333334,6.03,0 days 00:10:01,True,52,-1604.0,-1601.0,-1599.0,-1599.0,-1598.0,-1601.0,TARGET
2026-08-27 06:21:01,28.95,78.64,0.75,43.96,0.76,154.67,0.84,43.96,0.83,188.12,0.08,42.7,0.08,327.66,0.31,44.25,0.32,195.11,0.79,43.9,0.77,134.97,0.46,42.93,0.47,103.11,0.32,43.79,0.32,150.72,0.41,43.84,0.4,129.92,0.54,43.61,0.56,77.79,0.91,44.25,0.92,226.0,0.18,43.67,0.18,192.33,0.35,43.73,0.35,192.58,-1602,-1500,-1800,43.715833333333336,5.959999999999999,0 days 00:10:00,True,52,-1603.0,-1604.0,-1601.0,-1599.0,-1599.0,-1598.0,TARGET
2026-08-27 06:31:00,29.06,78.34,0.75,42.87,0.72,216.04,0.84,43.96,0.81,180.79,0.08,42.41,0.08,327.66,0.31,44.3,0.32,226.58,0.79,43.96,0.76,122.27,0.46,43.61,0.46,83.81,0.32,43.96,0.31,165.72,0.41,43.61,0.42,179.6,0.54,43.27,0.56,78.85,0.91,44.07,0.92,285.21,0.18,43.44,0.18,250.45,0.35,43.79,0.34,155.8,-1599,-1500,-1800,43.604166666666664,5.88,0 days 00:09:59,True,52,-1602.0,-1603.0,-1604.0,-1601.0,-1599.0,-1599.0,TARGET
2026-08-27 06:41:00,28.74,79.22,0.75,43.5,0.78,202.57,0.84,43.67,0.86,235.01,0.08,42.41,0.08,327.66,0.31,44.07,0.31,202.54,0.79,43.9,0.8,125.41,0.46,43.37,0.46,89.91,0.32,43.67,0.33,138.66,0.41,44.07,0.4,141.16,0.54,43.21,0.55,71.46,0.91,44.3,0.92,265.06,0.18,43.67,0.18,206.4,0.35,44.12,0.34,160.84,-1611,-1500,-1800,43.66333333333333,6.01,0 days 00:10:00,True,52,-1599.0,-1602.0,-1603.0,-1604.0,-1601.0,-1599.0,BELOW
2026-08-27 06:51:00,28.95,78.52,0.75,43.79,0.77,159.59,0.84,43.79,0.81,210.37,0.08,42.46,0.08,327.66,0.31,44.59,0.32,166.34,0.79,43.61,0.8,148.5,0.46,43.5,0.45,84.1,0.32,43.44,0.33,151.56,0.41,43.56,0.42,293.85,0.54,43.44,0.54,73.26,0.91,43.79,0.93,289.25,0.18,43.37,0.18,286.6,0.35,44.19,0.36,135.86,-1606,-1500,-1800,43.6275,5.99,0 days 00:10:00,True,52,-1611.0,-1599.0,-1602.0,-1603.0,-1604.0,-1601.0,TARGET
2026-08-27 07:01:00,28.95,78.7,0.75,43.84,0.73,157.98,0.84,44.07,0.84,168.37,0.08,42.64,0.08,327.66,0.31,44.12,0.3,221.83,0.79,43.44,0.82,158.33,0.46,43.37,0.46,82.87,0.32,44.07,0.31,117.43,0.41,43.56,0.42,156.73,0.54,43.33,0.55,78.06,0.91,43.79,0.9,295.41,0.18,43.1,0.18,317.81,0.35,43.96,0.34,154.87,-1608,-1500,-1800,43.60750000000001,5.93,0 days 00:10:00,True,52,-1606.0,-1611.0,-1599.0,-1602.0,-1603.0,-1604.0,TARGET
2026-08-27 07:11:01,29.06,78.58,0.75,43.84,0.74,167.5,0.84,44.19,0.85,166.81,0.08,42.75,0.08,327.66,0.31,44.3,0.32,206.32,0.79,44.02,0.81,150.08,0.46,43.21,0.45,94.49,0.32,43.96,0.31,124.45,0.41,43.61,0.42,192.08,0.54,43.79,0.52,72.31,0.91,44.12,0.88,238.4,0.18,43.73,0.18,185.12,0.35,44.25,0.34,155.89,-1618,-1500,-1800,43.814166666666665,5.8999999999999995,0 days 00:10:01,True,52,-1608.0,-1606.0,-1611.0,-1599.0,-1602.0,-1603.0,BELOW
2026-08-27 07:21:01,29.33,78.34,0.75,43.37,0.73,159.95,0.84,44.12,0.84,172.76,0.08,42.81,0.08,327.66,0.31,44.25,0.32,209.12,0.79,43.9,0.81,130.09,0.46,43.04,0.45,100.48,0.32,44.07,0.32,116.46,0.41,43.79,0.41,180.55,0.54,43.15,0.56,83.95,0.91,44.25,0.91,255.09,0.18,43.61,0.18,192.08,0.35,43.9,0.35,139.39,-1614,-1500,-1800,43.68833333333333,5.96,0 days 00:10:00,True,52,-1618.0,-1608.0,-1606.0,-1611.0,-1599.0,-1602.0,BELOW
2026-08-27 07:31:00,29.54,77.27,0.75,43.5,0.74,179.12,0.84,44.12,0.84,176.9,0.08,42.52,0.08,327.66,0.31,44.3,0.32,195.37,0.79,43.61,0.82,158.95,0.46,43.27,0.46,92.57,0.32,43.44,0.32,114.79,0.41,43.67,0.41,177.54,0.54,43.5,0.52,77.58,0.91,44.3,0.94,250.86,0.18,43.61,0.18,144.06,0.35,43.61,0.35,170.96,-1610,-1500,-1800,43.62083333333334,5.979999999999999,0 days 00:09:59,True,52,-1614.0,-1618.0,-1608.0,-1606.0,-1611.0,-1599.0,TARGET
2026-08-27 07:41:00,29.97,76.02,0.75,43.61,0.73,156.95,0.84,43.84,0.86,180.31,0.08,42.64,0.08,327.66,0.31,44.53,0.3,141.2,0.79,43.79,0.8,156.0,0.46,42.93,0.47,108.02,0.32,43.79,0.31,144.44,0.41,43.96,0.42,156.81,0.54,43.15,0.54,80.97,0.91,44.36,0.94,230.0,0.18,43.84,0.18,204.45,0.35,44.25,0.35,136.2,-1616,-1500,-1800,43.72416666666666,5.979999999999999,0 days 00:10:00,True,52,-1610.0,-1614.0,-1618.0,-1608.0,-1606.0,-1611.0,BELOW
2026-08-27 07:51:00,30.18,75.28,0.75,43.96,0.74,160.0,0.84,43.96,0.83,185.37,0.08,42.58,0.08,327.66,0.31,44.07,0.32,225.7,0.79,43.56,0.81,158.95,0.46,43.5,0.45,80.65,0.32,43.61,0.31,147.12,0.41,44.12,0.42,144.25,0.54,43.44,0.54,76.42,0.91,43.96,0.92,273.31,0.18,43.37,0.18,236.87,0.35,44.12,0.36,141.16,-1614,-1500,-1800,43.6875,5.96,0 days 00:10:00,True,52,-1616.0,-1610.0,-1614.0,-1618.0,-1608.0,-1606.0,BELOW
2026-08-27 08:01:00,30.56,74.31,0.75,43.33,0.78,211.64,0.84,44.19,0.87,177.36,0.08,42.52,0.08,327.66,0.31,44.53,0.31,168.11,0.79,43.5,0.77,162.48,0.46,43.1,0.46,101.98,0.32,43.79,0.31,122.87,0.41,44.19,0.42,147.67,0.54,43.37,0.52,77.28,0.91,43.84,0.94,295.79,0.18,43.27,0.18,298.26,0.35,44.19,0.36,157.42,-1618,-1500,-1800,43.651666666666664,5.999999999999999,0 days 00:10:00,True,52,-1614.0,-1616.0,-1610.0,-1614.0,-1618.0,-1608.0,BELOW
2026-08-27 09:31:01,35.04,62.19,0.75,43.44,0.73,194.01,0.84,44.12,0.81,279.87,0.08,42.46,0.08,327.66,0.31,44.42,0.31,188.04,0.79,43.5,0.81,158.33,0.46,43.44,0.47,89.43,0.32,44.07,0.32,116.46,0.41,44.07,0.42,157.03,0.54,43.96,0.53,68.4,0.91,44.19,0.92,259.13,0.18,43.56,0.18,215.79,0.35,44.3,0.35,143.34,-1631,-1500,-1800,43.79416666666666,5.929999999999999,0 days 00:10:00,True,52,-1626.0,-1630.0,-1626.0,-1629.0,-1628.0,-1631.0,BELOW
2026-08-27 10:01:00,35.26,61.61,0.75,43.21,0.75,182.69,0.84,43.73,0.86,223.65,0.08,42.64,0.08,327.66,0.31,44.02,0.3,225.12,0.79,43.73,0.8,144.44,0.46,43.56,0.46,80.76,0.32,43.96,0.32,124.45,0.41,44.25,0.41,154.17,0.54,43.73,0.55,72.58,0.91,44.12,0.9,269.46,0.18,43.5,0.18,250.78,0.35,44.12,0.36,150.26,-1642,-1500,-1800,43.714166666666664,5.970000000000001,0 days 00:10:00,True,52,-1636.0,-1629.0,-1631.0,-1626.0,-1630.0,-1626.0,BELOW
2026-08-27 10:11:01,35.15,61.3,0.75,43.61,0.76,200.15,0.84,44.07,0.83,208.59,0.08,42.24,0.08,327.66,0.31,44.3,0.3,200.43,0.79,43.9,0.8,136.64,0.46,43.04,0.47,99.48,0.32,43.79,0.33,137.47,0.41,44.12,0.41,155.28,0.54,43.73,0.54,74.15,0.91,44.42,0.91,242.53,0.18,43.79,0.18,198.35,0.35,44.3,0.35,139.09,-1626,-1500,-1800,43.77583333333334,5.96,0 days 00:10:01,True,52,-1642.0,-1636.0,-1629.0,-1631.0,-1626.0,-1630.0,BELOW
2026-08-27 10:31:01,35.26,60.85,0.75,43.84,0.78,169.76,0.84,43.96,0.86,208.04,0.08,42.64,0.08,327.66,0.31,44.53,0.32,174.33,0.79,43.96,0.82,132.39,0.46,43.56,0.47,82.32,0.32,44.07,0.31,113.62,0.41,43.73,0.41,169.1,0.54,43.37,0.54,81.4,0.91,44.25,0.88,275.1,0.18,43.61,0.18,230.19,0.35,44.07,0.34,170.43,-1634,-1500,-1800,43.79916666666667,5.989999999999999,0 days 00:10:00,True,52,-1632.0,-1626.0,-1642.0,-1636.0,-1629.0,-1631.0,BELOW
2026-08-27 10:51:01,35.74,59.96,0.75,43.96,0.76,160.22,0.84,43.79,0.81,227.61,0.08,42.75,0.08,327.66,0.31,44.07,0.3,202.28,0.79,43.56,0.81,145.56,0.46,43.27,0.46,93.97,0.32,44.07,0.33,119.45,0.41,43.9,0.4,160.22,0.54,43.1,0.55,82.82,0.91,44.36,0.89,230.9,0.18,43.67,0.18,256.78,0.35,43.96,0.35,174.24,-1638,-1500,-1800,43.705000000000005,5.919999999999999,0 days 00:10:00,True,52,-1633.0,-1634.0,-1632.0,-1626.0,-1642.0,-1636.0,BELOW
2026-08-27 11:31:01,36.16,58.74,0.75,43.56,0.73,203.11,0.84,43.67,0.87,209.82,0.08,42.46,0.08,327.66,0.31,44.19,0.32,209.4,0.79,43.73,0.77,144.62,0.46,43.61,0.45,82.32,0.32,43.96,0.31,128.05,0.41,43.73,0.4,210.09,0.54,43.5,0.53,76.72,0.91,43.79,0.9,308.94,0.18,43.21,0.18,297.87,0.35,44.25,0.34,152.5,-1638,-1500,-1800,43.63833333333333,5.88,0 days 00:10:00,True,52,-1642.0,-1641.0,-1643.0,-1638.0,-1633.0,-1634.0,BELOW
2026-08-27 11:41:01,36.16,59.08,0.75,43.5,0.73,186.39,0.84,43.84,0.84,210.92,0.08,42.46,0.08,327.66,0.31,44.25,0.32,216.12,0.79,43.84,0.79,133.67,0.46,43.1,0.47,103.52,0.32,44.12,0.33,118.59,0.41,44.12,0.42,134.73,0.54,43.33,0.54,84.8,0.91,44.53,0.93,266.09,0.18,43.84,0.18,239.7,0.35,44.02,0.35,160.64,-1644,-1500,-1800,43.74583333333334,5.979999999999999,0 days 00:10:00,True,52,-1638.0,-1642.0,-1641.0,-1643.0,-1638.0,-1633.0,BELOW
2026-08-27 12:01:01,36.11,59.5,0.75,43.84,0.72,178.24,0.84,43.73,0.81,210.09,0.08,42.58,0.08,327.66,0.31,44.53,0.31,178.75,0.79,44.07,0.82,118.43,0.46,43.37,0.45,94.75,0.32,44.12,0.32,115.64,0.41,43.73,0.4,147.5,0.54,43.5,0.53,74.86,0.91,44.65,0.91,262.18,0.18,43.61,0.18,223.35,0.35,43.67,0.34,173.32,-1642,-1500,-1800,43.78333333333333,5.87,0 days 00:10:00,True,52,-1643.0,-1644.0,-1638.0,-1642.0,-1641.0,-1643.0,BELOW
2026-08-27 14:21:01,40.44,47.29,0.75,43.61,0.78,206.4,0.84,44.02,0.82,225.12,0.08,42.58,0.08,327.66,0.31,44.25,0.32,179.87,0.79,43.56,0.79,155.39,0.46,43.04,0.45,104.98,0.32,44.19,0.33,118.74,0.41,43.84,0.4,157.98,0.54,43.1,0.52,79.81,0.91,44.42,0.88,247.1,0.18,44.02,0.18,205.25,0.35,44.02,0.35,166.16,-1642,-1500,-1800,43.72083333333334,5.8999999999999995,0 days 00:10:00,True,52,-1648.0,-1643.0,-1648.0,-1654.0,-1648.0,-1649.0,BELOW
2026-08-27 14:41:01,38.94,50.77,0.75,44.07,0.73,160.64,0.84,43.9,0.83,217.79,0.08,42.75,0.08,327.66,0.31,44.42,0.31,176.06,0.79,43.67,0.78,135.58,0.46,43.33,0.47,95.28,0.32,44.07,0.33,124.78,0.41,44.12,0.4,144.25,0.54,43.21,0.56,82.54,0.91,44.02,0.89,273.66,0.18,43.37,0.18,275.13,0.35,44.36,0.34,141.89,-1648,-1500,-1800,43.774166666666666,5.8999999999999995,0 days 00:10:00,True,52,-1643.0,-1642.0,-1648.0,-1643.0,-1648.0,-1654.0,BELOW
2026-08-27 15:01:01,37.61,54.41,0.75,43.5,0.77,205.87,0.84,44.25,0.87,169.04,0.08,42.41,0.08,327.66,0.31,44.12,0.32,196.84,0.79,44.02,0.8,128.05,0.46,43.21,0.45,96.49,0.32,44.19,0.31,113.77,0.41,44.02,0.41,147.11,0.54,43.15,0.52,81.93,0.91,43.79,0.9,295.01,0.18,43.1,0.18,291.15,0.35,43.84,0.35,156.0,-1643,-1500,-1800,43.63333333333333,5.959999999999999,0 days 00:10:00,True,52,-1652.0,-1648.0,-1643.0,-1642.0,-1648.0,-1643.0,BELOW
2026-08-27 15:11:01,35.68,56.82,0.75,44.07,0.75,194.35,0.84,43.79,0.83,223.65,0.08,42.7,0.08,327.66,0.31,44.25,0.32,177.59,0.79,43.44,0.79,160.37,0.46,43.15,0.45,103.66,0.32,43.79,0.31,137.47,0.41,43.56,0.41,174.83,0.54,43.67,0.54,74.44,0.91,44.25,0.91,255.09,0.18,43.61,0.18,189.45,0.35,43.9,0.34,165.72,-1643,-1500,-1800,43.68166666666667,5.91,0 days 00:10:00,True,52,-1643.0,-1652.0,-1648.0,-1643.0,-1642.0,-1648.0,BELOW
2026-08-27 15:21:01,36.06,56.42,0.75,43.84,0.73,167.94,0.84,44.12,0.83,285.57,0.08,42.64,0.08,327.66,0.31,44.3,0.32,171.32,0.79,43.84,0.81,126.38,0.46,43.21,0.47,95.02,0.32,43.61,0.33,155.39,0.41,43.56,0.41,179.37,0.54,43.21,0.53,78.74,0.91,43.9,0.9,284.1,0.18,43.33,0.18,286.22,0.35,43.79,0.35,190.19,-1642,-1500,-1800,43.612500000000004,5.94,0 days 00:10:00,True,52,-1643.0,-1643.0,-1652.0,-1648.0,-1643.0,-1642.0,BELOW
2026-08-27 15:31:01,35.47,62.92,0.75,44.02,0.77,162.28,0.84,44.12,0.85,184.12,0.08,42.52,0.08,327.66,0.31,43.79,0.32,223.94,0.79,43.37,0.76,163.76,0.46,43.21,0.46,91.84,0.32,43.73,0.31,138.84,0.41,43.67,0.42,170.73,0.54,43.1,0.55,83.32,0.91,44.3,0.91,234.14,0.18,43.61,0.18,203.37,0.35,43.67,0.36,175.29,-1641,-1500,-1800,43.5925,5.970000000000001,0 days 00:10:00,True,52,-1642.0,-1643.0,-1643.0,-1652.0,-1648.0,-1643.0,BELOW
2026-08-27 21:51:01,27.14,89.36,0.75,43.44,0.76,313.07,0.84,43.67,0.84,206.96,0.08,42.29,0.08,327.66,0.31,44.3,0.3,187.31,0.79,43.67,0.82,136.92,0.46,43.44,0.47,85.03,0.32,43.67,0.31,134.44,0.41,43.73,0.4,163.12,0.54,43.15,0.53,81.93,0.91,43.96,0.9,303.01,0.18,43.27,0.18,327.66,0.35,43.61,0.35,175.06,-1643,-1500,-1800,43.51666666666666,5.94,0 days 00:10:00,True,52,-1646.0,-1658.0,-1658.0,-1662.0,-1656.0,-1662.0,BELOW
2026-08-27 22:11:02,27.03,89.11,0.75,43.84,0.75,165.29,0.84,44.19,0.85,157.42,0.08,42.35,0.08,327.66,0.31,44.07,0.31,202.54,0.79,43.37,0.8,161.84,0.46,43.44,0.45,88.87,0.32,43.9,0.31,116.98,0.41,43.79,0.42,171.41,0.54,43.15,0.54,81.56,0.91,43.73,0.9,288.88,0.18,43.1,0.18,267.6,0.35,44.02,0.34,148.67,-1640,-1500,-1800,43.57916666666667,5.93,0 days 00:10:01,True,52,-1647.0,-1643.0,-1646.0,-1658.0,-1658.0,-1662.0,BELOW
2026-08-27 22:21:02,27.14,87.95,0.75,43.61,0.75,157.14,0.84,44.07,0.81,168.37,0.08,42.58,0.08,327.66,0.31,43.96,0.3,214.73,0.79,43.9,0.79,130.09,0.46,43.15,0.47,95.68,0.32,43.96,0.32,118.12,0.41,43.5,0.42,265.25,0.54,43.1,0.56,84.47,0.91,44.25,0.9,246.46,0.18,43.61,0.18,206.4,0.35,43.79,0.36,180.55,-1636,-1500,-1800,43.623333333333335,5.94,0 days 00:10:00,True,52,-1640.0,-1647.0,-1643.0,-1646.0,-1658.0,-1658.0,BELOW
2026-08-27 22:31:01,27.08,88.99,0.75,43.79,0.73,187.37,0.84,43.9,0.83,178.24,0.08,42.35,0.08,327.66,0.31,43.96,0.32,217.51,0.79,43.9,0.78,126.55,0.46,43.37,0.46,79.97,0.32,43.96,0.31,110.48,0.41,44.07,0.42,160.64,0.54,43.04,0.53,82.21,0.91,43.84,0.88,289.63,0.18,43.21,0.18,285.46,0.35,44.12,0.35,134.55,-1637,-1500,-1800,43.625833333333325,5.869999999999999,0 days 00:09:59,True,52,-1636.0,-1640.0,-1647.0,-1643.0,-1646.0,-1658.0,BELOW
2026-08-27 22:41:01,27.03,88.2,0.75,43.73,0.78,177.76,0.84,44.07,0.85,176.67,0.08,42.64,0.08,327.66,0.31,44.42,0.31,169.69,0.79,43.73,0.77,150.72,0.46,43.27,0.45,90.25,0.32,44.02,0.32,129.23,0.41,43.79,0.42,165.5,0.54,43.33,0.53,80.81,0.91,43.84,0.94,327.66,0.18,43.21,0.18,207.33,0.35,43.67,0.36,166.84,-1635,-1500,-1800,43.64333333333334,5.989999999999999,0 days 00:10:00,True,52,-1637.0,-1636.0,-1640.0,-1647.0,-1643.0,-1646.0,BELOW
2026-08-27 23:21:02,26.98,89.2,0.75,43.33,0.77,211.36,0.84,43.79,0.85,192.84,0.08,42.18,0.08,327.66,0.31,43.9,0.31,232.01,0.79,43.61,0.81,157.14,0.46,43.44,0.46,83.09,0.32,43.67,0.31,132.98,0.41,43.96,0.41,136.83,0.54,42.98,0.55,84.65,0.91,44.02,0.9,268.41,0.18,43.44,0.18,233.47,0.35,43.79,0.36,185.37,-1626,-1500,-1800,43.509166666666665,5.99,0 days 00:10:01,True,52,-1634.0,-1633.0,-1636.0,-1635.0,-1637.0,-1636.0,BELOW
2026-08-27 23:31:02,26.92,89.54,0.75,43.73,0.73,163.12,0.84,43.61,0.84,230.49,0.08,42.58,0.08,327.66,0.31,44.25,0.32,175.37,0.79,43.67,0.77,122.55,0.46,43.27,0.46,90.25,0.32,43.37,0.31,160.17,0.41,43.5,0.42,191.82,0.54,43.61,0.52,69.49,0.91,44.02,0.91,279.13,0.18,43.37,0.18,245.65,0.35,43.73,0.36,180.08,-1624,-1500,-1800,43.55916666666667,5.9,0 days 00:10:00,True,52,-1626.0,-1634.0,-1633.0,-1636.0,-1635.0,-1637.0,BELOW
2026-08-27 23:41:01,26.87,89.63,0.75,43.37,0.74,181.01,0.84,44.02,0.82,168.16,0.08,42.41,0.08,327.66,0.31,44.42,0.31,175.83,0.79,43.33,0.79,163.76,0.46,43.37,0.46,94.22,0.32,43.73,0.33,127.38,0.41,43.67,0.42,184.64,0.54,43.44,0.55,75.17,0.91,43.79,0.9,327.66,0.18,43.15,0.18,297.87,0.35,43.61,0.36,172.87,-1624,-1500,-1800,43.52583333333334,5.94,0 days 00:09:59,True,52,-1624.0,-1626.0,-1634.0,-1633.0,-1636.0,-1635.0,BELOW
2026-08-27 23:51:01,27.14,89.14,0.75,43.84,0.78,167.28,0.84,43.73,0.82,189.45,0.08,42.46,0.08,327.66,0.31,44.48,0.31,163.99,0.79,43.56,0.76,140.92,0.46,43.33,0.47,89.21,0.32,44.02,0.31,114.39,0.41,43.61,0.4,184.39,0.54,42.98,0.54,82.6,0.91,44.25,0.92,241.9,0.18,43.67,0.18,181.97,0.35,43.96,0.34,154.87,-1616,-1500,-1800,43.6575,5.909999999999999,0 days 00:10:00,True,52,-1624.0,-1624.0,-1626.0,-1634.0,-1633.0,-1636.0,BELOW
2026-08-28 00:01:01,27.03,88.96,0.75,43.9,0.78,151.31,0.84,44.07,0.83,172.53,0.08,42.29,0.08,327.66,0.31,44.07,0.32,218.36,0.79,43.5,0.8,164.42,0.46,43.56,0.45,79.26,0.32,43.79,0.31,126.21,0.41,43.73,0.41,154.06,0.54,42.98,0.52,81.61,0.91,43.73,0.88,327.66,0.18,43.21,0.18,327.66,0.35,43.9,0.35,172.08,-1619,-1500,-1800,43.560833333333335,5.909999999999999,0 days 00:10:00,True,52,-1616.0,-1624.0,-1624.0,-1626.0,-1634.0,-1633.0,BELOW
2026-08-28 00:11:01,26.82,89.17,0.75,43.73,0.78,175.75,0.84,44.12,0.87,160.64,0.08,42.24,0.08,327.66,0.31,43.9,0.31,210.92,0.79,43.73,0.79,137.11,0.46,43.1,0.45,94.9,0.32,43.79,0.32,123.03,0.41,44.07,0.41,150.26,0.54,43.5,0.52,66.62,0.91,44.19,0.91,237.18,0.18,43.56,0.18,184.15,0.35,43.73,0.36,177.76,-1618,-1500,-1800,43.63833333333333,5.9799999999999995,0 days 00:10:00,True,52,-1619.0,-1616.0,-1624.0,-1624.0,-1626.0,-1634.0,BELOW
2026-08-28 00:21:02,26.66,89.33,0.75,43.79,0.75,156.0,0.84,44.07,0.85,179.17,0.08,42.52,0.08,327.66,0.31,43.96,0.31,217.79,0.79,43.84,0.78,124.13,0.46,43.5,0.47,79.61,0.32,43.84,0.33,126.38,0.41,43.56,0.4,186.64,0.54,43.37,0.56,79.61,0.91,43.96,0.9,253.1,0.18,43.5,0.18,233.15,0.35,44.12,0.34,134.55,-1622,-1500,-1800,43.66916666666666,5.95,0 days 00:10:01,True,52,-1618.0,-1619.0,-1616.0,-1624.0,-1624.0,-1626.0,BELOW
2026-08-28 00:31:02,26.87,88.96,0.75,43.44,0.72,208.99,0.84,44.07,0.87,166.37,0.08,42.41,0.08,327.66,0.31,44.19,0.32,168.82,0.79,43.56,0.8,156.73,0.46,42.87,0.45,101.57,0.32,43.96,0.31,112.25,0.41,43.56,0.41,197.57,0.54,43.44,0.55,72.5,0.91,43.33,0.89,286.22,0.18,43.37,0.18,281.12,0.35,43.61,0.35,195.04,-1623,-1500,-1800,43.48416666666666,5.93,0 days 00:10:00,True,52,-1622.0,-1618.0,-1619.0,-1616.0,-1624.0,-1624.0,BELOW
2026-08-28 00:41:01,26.87,88.81,0.75,43.67,0.78,168.65,0.84,43.79,0.83,195.55,0.08,42.24,0.08,327.66,0.31,44.42,0.32,178.29,0.79,43.73,0.78,135.94,0.46,43.44,0.47,95.66,0.32,43.67,0.31,139.87,0.41,43.61,0.42,177.3,0.54,43.15,0.56,83.43,0.91,43.61,0.92,314.31,0.18,43.04,0.18,310.16,0.35,44.12,0.34,138.55,-1616,-1500,-1800,43.54083333333333,5.989999999999999,0 days 00:09:59,True,52,-1623.0,-1622.0,-1618.0,-1619.0,-1616.0,-1624.0,BELOW
2026-08-28 00:51:01,26.92,88.81,0.75,43.33,0.77,207.87,0.84,43.96,0.85,180.79,0.08,42.64,0.08,327.66,0.31,44.42,0.32,161.89,0.79,43.67,0.78,129.25,0.46,42.98,0.46,100.95,0.32,43.96,0.33,111.64,0.41,44.02,0.42,150.08,0.54,43.21,0.56,79.08,0.91,44.19,0.93,250.54,0.18,43.61,0.18,206.4,0.35,44.02,0.36,151.7,-1612,-1500,-1800,43.6675,6.04,0 days 00:10:00,True,52,-1616.0,-1623.0,-1622.0,-1618.0,-1619.0,-1616.0,BELOW
2026-08-28 01:01:01,26.98,88.78,0.75,43.67,0.73,167.06,0.84,43.61,0.83,219.23,0.08,42.52,0.08,327.66,0.31,44.3,0.3,187.31,0.79,43.44,0.77,163.99,0.46,43.21,0.47,89.9,0.32,43.5,0.32,146.92,0.41,43.67,0.41,170.73,0.54,42.87,0.52,79.49,0.91,44.12,0.92,249.89,0.18,43.56,0.18,219.23,0.35,43.9,0.34,174.01,-1608,-1500,-1800,43.530833333333334,5.869999999999999,0 days 00:10:00,True,52,-1612.0,-1616.0,-1623.0,-1622.0,-1618.0,-1619.0,TARGET
2026-08-28 01:11:01,26.98,87.01,0.75,43.44,0.77,208.99,0.84,43.96,0.83,176.44,0.08,42.46,0.08,327.66,0.31,43.84,0.32,302.63,0.79,43.56,0.82,158.75,0.46,43.44,0.47,80.54,0.32,43.84,0.32,131.14,0.41,44.02,0.4,145.2,0.54,42.98,0.55,84.75,0.91,44.02,0.93,253.43,0.18,43.44,0.18,214.95,0.35,43.56,0.35,168.43,-1604,-1500,-1800,43.546666666666674,6.019999999999999,0 days 00:10:00,True,52,-1608.0,-1612.0,-1616.0,-1623.0,-1622.0,-1618.0,TARGET
2026-08-28 01:21:02,26.82,88.93,0.75,43.73,0.75,162.91,0.84,43.73,0.87,200.96,0.08,42.58,0.08,327.66,0.31,44.25,0.31,189.84,0.79,43.9,0.76,121.05,0.46,43.1,0.45,95.43,0.32,43.5,0.33,149.92,0.41,43.79,0.4,178.0,0.54,43.27,0.52,79.65,0.91,43.79,0.9,315.97,0.18,43.21,0.18,298.26,0.35,44.12,0.35,155.48,-1610,-1500,-1800,43.58083333333334,5.9,0 days 00:10:01,True,52,-1604.0,-1608.0,-1612.0,-1616.0,-1623.0,-1622.0,TARGET
2026-08-28 01:31:02,26.92,88.84,0.75,43.67,0.75,166.62,0.84,43.96,0.87,180.79,0.08,42.64,0.08,327.66,0.31,44.36,0.32,175.83,0.79,43.84,0.76,120.89,0.46,43.27,0.46,87.39,0.32,44.12,0.31,129.92,0.41,43.79,0.41,165.29,0.54,43.33,0.56,79.97,0.91,43.79,0.92,301.82,0.18,43.21,0.18,268.31,0.35,44.02,0.35,140.98,-1601,-1500,-1800,43.666666666666664,5.97,0 days 00:10:00,True,52,-1610.0,-1604.0,-1608.0,-1612.0,-1616.0,-1623.0,TARGET
2026-08-28 01:41:02,26.87,88.93,0.75,43.21,0.72,224.62,0.84,43.9,0.86,175.98,0.08,42.41,0.08,327.66,0.31,44.42,0.32,163.76,0.79,43.73,0.77,163.12,0.46,43.27,0.45,87.27,0.32,44.02,0.32,109.75,0.41,43.9,0.42,149.67,0.54,43.56,0.52,71.18,0.91,43.84,0.92,290.01,0.18,43.61,0.18,247.28,0.35,44.02,0.36,143.7,-1605,-1500,-1800,43.6575,5.92,0 days 00:10:00,True,52,-1601.0,-1610.0,-1604.0,-1608.0,-1612.0,-1616.0,TARGET
2026-08-28 01:51:01,27.08,89.05,0.75,43.79,0.78,156.0,0.84,43.56,0.82,327.66,0.08,42.29,0.08,327.66,0.31,44.36,0.3,195.37,0.79,43.79,0.79,140.23,0.46,42.98,0.46,100.95,0.32,43.61,0.33,138.11,0.41,44.02,0.42,139.56,0.54,43.44,0.55,76.51,0.91,43.79,0.92,315.54,0.18,43.1,0.18,297.07,0.35,43.67,0.36,175.51,-1595,-1500,-1800,43.53333333333333,5.99,0 days 00:09:59,True,52,-1605.0,-1601.0,-1610.0,-1604.0,-1608.0,-1612.0,TARGET
2026-08-28 02:01:01,27.14,88.9,0.75,43.79,0.75,154.26,0.84,44.02,0.85,162.28,0.08,42.41,0.08,327.66,0.31,44.02,0.32,170.21,0.79,43.5,0.78,158.33,0.46,43.1,0.47,99.75,0.32,43.84,0.31,123.03,0.41,44.07,0.41,142.59,0.54,43.61,0.53,64.71,0.91,43.79,0.92,283.35,0.18,43.21,0.18,249.12,0.35,43.73,0.35,173.1,-1604,-1500,-1800,43.590833333333336,5.949999999999999,0 days 00:10:00,True,52,-1595.0,-1605.0,-1601.0,-1610.0,-1604.0,-1608.0,TARGET
2026-08-28 02:11:01,27.14,88.75,0.75,43.27,0.78,214.37,0.84,44.07,0.84,160.64,0.08,42.64,0.08,327.66,0.31,43.96,0.32,199.39,0.79,43.44,0.79,160.17,0.46,43.5,0.45,82.59,0.32,43.9,0.32,123.96,0.41,44.07,0.41,142.59,0.54,43.67,0.52,72.5,0.91,44.07,0.89,279.5,0.18,43.37,0.18,250.45,0.35,43.84,0.36,169.54,-1595,-1500,-1800,43.65,5.9399999999999995,0 days 00:10:00,True,52,-1604.0,-1595.0,-1605.0,-1601.0,-1610.0,-1604.0,TARGET
2026-08-28 02:21:01,27.19,88.56,0.75,43.27,0.77,167.32,0.84,43.67,0.83,226.42,0.08,42.12,0.08,327.66,0.31,44.42,0.32,171.76,0.79,43.79,0.79,137.47,0.46,43.44,0.47,85.43,0.32,43.5,0.31,148.31,0.41,43.79,0.4,167.5,0.54,43.56,0.54,72.78,0.91,44.25,0.93,241.9,0.18,43.61,0.18,206.4,0.35,43.61,0.35,184.64,-1595,-1500,-1800,43.58583333333334,5.969999999999999,0 days 00:10:00,True,52,-1595.0,-1604.0,-1595.0,-1605.0,-1601.0,-1610.0,TARGET
2026-08-28 02:31:02,27.19,88.56,0.75,43.79,0.72,167.28,0.84,43.73,0.83,180.31,0.08,42.29,0.08,311.87,0.31,44.36,0.31,178.06,0.79,43.9,0.8,126.55,0.46,43.04,0.47,97.48,0.32,43.56,0.32,141.12,0.41,43.5,0.41,186.64,0.54,43.15,0.52,83.95,0.91,44.12,0.88,254.43,0.18,43.5,0.18,215.23,0.35,43.84,0.35,175.75,-1596,-1500,-1800,43.565,5.869999999999999,0 days 00:10:01,True,52,-1595.0,-1595.0,-1604.0,-1595.0,-1605.0,-1601.0,TARGET
2026-08-28 02:41:02,27.24,88.5,0.75,43.79,0.76,152.56,0.84,44.02,0.85,174.24,0.08,42.46,0.08,327.66,0.31,44.12,0.3,199.65,0.79,43.9,0.76,121.05,0.46,43.37,0.45,84.8,0.32,43.96,0.32,114.39,0.41,44.02,0.4,191.44,0.54,43.15,0.53,79.44,0.91,44.25,0.89,241.9,0.18,43.67,0.18,182.21,0.35,43.96,0.36,158.39,-1606,-1500,-1800,43.7225,5.88,0 days 00:10:00,True,52,-1596.0,-1595.0,-1595.0,-1604.0,-1595.0,-1605.0,TARGET
2026-08-28 02:51:01,27.24,88.35,0.75,43.56,0.74,194.53,0.84,44.07,0.84,170.43,0.08,42.75,0.08,327.66,0.31,44.3,0.32,182.68,0.79,43.33,0.8,159.75,0.46,42.81,0.47,96.82,0.32,43.96,0.32,116.98,0.41,43.9,0.4,152.97,0.54,43.67,0.55,72.11,0.91,44.48,0.9,230.9,0.18,43.61,0.18,194.78,0.35,44.12,0.34,147.3,-1596,-1500,-1800,43.71333333333333,5.9399999999999995,0 days 00:09:59,True,52,-1606.0,-1596.0,-1595.0,-1595.0,-1604.0,-1595.0,TARGET
2026-08-28 03:01:01,27.3,86.3,0.75,43.37,0.77,163.76,0.84,43.73,0.86,206.96,0.08,42.35,0.08,327.66,0.31,43.96,0.32,204.98,0.79,43.73,0.81,138.66,0.46,42.93,0.47,96.53,0.32,43.61,0.32,108.04,0.41,44.02,0.4,143.89,0.54,43.33,0.54,79.86,0.91,44.25,0.89,246.14,0.18,43.5,0.18,197.3,0.35,44.07,0.36,144.06,-1599,-1500,-1800,43.57083333333333,5.999999999999999,0 days 00:10:00,True,52,-1596.0,-1606.0,-1596.0,-1595.0,-1595.0,-1604.0,TARGET
2026-08-28 03:11:01,27.19,88.01,0.75,43.79,0.74,159.37,0.84,43.9,0.83,169.99,0.08,42.41,0.08,327.66,0.31,44.02,0.3,183.65,0.79,43.79,0.81,132.39,0.46,43.37,0.47,87.62,0.32,43.96,0.31,118.98,0.41,44.02,0.42,141.16,0.54,43.44,0.54,76.94,0.91,43.84,0.91,289.63,0.18,43.21,0.18,258.87,0.35,44.19,0.34,119.75,-1594,-1500,-1800,43.66166666666666,5.93,0 days 00:10:00,True,52,-1599.0,-1596.0,-1606.0,-1596.0,-1595.0,-1595.0,TARGET
2026-08-28 03:21:01,27.19,88.38,0.75,43.33,0.75,211.36,0.84,44.07,0.86,174.24,0.08,42.46,0.08,327.66,0.31,44.42,0.31,180.57,0.79,43.44,0.8,162.06,0.46,43.37,0.46,81.4,0.32,43.44,0.32,147.92,0.41,43.96,0.4,156.81,0.54,43.56,0.54,68.79,0.91,43.79,0.93,301.44,0.18,43.15,0.18,290.75,0.35,44.19,0.35,138.73,-1601,-1500,-1800,43.598333333333336,5.979999999999999,0 days 00:10:00,True,52,-1594.0,-1599.0,-1596.0,-1606.0,-1596.0,-1595.0,TARGET
2026-08-28 03:31:02,27.14,88.07,0.75,43.5,0.75,191.82,0.84,43.61,0.85,216.09,0.08,42.52,0.08,327.66,0.31,44.12,0.31,199.9,0.79,43.67,0.77,141.3,0.46,43.44,0.46,85.03,0.32,43.5,0.32,132.45,0.41,43.61,0.41,179.6,0.54,43.15,0.52,78.74,0.91,44.3,0.92,238.11,0.18,43.67,0.18,194.78,0.35,44.12,0.36,140.12,-1594,-1500,-1800,43.600833333333334,5.930000000000001,0 days 00:10:01,True,52,-1601.0,-1594.0,-1599.0,-1596.0,-1606.0,-1596.0,TARGET
2026-08-28 03:41:02,27.19,88.62,0.75,43.73,0.75,167.28,0.84,43.79,0.86,201.48,0.08,42.58,0.08,327.66,0.31,44.42,0.32,165.7,0.79,43.5,0.79,154.98,0.46,42.93,0.45,102.47,0.32,43.96,0.32,125.57,0.41,43.67,0.4,139.87,0.54,43.21,0.54,86.17,0.91,44.02,0.92,279.13,0.18,43.33,0.18,237.18,0.35,43.73,0.36,220.37,-1603,-1500,-1800,43.57249999999999,5.97,0 days 00:10:00,True,52,-1594.0,-1601.0,-1594.0,-1599.0,-1596.0,-1606.0,TARGET
2026-08-28 03:51:02,26.92,88.81,0.75,43.44,0.72,178.65,0.84,44.02,0.84,188.61,0.08,42.64,0.08,327.66,0.31,43.96,0.32,232.32,0.79,43.67,0.76,135.94,0.46,43.04,0.47,90.25,0.32,43.9,0.31,113.17,0.41,44.07,0.42,139.75,0.54,43.56,0.55,73.36,0.91,44.19,0.92,269.46,0.18,43.5,0.18,212.2,0.35,43.67,0.34,177.3,-1594,-1500,-1800,43.63833333333333,5.91,0 days 00:10:00,True,52,-1603.0,-1594.0,-1601.0,-1594.0,-1599.0,-1596.0,TARGET
2026-08-28 04:01:01,26.87,89.02,0.75,43.27,0.77,228.67,0.84,43.73,0.87,192.33,0.08,42.24,0.08,327.66,0.31,43.9,0.3,199.12,0.79,43.79,0.76,129.75,0.46,43.33,0.45,84.8,0.32,44.02,0.33,122.27,0.41,43.96,0.4,149.87,0.54,43.37,0.56,75.9,0.91,44.25,0.92,241.9,0.18,43.61,0.18,194.78,0.35,44.25,0.34,140.3,-1592,-1500,-1800,43.64333333333334,5.96,0 days 00:09:59,True,52,-1594.0,-1603.0,-1594.0,-1601.0,-1594.0,-1599.0,TARGET
2026-08-28 04:11:01,26.76,89.36,0.75,43.79,0.72,152.56,0.84,43.61,0.86,219.51,0.08,42.24,0.08,327.66,0.31,44.36,0.32,169.47,0.79,43.37,0.76,124.1,0.46,43.04,0.47,99.48,0.32,43.5,0.33,151.56,0.41,44.02,0.4,150.08,0.54,43.61,0.52,73.94,0.91,43.96,0.91,273.66,0.18,43.33,0.18,250.12,0.35,43.9,0.36,160.22,-1593,-1500,-1800,43.560833333333335,5.91,0 days 00:10:00,True,52,-1592.0,-1594.0,-1603.0,-1594.0,-1601.0,-1594.0,TARGET
2026-08-28 04:41:02,26.82,89.3,0.75,43.37,0.74,211.64,0.84,43.56,0.82,223.06,0.08,42.41,0.08,327.66,0.31,43.84,0.32,224.23,0.79,43.44,0.82,160.17,0.46,43.21,0.46,89.67,0.32,43.5,0.32,145.19,0.41,43.84,0.4,161.87,0.54,43.15,0.52,92.46,0.91,43.9,0.91,262.31,0.18,43.33,0.18,232.54,0.35,43.84,0.34,158.19,-1598,-1500,-1800,43.449166666666656,5.91,0 days 00:10:00,True,52,-1584.0,-1583.0,-1593.0,-1592.0,-1594.0,-1603.0,TARGET
2026-08-28 04:51:02,26.76,89.42,0.75,43.56,0.75,186.64,0.84,43.73,0.87,289.25,0.08,42.58,0.08,327.66,0.31,44.42,0.3,176.06,0.79,43.73,0.77,169.1,0.46,43.27,0.46,85.33,0.32,43.79,0.31,134.8,0.41,43.56,0.42,176.83,0.54,43.15,0.56,80.6,0.91,44.12,0.88,327.66,0.18,43.56,0.18,327.66,0.35,43.73,0.34,147.5,-1591,-1500,-1800,43.6,5.919999999999999,0 days 00:10:00,True,52,-1598.0,-1584.0,-1583.0,-1593.0,-1592.0,-1594.0,TARGET
2026-08-28 05:11:01,26.71,89.66,0.75,43.67,0.73,166.84,0.84,44.07,0.82,176.9,0.08,42.18,0.08,327.66,0.31,44.07,0.31,199.9,0.79,43.96,0.82,124.45,0.46,42.93,0.46,100.68,0.32,43.84,0.32,126.38,0.41,43.61,0.4,175.06,0.54,43.5,0.54,72.97,0.91,43.79,0.91,288.5,0.18,43.15,0.18,267.94,0.35,43.9,0.36,159.8,-1595,-1500,-1800,43.55583333333334,5.93,0 days 00:10:00,True,52,-1585.0,-1591.0,-1598.0,-1584.0,-1583.0,-1593.0,TARGET
2026-08-28 05:21:01,26.71,89.42,0.75,43.9,0.77,161.87,0.84,44.02,0.87,193.85,0.08,42.24,0.08,327.66,0.31,43.9,0.32,207.76,0.79,43.5,0.78,145.19,0.46,42.98,0.47,100.95,0.32,43.84,0.32,123.03,0.41,43.61,0.4,172.87,0.54,43.21,0.54,83.15,0.91,44.02,0.88,317.62,0.18,43.37,0.18,275.5,0.35,44.19,0.36,150.66,-1600,-1500,-1800,43.565,5.97,0 days 00:10:00,True,52,-1595.0,-1585.0,-1591.0,-1598.0,-1584.0,-1583.0,TARGET
2026-08-28 05:31:01,26.76,89.57,0.75,43.33,0.74,225.22,0.84,44.07,0.84,162.7,0.08,42.29,0.08,327.66,0.31,44.12,0.31,202.81,0.79,43.37,0.79,159.95,0.46,42.87,0.46,104.56,0.32,44.12,0.31,116.61,0.41,43.9,0.4,156.62,0.54,43.21,0.53,76.01,0.91,43.9,0.91,296.19,0.18,43.33,0.18,264.19,0.35,44.19,0.35,138.73,-1590,-1500,-1800,43.55833333333333,5.8999999999999995,0 days 00:10:00,True,52,-1600.0,-1595.0,-1585.0,-1591.0,-1598.0,-1584.0,TARGET
2026-08-28 05:41:02,26.82,89.75,0.75,43.21,0.78,207.61,0.84,43.56,0.83,219.23,0.08,42.41,0.08,327.66,0.31,43.9,0.3,262.31,0.79,43.33,0.79,167.54,0.46,43.15,0.45,90.74,0.32,43.44,0.33,154.98,0.41,43.61,0.42,180.08,0.54,43.27,0.56,80.22,0.91,43.79,0.93,295.79,0.18,43.04,0.18,284.69,0.35,43.67,0.34,161.01,-1593,-1500,-1800,43.365,5.99,0 days 00:10:01,True,52,-1590.0,-1600.0,-1595.0,-1585.0,-1591.0,-1598.0,TARGET
2026-08-28 05:51:02,26.66,89.69,0.75,43.37,0.73,211.64,0.84,43.56,0.81,226.42,0.08,42.41,0.08,327.66,0.31,43.73,0.32,206.96,0.79,43.5,0.8,139.31,0.46,42.98,0.47,103.11,0.32,43.56,0.32,151.76,0.41,44.02,0.41,146.92,0.54,43.1,0.52,80.86,0.91,44.19,0.92,327.66,0.18,43.61,0.18,327.66,0.35,43.73,0.36,198.09,-1594,-1500,-1800,43.48,5.92,0 days 00:10:00,True,52,-1593.0,-1590.0,-1600.0,-1595.0,-1585.0,-1591.0,TARGET
2026-08-28 06:01:02,26.87,88.75,0.75,43.73,0.73,163.12,0.84,43.67,0.84,227.01,0.08,42.52,0.08,327.66,0.31,44.12,0.3,191.44,0.79,43.44,0.76,156.31,0.46,43.56,0.45,83.2,0.32,43.44,0.33,156.53,0.41,43.84,0.42,141.67,0.54,43.61,0.55,67.46,0.91,43.9,0.92,278.41,0.18,43.27,0.18,268.66,0.35,43.84,0.35,171.62,-1598,-1500,-1800,43.57833333333334,5.909999999999999,0 days 00:10:00,True,52,-1594.0,-1593.0,-1590.0,-1600.0,-1595.0,-1585.0,TARGET
2026-08-28 06:11:01,26.76,89.42,0.75,43.37,0.77,199.64,0.84,44.02,0.86,164.2,0.08,42.41,0.08,327.66,0.31,44.48,0.3,162.09,0.79,43.37,0.82,172.19,0.46,43.1,0.47,93.47,0.32,43.96,0.31,132.58,0.41,43.79,0.41,235.33,0.54,43.73,0.54,73.75,0.91,43.9,0.88,273.31,0.18,43.33,0.18,259.22,0.35,43.67,0.35,175.51,-1587,-1500,-1800,43.594166666666666,5.969999999999999,0 days 00:09:59,True,52,-1598.0,-1594.0,-1593.0,-1590.0,-1600.0,-1595.0,ABOVE
2026-08-28 06:21:01,26.82,89.51,0.75,43.84,0.73,154.47,0.84,43.67,0.87,206.68,0.08,42.29,0.08,327.66,0.31,44.19,0.31,274.74,0.79,43.67,0.76,147.31,0.46,42.93,0.47,102.34,0.32,43.5,0.33,151.37,0.41,43.79,0.4,175.75,0.54,42.98,0.53,82.6,0.91,43.96,0.94,327.66,0.18,43.04,0.18,257.84,0.35,44.12,0.35,147.3,-1599,-1500,-1800,43.498333333333335,5.949999999999999,0 days 00:10:00,True,52,-1587.0,-1598.0,-1594.0,-1593.0,-1590.0,-1600.0,TARGET
2026-08-28 06:31:01,26.82,89.2,0.75,43.21,0.72,201.5,0.84,44.07,0.85,166.37,0.08,42.46,0.08,327.66,0.31,44.19,0.3,194.86,0.79,43.37,0.78,199.37,0.46,42.87,0.46,117.18,0.32,44.07,0.33,114.55,0.41,43.61,0.4,181.97,0.54,43.1,0.53,82.32,0.91,43.67,0.9,327.66,0.18,43.1,0.18,303.28,0.35,43.9,0.35,178.47,-1596,-1500,-1800,43.46833333333334,5.88,0 days 00:10:00,True,52,-1599.0,-1587.0,-1598.0,-1594.0,-1593.0,-1590.0,TARGET
2026-08-28 06:41:02,26.82,89.2,0.75,43.21,0.74,221.29,0.84,43.5,0.82,199.9,0.08,42.18,0.08,327.66,0.31,44.48,0.32,174.11,0.79,43.73,0.81,147.31,0.46,43.15,0.47,94.9,0.32,43.67,0.31,135.58,0.41,43.67,0.41,166.62,0.54,43.04,0.56,82.32,0.91,44.25,0.92,233.53,0.18,43.61,0.18,184.39,0.35,43.84,0.34,161.66,-1604,-1500,-1800,43.5275,5.96,0 days 00:10:01,True,52,-1596.0,-1599.0,-1587.0,-1598.0,-1594.0,-1593.0,TARGET
2026-08-28 06:51:02,26.92,89.39,0.75,43.33,0.78,221.59,0.84,43.5,0.83,218.94,0.08,42.52,0.08,327.66,0.31,44.02,0.31,204.98,0.79,43.73,0.82,133.33,0.46,42.93,0.46,96.53,0.32,43.5,0.32,153.25,0.41,43.9,0.4,156.41,0.54,43.61,0.55,67.79,0.91,44.3,0.88,286.69,0.18,43.67,0.18,223.35,0.35,43.96,0.36,167.94,-1602,-1500,-1800,43.58083333333334,5.97,0 days 00:10:00,True,52,-1604.0,-1596.0,-1599.0,-1587.0,-1598.0,-1594.0,TARGET
2026-08-28 07:01:02,26.92,89.51,0.75,43.33,0.75,208.15,0.84,43.61,0.82,230.49,0.08,42.41,0.08,327.66,0.31,44.02,0.3,214.73,0.79,43.37,0.82,159.95,0.46,42.81,0.47,105.37,0.32,43.44,0.33,205.6,0.41,43.56,0.4,176.83,0.54,43.61,0.54,73.94,0.91,43.73,0.9,308.53,0.18,43.04,0.18,310.16,0.35,43.67,0.34,181.97,-1602,-1500,-1800,43.38333333333333,5.93,0 days 00:10:00,True,52,-1602.0,-1604.0,-1596.0,-1599.0,-1587.0,-1598.0,TARGET
2026-08-28 07:11:01,27.19,89.57,0.75,43.37,0.75,202.57,0.84,43.56,0.84,219.23,0.08,42.58,0.08,327.66,0.31,43.9,0.32,217.79,0.79,43.61,0.78,134.09,0.46,43.15,0.47,94.49,0.32,43.67,0.32,138.28,0.41,43.5,0.41,181.49,0.54,43.37,0.54,77.28,0.91,43.67,0.94,308.53,0.18,43.15,0.18,291.15,0.35,44.19,0.36,134.73,-1607,-1500,-1800,43.47666666666667,5.989999999999999,0 days 00:09:59,True,52,-1602.0,-1602.0,-1604.0,-1596.0,-1599.0,-1587.0,TARGET
2026-08-28 07:21:01,27.19,90.15,0.75,43.37,0.73,199.64,0.84,43.73,0.83,216.65,0.08,42.29,0.08,327.66,0.31,44.12,0.32,236.87,0.79,43.9,0.82,128.89,0.46,43.04,0.47,101.84,0.32,43.44,0.32,145.0,0.41,44.07,0.41,145.39,0.54,42.98,0.53,87.36,0.91,43.84,0.94,302.22,0.18,43.15,0.18,297.47,0.35,44.3,0.36,135.08,-1611,-1500,-1800,43.519166666666656,5.989999999999999,0 days 00:10:00,True,52,-1607.0,-1602.0,-1602.0,-1604.0,-1596.0,-1599.0,BELOW
2026-08-28 07:31:01,27.56,90.52,0.75,43.79,0.78,163.34,0.84,43.73,0.85,207.23,0.08,41.66,0.08,327.66,0.31,44.36,0.31,167.46,0.79,44.02,0.79,125.74,0.46,43.33,0.47,87.95,0.32,43.37,0.31,156.53,0.41,43.79,0.41,159.59,0.54,43.61,0.53,68.46,0.91,44.19,0.91,237.18,0.18,43.61,0.18,186.64,0.35,43.61,0.35,182.21,-1611,-1500,-1800,43.58916666666667,5.97,0 days 00:10:00,True,52,-1611.0,-1607.0,-1602.0,-1602.0,-1604.0,-1596.0,BELOW
2026-08-28 07:41:02,27.78,90.15,0.75,43.37,0.73,196.78,0.84,44.07,0.83,166.16,0.08,42.58,0.08,327.66,0.31,44.02,0.31,208.59,0.79,43.67,0.77,134.27,0.46,43.33,0.47,90.38,0.32,43.79,0.32,133.5,0.41,43.84,0.42,167.5,0.54,43.04,0.52,85.29,0.91,44.25,0.9,237.79,0.18,43.61,0.18,197.83,0.35,43.79,0.36,182.69,-1617,-1500,-1800,43.61333333333334,5.890000000000001,0 days 00:10:01,True,52,-1611.0,-1611.0,-1607.0,-1602.0,-1602.0,-1604.0,BELOW
2026-08-28 07:51:02,27.88,89.66,0.75,43.33,0.76,211.36,0.84,43.73,0.81,220.1,0.08,42.52,0.08,327.66,0.31,43.61,0.3,213.04,0.79,43.5,0.8,155.17,0.46,42.93,0.45,105.37,0.32,43.67,0.32,150.31,0.41,43.79,0.42,171.41,0.54,43.27,0.56,77.94,0.91,44.07,0.94,297.35,0.18,43.44,0.18,264.9,0.35,43.67,0.34,179.84,-1620,-1500,-1800,43.46083333333333,5.959999999999999,0 days 00:10:00,True,52,-1617.0,-1611.0,-1611.0,-1607.0,-1602.0,-1602.0,BELOW
2026-08-28 08:11:02,27.88,88.14,0.75,43.44,0.73,196.51,0.84,44.02,0.84,160.64,0.08,42.18,0.08,327.66,0.31,44.25,0.3,181.97,0.79,43.61,0.78,148.7,0.46,43.37,0.45,86.52,0.32,44.02,0.33,125.74,0.41,44.12,0.4,141.34,0.54,43.5,0.54,71.0,0.91,44.19,0.92,237.18,0.18,43.61,0.18,186.89,0.35,44.19,0.36,138.73,-1616,-1500,-1800,43.708333333333336,5.91,0 days 00:10:00,True,52,-1615.0,-1620.0,-1617.0,-1611.0,-1611.0,-1607.0,BELOW
2026-08-28 08:21:01,27.94,88.41,0.75,43.9,0.78,156.2,0.84,43.67,0.85,184.64,0.08,42.29,0.08,327.66,0.31,44.19,0.32,197.35,0.79,43.5,0.79,149.73,0.46,43.5,0.47,83.59,0.32,43.56,0.32,153.25,0.41,43.96,0.42,148.48,0.54,43.5,0.56,73.07,0.91,43.79,0.88,308.13,0.18,42.98,0.18,296.29,0.35,43.96,0.35,148.48,-1618,-1500,-1800,43.56666666666666,5.999999999999999,0 days 00:09:59,True,52,-1616.0,-1615.0,-1620.0,-1617.0,-1611.0,-1611.0,BELOW
2026-08-28 08:31:01,27.83,89.02,0.75,43.44,0.78,199.9,0.84,44.12,0.81,162.7,0.08,42.29,0.08,327.66,0.31,43.96,0.31,199.12,0.79,43.96,0.81,123.35,0.46,43.27,0.47,88.97,0.32,43.61,0.31,130.28,0.41,44.02,0.4,172.08,0.54,43.21,0.54,79.76,0.91,43.96,0.92,263.34,0.18,43.33,0.18,249.79,0.35,43.61,0.36,179.84,-1620,-1500,-1800,43.565,5.97,0 days 00:10:00,True,52,-1618.0,-1616.0,-1615.0,-1620.0,-1617.0,-1611.0,BELOW
2026-08-28 08:41:02,27.94,89.48,0.75,43.79,0.74,167.28,0.84,43.79,0.82,272.6,0.08,42.24,0.08,327.66,0.31,44.36,0.32,187.55,0.79,43.84,0.76,128.72,0.46,42.98,0.47,99.48,0.32,43.96,0.33,122.27,0.41,43.56,0.41,199.9,0.54,43.67,0.52,73.17,0.91,43.61,0.92,327.66,0.18,42.58,0.18,259.65,0.35,44.19,0.34,133.27,-1622,-1500,-1800,43.54749999999999,5.890000000000001,0 days 00:10:01,True,52,-1620.0,-1618.0,-1616.0,-1615.0,-1620.0,-1617.0,BELOW
2026-08-28 10:01:02,29.81,86.27,0.75,43.5,0.76,218.65,0.84,43.61,0.82,206.68,0.08,42.64,0.08,327.66,0.31,44.02,0.31,214.73,0.79,43.84,0.76,136.3,0.46,42.93,0.46,100.82,0.32,43.9,0.31,121.05,0.41,43.73,0.4,170.96,0.54,43.5,0.52,73.36,0.91,44.25,0.91,327.66,0.18,43.67,0.18,189.7,0.35,43.67,0.35,187.12,-1641,-1500,-1800,43.605,5.859999999999999,0 days 00:10:00,True,52,-1638.0,-1630.0,-1630.0,-1628.0,-1628.0,-1623.0,BELOW
2026-08-28 10:21:02,29.49,84.63,0.75,43.73,0.72,169.1,0.84,43.79,0.81,308.13,0.08,42.18,0.08,327.66,0.31,44.12,0.3,172.98,0.79,43.56,0.81,151.56,0.84,43.79,0.81,195.3,0.32,43.5,0.33,205.6,0.31,43.84,0.31,193.34,0.54,43.56,0.53,73.07,0.91,44.3,0.91,226.29,0.18,43.61,0.18,192.08,0.35,43.73,0.36,173.55,-1637,-1500,-1800,43.642500000000005,6.15,0 days 00:10:00,True,52,-1642.0,-1641.0,-1638.0,-1630.0,-1630.0,-1628.0,BELOW
2026-08-28 10:31:01,29.27,84.56,0.75,43.44,0.73,205.6,0.84,43.96,0.86,193.6,0.08,42.24,0.08,327.66,0.31,44.12,0.32,197.35,0.79,43.96,0.8,127.88,0.46,42.93,0.45,106.32,0.32,43.5,0.31,140.92,0.41,43.73,0.4,180.08,0.54,43.15,0.55,83.04,0.91,44.42,0.88,242.53,0.18,43.73,0.18,182.45,0.35,44.36,0.35,139.09,-1638,-1500,-1800,43.62833333333334,5.909999999999999,0 days 00:09:59,True,52,-1637.0,-1642.0,-1641.0,-1638.0,-1630.0,-1630.0,BELOW
2026-08-28 11:11:02,28.9,86.61,0.75,43.56,0.73,194.78,0.84,43.96,0.87,188.12,0.08,42.24,0.08,327.66,0.31,43.96,0.3,204.98,0.79,43.9,0.76,127.71,0.46,43.15,0.46,96.79,0.32,43.67,0.31,139.69,0.41,44.19,0.4,141.72,0.54,43.37,0.55,75.47,0.91,43.9,0.9,327.66,0.18,43.27,0.18,285.84,0.35,44.12,0.35,136.03,-1645,-1500,-1800,43.607499999999995,5.89,0 days 00:10:00,True,52,-1644.0,-1645.0,-1638.0,-1638.0,-1637.0,-1642.0,BELOW
2026-08-28 12:21:02,30.88,82.28,0.75,43.37,0.77,293.07,0.84,44.25,0.82,167.01,0.08,42.41,0.08,327.66,0.31,44.53,0.3,164.2,0.79,43.67,0.76,138.48,0.46,43.56,0.45,83.2,0.32,43.5,0.31,146.73,0.41,43.9,0.41,139.02,0.54,43.33,0.53,78.5,0.91,44.36,0.89,250.86,0.18,43.73,0.18,198.09,0.35,43.96,0.34,158.59,-1647,-1500,-1800,43.71416666666667,5.84,0 days 00:10:00,True,52,-1644.0,-1647.0,-1646.0,-1650.0,-1646.0,-1647.0,BELOW
2026-08-28 21:41:02,27.46,87.86,0.75,43.61,0.72,189.45,0.84,44.07,0.87,170.43,0.08,42.12,0.08,327.66,0.31,44.53,0.31,151.84,0.79,43.9,0.76,127.88,0.46,43.33,0.47,92.32,0.32,43.96,0.31,119.29,0.41,43.56,0.41,191.82,0.54,43.37,0.52,80.44,0.91,44.25,0.88,246.14,0.18,43.61,0.18,192.08,0.35,44.12,0.36,144.25,-1645,-1500,-1800,43.70249999999999,5.87,0 days 00:10:00,True,52,-1651.0,-1648.0,-1655.0,-1655.0,-1653.0,-1661.0,BELOW
2026-08-28 22:01:03,27.46,87.71,0.75,43.73,0.75,180.08,0.84,44.02,0.83,163.99,0.08,42.18,0.08,327.66,0.31,43.84,0.3,210.64,0.79,43.9,0.76,128.72,0.46,43.27,0.47,90.98,0.32,43.96,0.32,116.98,0.41,43.9,0.4,201.75,0.54,43.27,0.55,85.75,0.91,44.07,0.94,240.95,0.18,43.5,0.18,196.78,0.35,43.61,0.34,179.6,-1631,-1500,-1800,43.60416666666666,5.92,0 days 00:10:01,True,52,-1640.0,-1645.0,-1651.0,-1648.0,-1655.0,-1655.0,BELOW
2026-08-28 22:11:02,27.56,87.92,0.75,43.73,0.76,173.32,0.84,44.02,0.87,188.86,0.08,42.58,0.08,327.66,0.31,44.48,0.32,185.8,0.79,43.9,0.81,127.71,0.46,43.1,0.45,101.36,0.32,43.84,0.32,132.58,0.41,43.61,0.42,160.37,0.54,43.5,0.55,74.15,0.91,43.79,0.94,308.53,0.18,43.21,0.18,304.9,0.35,44.12,0.35,145.75,-1650,-1500,-1800,43.656666666666666,6.049999999999999,0 days 00:09:59,True,52,-1631.0,-1640.0,-1645.0,-1651.0,-1648.0,-1655.0,BELOW
2026-08-28 23:11:02,27.08,89.2,0.75,43.21,0.75,198.58,0.84,44.07,0.86,205.51,0.08,42.24,0.08,327.66,0.31,44.07,0.31,199.65,0.79,43.5,0.8,170.28,0.46,43.37,0.47,85.98,0.32,43.9,0.33,137.64,0.41,43.56,0.4,181.73,0.54,43.56,0.55,68.03,0.91,43.96,0.9,272.96,0.18,43.37,0.18,218.07,0.35,43.9,0.34,228.51,-1632,-1500,-1800,43.55916666666666,5.97,0 days 00:10:00,True,52,-1638.0,-1644.0,-1640.0,-1649.0,-1649.0,-1650.0,BELOW
2026-08-28 23:21:02,27.08,89.57,0.75,43.79,0.75,150.91,0.84,43.5,0.81,237.5,0.08,42.18,0.08,327.66,0.31,44.19,0.31,197.61,0.79,43.9,0.76,130.09,0.46,43.37,0.45,83.37,0.32,43.96,0.33,117.13,0.41,43.56,0.42,162.26,0.54,43.04,0.56,83.21,0.91,44.3,0.91,242.21,0.18,43.73,0.18,203.9,0.35,44.12,0.36,139.92,-1635,-1500,-1800,43.63666666666666,5.920000000000001,0 days 00:10:00,True,52,-1632.0,-1638.0,-1644.0,-1640.0,-1649.0,-1649.0,BELOW
2026-08-28 23:41:02,27.24,88.9,0.75,43.79,0.77,182.69,0.84,43.67,0.81,212.76,0.08,42.18,0.08,327.66,0.31,44.36,0.32,184.84,0.79,43.37,0.79,163.76,0.46,43.37,0.47,92.82,0.32,43.96,0.32,120.0,0.41,43.9,0.42,151.11,0.54,43.15,0.54,81.56,0.91,43.73,0.91,308.53,0.18,43.1,0.18,297.07,0.35,43.96,0.36,151.31,-1637,-1500,-1800,43.544999999999995,5.97,0 days 00:10:00,True,52,-1637.0,-1635.0,-1632.0,-1638.0,-1644.0,-1640.0,BELOW
2026-08-28 23:51:02,27.24,87.53,0.75,43.37,0.72,205.6,0.84,44.12,0.87,166.59,0.08,42.24,0.08,327.66,0.31,43.84,0.32,220.67,0.75,43.27,0.75,210.79,0.46,43.37,0.45,82.75,0.32,43.9,0.33,124.29,0.41,43.61,0.41,179.6,0.54,43.67,0.54,69.83,0.91,44.25,0.93,237.49,0.18,43.56,0.18,186.64,0.35,44.25,0.34,140.3,-1627,-1500,-1800,43.62083333333334,5.92,0 days 00:10:00,True,52,-1637.0,-1637.0,-1635.0,-1632.0,-1638.0,-1644.0,BELOW
2026-08-29 00:01:02,27.03,89.39,0.75,43.37,0.72,202.3,0.84,43.73,0.82,295.41,0.08,42.35,0.08,327.66,0.31,44.42,0.31,169.69,0.79,43.67,0.82,136.73,0.46,43.04,0.47,99.61,0.32,43.61,0.33,137.11,0.41,43.56,0.4,174.83,0.54,43.04,0.55,86.37,0.91,43.79,0.93,322.88,0.18,43.15,0.18,304.09,0.35,44.12,0.36,132.0,-1625,-1500,-1800,43.487500000000004,5.97,0 days 00:10:00,True,52,-1627.0,-1637.0,-1637.0,-1635.0,-1632.0,-1638.0,BELOW
2026-08-29 00:11:03,26.98,89.42,0.75,43.79,0.73,157.76,0.84,43.67,0.87,212.76,0.08,42.52,0.08,327.66,0.31,44.02,0.3,204.98,0.79,43.5,0.76,154.76,0.46,43.44,0.45,86.09,0.32,43.79,0.33,130.64,0.41,43.79,0.41,171.62,0.54,43.73,0.52,77.9,0.91,44.3,0.89,238.11,0.18,43.73,0.18,195.04,0.35,43.61,0.36,177.54,-1618,-1500,-1800,43.657500000000006,5.880000000000001,0 days 00:10:01,True,52,-1625.0,-1627.0,-1637.0,-1637.0,-1635.0,-1632.0,BELOW
2026-08-29 00:21:02,26.98,89.63,0.75,43.5,0.75,206.14,0.84,44.07,0.85,166.16,0.08,42.46,0.08,306.03,0.31,43.9,0.3,232.01,0.79,43.33,0.79,152.45,0.46,42.93,0.46,106.48,0.32,43.9,0.31,116.0,0.41,44.07,0.41,140.98,0.54,43.56,0.52,68.61,0.91,43.9,0.91,296.19,0.18,43.27,0.18,274.76,0.35,44.12,0.36,138.37,-1619,-1500,-1800,43.584166666666654,5.920000000000001,0 days 00:09:59,True,52,-1618.0,-1625.0,-1627.0,-1637.0,-1637.0,-1635.0,BELOW
2026-08-29 00:31:02,27.14,89.05,0.75,43.96,0.77,190.94,0.84,43.61,0.83,216.37,0.08,42.35,0.08,327.66,0.31,44.07,0.31,208.86,0.79,43.56,0.8,148.5,0.46,42.93,0.46,101.71,0.32,43.67,0.33,141.3,0.41,43.61,0.41,179.37,0.54,43.67,0.56,72.5,0.91,44.25,0.94,250.21,0.18,43.44,0.18,186.15,0.35,43.67,0.36,184.64,-1624,-1500,-1800,43.56583333333333,6.03,0 days 00:10:00,True,52,-1619.0,-1618.0,-1625.0,-1627.0,-1637.0,-1637.0,BELOW
2026-08-29 00:41:02,27.24,88.87,0.75,43.27,0.72,217.78,0.84,44.12,0.85,168.6,0.08,42.41,0.08,327.66,0.31,44.07,0.32,205.51,0.79,43.84,0.77,123.03,0.84,43.5,0.81,215.51,0.32,43.96,0.32,120.16,0.31,44.36,0.32,156.09,0.54,43.15,0.52,79.54,0.91,43.73,0.93,315.13,0.18,43.1,0.18,303.68,0.35,44.19,0.34,130.95,-1610,-1500,-1800,43.64166666666667,6.16,0 days 00:10:00,True,52,-1624.0,-1619.0,-1618.0,-1625.0,-1627.0,-1637.0,TARGET
2026-08-29 00:51:02,26.87,89.54,0.75,43.15,0.78,204.51,0.84,43.5,0.84,222.76,0.08,42.35,0.08,327.66,0.31,44.12,0.31,199.9,0.79,43.44,0.78,156.53,0.46,43.27,0.45,86.17,0.32,43.56,0.31,158.75,0.41,43.5,0.41,184.15,0.54,43.27,0.52,80.22,0.91,44.19,0.92,237.49,0.18,43.79,0.18,185.12,0.35,43.79,0.36,169.54,-1610,-1500,-1800,43.494166666666665,5.94,0 days 00:10:00,True,52,-1610.0,-1624.0,-1619.0,-1618.0,-1625.0,-1627.0,TARGET
2026-08-29 01:01:02,26.82,89.57,0.75,43.96,0.78,224.82,0.84,43.5,0.86,218.94,0.08,42.41,0.08,327.66,0.31,44.12,0.31,206.06,0.75,43.73,0.72,152.17,0.46,43.04,0.47,100.95,0.32,43.37,0.32,149.53,0.41,44.12,0.42,141.34,0.54,43.04,0.54,82.71,0.91,44.19,0.9,241.26,0.18,43.56,0.18,188.95,0.35,44.19,0.35,138.55,-1617,-1500,-1800,43.6025,5.93,0 days 00:10:00,True,52,-1610.0,-1610.0,-1624.0,-1619.0,-1618.0,-1625.0,BELOW
2026-08-29 01:11:02,26.87,89.69,0.75,43.61,0.77,234.4,0.84,44.07,0.83,174.69,0.08,42.12,0.08,327.66,0.31,44.48,0.32,180.81,0.79,43.37,0.81,162.06,0.46,43.1,0.47,104.18,0.08,42.12,0.08,327.66,0.41,43.67,0.41,184.64,0.54,43.56,0.52,74.75,0.91,44.3,0.92,238.11,0.18,43.67,0.18,200.69,0.35,43.67,0.35,164.85,-1618,-1500,-1800,43.47833333333333,5.74,0 days 00:10:00,True,52,-1617.0,-1610.0,-1610.0,-1624.0,-1619.0,-1618.0,BELOW
2026-08-29 01:21:02,26.82,89.85,0.75,43.33,0.72,193.24,0.84,43.73,0.87,266.66,0.08,42.52,0.08,327.66,0.31,44.3,0.32,163.14,0.79,43.96,0.76,127.71,0.46,43.1,0.47,93.6,0.32,43.84,0.32,123.96,0.41,44.02,0.41,139.56,0.54,43.79,0.55,69.07,0.91,43.73,0.92,327.66,0.18,43.04,0.18,296.68,0.35,44.19,0.35,125.1,-1610,-1500,-1800,43.62916666666666,5.949999999999999,0 days 00:10:00,True,52,-1618.0,-1617.0,-1610.0,-1610.0,-1624.0,-1619.0,TARGET
2026-08-29 01:31:02,27.08,89.02,0.75,43.33,0.78,208.15,0.84,43.5,0.83,205.87,0.08,42.18,0.08,327.66,0.31,44.42,0.31,182.68,0.79,43.5,0.78,164.2,0.46,43.44,0.47,79.97,0.32,43.56,0.31,143.87,0.41,43.56,0.42,172.64,0.54,43.21,0.54,78.4,0.91,43.96,0.9,273.66,0.18,43.37,0.18,245.65,0.35,44.12,0.35,141.34,-1604,-1500,-1800,43.512499999999996,5.949999999999999,0 days 00:10:00,True,52,-1610.0,-1618.0,-1617.0,-1610.0,-1610.0,-1624.0,TARGET
2026-08-29 01:41:02,27.08,89.17,0.75,43.33,0.78,178.65,0.84,43.56,0.86,219.51,0.08,42.24,0.08,327.66,0.31,44.42,0.32,163.76,0.79,43.84,0.77,119.85,0.46,43.04,0.45,99.48,0.32,43.37,0.32,152.64,0.41,43.44,0.42,183.67,0.54,43.1,0.55,80.97,0.91,43.79,0.91,302.22,0.18,43.15,0.18,291.15,0.35,44.3,0.34,133.62,-1603,-1500,-1800,43.465,5.9799999999999995,0 days 00:10:00,True,52,-1604.0,-1610.0,-1618.0,-1617.0,-1610.0,-1610.0,TARGET
2026-08-29 01:51:02,26.82,89.51,0.75,43.79,0.77,223.94,0.84,44.02,0.86,186.09,0.08,42.41,0.08,327.66,0.31,44.25,0.31,167.01,0.79,43.37,0.8,157.91,0.84,44.02,0.85,168.16,0.32,43.67,0.32,144.44,0.31,44.42,0.32,171.76,0.54,43.37,0.53,75.58,0.91,44.25,0.91,241.9,0.18,43.56,0.18,200.15,0.35,43.67,0.36,179.6,-1607,-1500,-1800,43.73333333333334,6.290000000000001,0 days 00:10:00,True,52,-1603.0,-1604.0,-1610.0,-1618.0,-1617.0,-1610.0,TARGET
2026-08-29 02:01:02,26.98,89.14,0.75,43.37,0.78,191.32,0.84,43.96,0.87,218.08,0.08,42.35,0.08,327.66,0.31,44.02,0.31,225.12,0.79,43.37,0.76,161.84,0.46,42.81,0.46,101.43,0.32,43.96,0.33,112.41,0.41,43.56,0.42,179.37,0.54,42.98,0.53,84.65,0.91,44.25,0.9,269.81,0.18,43.44,0.18,148.12,0.35,43.96,0.35,160.42,-1601,-1500,-1800,43.5025,5.97,0 days 00:10:00,True,52,-1607.0,-1603.0,-1604.0,-1610.0,-1618.0,-1617.0,TARGET
2026-08-29 02:11:02,27.08,88.65,0.75,43.61,0.72,186.89,0.84,43.67,0.85,203.64,0.08,42.35,0.08,327.66,0.31,44.07,0.31,218.65,0.75,43.84,0.73,161.44,0.46,43.5,0.46,86.75,0.32,43.56,0.33,143.67,0.41,43.67,0.41,173.1,0.54,43.21,0.52,79.29,0.91,43.96,0.9,263.0,0.18,43.37,0.18,241.35,0.35,43.67,0.36,171.18,-1602,-1500,-1800,43.53999999999999,5.8500000000000005,0 days 00:10:00,True,52,-1601.0,-1607.0,-1603.0,-1604.0,-1610.0,-1618.0,TARGET
2026-08-29 02:21:03,26.87,88.69,0.75,43.44,0.72,218.65,0.84,43.84,0.82,196.07,0.08,42.41,0.08,327.66,0.31,43.9,0.3,224.82,0.79,43.37,0.78,165.74,0.46,42.98,0.45,101.71,0.08,42.29,0.08,327.66,0.41,43.73,0.41,171.41,0.54,43.61,0.56,68.36,0.91,43.84,0.94,315.97,0.18,43.21,0.18,274.41,0.35,44.19,0.34,142.98,-1603,-1500,-1800,43.40083333333334,5.66,0 days 00:10:01,True,52,-1602.0,-1601.0,-1607.0,-1603.0,-1604.0,-1610.0,TARGET
2026-08-29 02:31:02,26.71,88.72,0.75,43.73,0.75,163.12,0.84,43.73,0.84,216.65,0.08,42.58,0.08,327.66,0.31,43.9,0.3,214.44,0.79,43.44,0.77,149.73,0.46,43.37,0.45,80.44,0.32,43.44,0.33,154.76,0.41,43.96,0.42,152.97,0.54,43.61,0.52,69.14,0.91,44.12,0.88,233.53,0.18,43.5,0.18,212.2,0.35,44.12,0.35,137.19,-1599,-1500,-1800,43.625,5.87,0 days 00:09:59,True,52,-1603.0,-1602.0,-1601.0,-1607.0,-1603.0,-1604.0,TARGET
2026-08-29 02:41:02,26.87,88.75,0.75,43.15,0.78,221.0,0.84,43.96,0.87,169.99,0.08,42.29,0.08,327.66,0.31,44.48,0.32,171.99,0.79,43.56,0.79,144.06,0.46,42.98,0.45,100.82,0.32,44.07,0.33,112.7,0.41,44.07,0.4,151.89,0.54,43.27,0.56,82.65,0.91,43.67,0.94,294.63,0.18,43.1,0.18,284.69,0.35,43.9,0.36,163.76,-1596,-1500,-1800,43.541666666666664,6.06,0 days 00:10:00,True,52,-1599.0,-1603.0,-1602.0,-1601.0,-1607.0,-1603.0,TARGET
2026-08-29 02:51:02,26.71,89.51,0.75,43.73,0.74,161.23,0.84,43.56,0.82,287.74,0.08,42.41,0.08,327.66,0.31,43.79,0.3,210.37,0.79,43.79,0.78,130.81,0.46,42.93,0.46,104.7,0.32,43.56,0.32,145.56,0.41,43.73,0.42,155.8,0.54,43.21,0.56,80.12,0.91,43.96,0.92,310.16,0.18,43.33,0.18,299.06,0.35,43.73,0.35,175.51,-1588,-1500,-1800,43.47749999999999,5.93,0 days 00:10:00,True,52,-1596.0,-1599.0,-1603.0,-1602.0,-1601.0,-1607.0,ABOVE
2026-08-29 03:01:02,26.87,88.84,0.75,43.5,0.77,191.32,0.84,44.07,0.85,176.9,0.08,42.29,0.08,327.66,0.31,44.12,0.31,191.44,0.79,44.02,0.77,129.23,0.84,44.12,0.86,168.6,0.32,43.84,0.31,111.5,0.41,43.84,0.4,163.76,0.54,43.04,0.55,82.32,0.91,44.19,0.89,259.47,0.18,43.56,0.18,189.2,0.35,44.02,0.35,157.03,-1587,-1500,-1800,43.71750000000001,6.319999999999999,0 days 00:10:00,True,52,-1588.0,-1596.0,-1599.0,-1603.0,-1602.0,-1601.0,ABOVE
2026-08-29 03:11:02,26.76,89.42,0.75,43.33,0.73,224.92,0.84,43.73,0.86,203.64,0.08,42.46,0.08,327.66,0.31,44.25,0.32,181.97,0.79,43.56,0.8,143.67,0.46,42.81,0.47,102.82,0.32,43.5,0.33,146.53,0.41,43.79,0.4,167.06,0.54,43.56,0.52,73.07,0.91,44.19,0.94,233.53,0.18,43.61,0.18,192.08,0.35,43.61,0.36,184.39,-1592,-1500,-1800,43.53333333333333,5.989999999999999,0 days 00:10:00,True,52,-1587.0,-1588.0,-1596.0,-1599.0,-1603.0,-1602.0,TARGET
2026-08-29 03:21:03,26.5,89.94,0.75,43.5,0.72,197.04,0.84,43.61,0.87,216.09,0.08,42.29,0.08,327.66,0.31,44.07,0.3,199.39,0.79,43.61,0.81,136.73,0.46,42.98,0.45,98.18,0.32,43.44,0.33,153.25,0.41,44.02,0.4,145.2,0.54,43.67,0.56,73.56,0.91,43.9,0.89,290.4,0.18,43.27,0.18,263.85,0.35,43.9,0.35,158.39,-1596,-1500,-1800,43.52166666666667,5.9399999999999995,0 days 00:10:01,True,52,-1592.0,-1587.0,-1588.0,-1596.0,-1599.0,-1603.0,TARGET
2026-08-29 04:21:03,26.71,89.57,0.75,43.79,0.72,173.32,0.84,44.02,0.81,181.01,0.08,42.29,0.08,327.66,0.31,44.19,0.31,188.86,0.75,43.33,0.77,221.29,0.46,43.21,0.45,89.55,0.32,43.84,0.31,139.2,0.41,43.56,0.42,170.51,0.54,43.1,0.52,80.97,0.91,43.9,0.89,327.66,0.18,43.27,0.18,258.19,0.35,44.19,0.34,137.55,-1591,-1500,-1800,43.5575,5.8,0 days 00:10:01,True,52,-1584.0,-1584.0,-1587.0,-1585.0,-1587.0,-1596.0,TARGET
2026-08-29 04:31:03,26.6,89.57,0.75,43.73,0.76,163.12,0.84,44.07,0.87,170.21,0.08,42.35,0.08,327.66,0.31,44.19,0.32,186.82,0.79,43.67,0.81,134.44,0.46,43.44,0.45,86.52,0.32,43.67,0.33,139.69,0.41,43.73,0.41,173.1,0.54,43.33,0.52,77.18,0.91,44.25,0.88,233.83,0.18,43.67,0.18,197.83,0.35,44.25,0.35,137.37,-1590,-1500,-1800,43.69583333333333,5.96,0 days 00:10:00,True,52,-1591.0,-1584.0,-1584.0,-1587.0,-1585.0,-1587.0,TARGET
2026-08-29 04:41:02,26.82,89.57,0.75,43.84,0.75,152.76,0.84,44.02,0.81,160.42,0.08,42.29,0.08,327.66,0.31,43.84,0.31,214.15,0.79,43.37,0.82,167.54,0.46,43.15,0.45,95.15,0.32,43.84,0.32,136.12,0.41,43.96,0.4,145.2,0.54,43.37,0.56,75.26,0.91,44.3,0.91,327.66,0.18,43.67,0.18,327.66,0.35,44.19,0.36,138.91,-1590,-1500,-1800,43.653333333333336,5.95,0 days 00:09:59,True,52,-1590.0,-1591.0,-1584.0,-1584.0,-1587.0,-1585.0,TARGET
2026-08-29 05:21:02,26.44,90.15,0.75,43.27,0.75,199.11,0.84,43.56,0.85,226.71,0.08,42.52,0.08,327.66,0.31,44.19,0.31,177.36,0.79,43.44,0.76,151.37,0.46,43.27,0.46,85.22,0.32,43.5,0.33,153.45,0.41,43.96,0.41,156.62,0.54,42.81,0.53,76.25,0.91,44.19,0.9,291.91,0.18,43.56,0.18,226.42,0.35,43.56,0.34,181.73,-1592,-1500,-1800,43.485833333333325,5.9,0 days 00:10:00,True,52,-1589.0,-1589.0,-1584.0,-1590.0,-1590.0,-1591.0,TARGET
2026-08-29 05:31:03,26.34,90.39,0.75,43.37,0.76,158.12,0.84,43.61,0.85,227.01,0.08,42.35,0.08,327.66,0.31,44.12,0.31,194.61,0.79,43.33,0.81,159.75,0.46,42.93,0.45,98.5,0.32,43.44,0.32,153.05,0.41,43.67,0.42,177.54,0.54,43.15,0.54,82.43,0.91,44.12,0.94,249.89,0.18,43.44,0.18,205.87,0.35,43.73,0.34,159.37,-1594,-1500,-1800,43.43833333333333,6.0,0 days 00:10:01,True,52,-1592.0,-1589.0,-1589.0,-1584.0,-1590.0,-1590.0,TARGET
2026-08-29 05:41:02,26.55,89.63,0.75,43.21,0.78,221.0,0.84,43.73,0.85,161.01,0.08,42.06,0.08,327.66,0.31,44.19,0.31,194.86,0.79,43.79,0.79,128.72,0.46,43.21,0.45,92.46,0.08,42.12,0.08,327.66,0.41,43.79,0.41,138.84,0.54,43.04,0.52,82.1,0.91,44.25,0.94,311.78,0.18,43.5,0.18,200.15,0.35,44.02,0.35,160.42,-1593,-1500,-1800,43.40916666666667,5.74,0 days 00:09:59,True,52,-1594.0,-1592.0,-1589.0,-1589.0,-1584.0,-1590.0,TARGET
2026-08-29 05:51:02,26.71,89.39,0.75,43.5,0.72,186.15,0.84,43.5,0.81,215.23,0.08,42.41,0.08,327.66,0.31,44.36,0.3,169.25,0.79,43.5,0.79,160.37,0.46,43.33,0.47,87.06,0.32,43.84,0.33,128.72,0.41,43.79,0.41,150.91,0.54,43.5,0.52,71.83,0.91,43.79,0.92,301.82,0.18,43.04,0.18,291.53,0.35,44.02,0.34,153.37,-1593,-1500,-1800,43.54833333333334,5.869999999999999,0 days 00:10:00,True,52,-1593.0,-1594.0,-1592.0,-1589.0,-1589.0,-1584.0,TARGET
2026-08-29 06:01:02,26.71,89.66,0.75,43.61,0.78,166.4,0.84,43.84,0.81,201.22,0.08,42.29,0.08,327.66,0.31,44.12,0.3,215.29,0.79,43.73,0.81,124.92,0.46,42.81,0.46,98.36,0.32,43.5,0.33,142.2,0.41,43.56,0.4,188.95,0.54,43.27,0.53,74.46,0.91,44.25,0.9,280.97,0.18,43.5,0.18,250.78,0.35,44.12,0.36,141.34,-1590,-1500,-1800,43.54999999999999,5.94,0 days 00:10:00,True,52,-1593.0,-1593.0,-1594.0,-1592.0,-1589.0,-1589.0,TARGET
2026-08-29 06:11:02,26.76,89.81,0.75,43.5,0.78,183.67,0.84,43.9,0.86,178.24,0.08,42.41,0.08,327.66,0.31,44.02,0.32,196.58,0.79,43.67,0.8,140.06,0.46,43.04,0.45,95.98,0.32,43.61,0.33,135.58,0.41,43.84,0.4,163.76,0.54,43.21,0.56,78.74,0.91,43.9,0.88,296.19,0.18,43.21,0.18,280.0,0.35,44.12,0.35,152.3,-1588,-1500,-1800,43.53583333333333,5.989999999999999,0 days 00:10:00,True,52,-1590.0,-1593.0,-1593.0,-1594.0,-1592.0,-1589.0,ABOVE
2026-08-29 06:21:02,26.82,89.63,0.75,43.5,0.77,188.95,0.84,43.84,0.85,198.09,0.08,42.29,0.08,327.66,0.31,43.9,0.31,224.53,0.79,43.33,0.8,165.51,0.46,42.81,0.45,102.82,0.32,44.02,0.33,122.27,0.41,43.5,0.4,174.6,0.54,43.44,0.54,73.17,0.91,43.73,0.89,315.13,0.18,43.04,0.18,296.68,0.35,43.67,0.35,177.76,-1589,-1500,-1800,43.42250000000001,5.95,0 days 00:10:00,True,52,-1588.0,-1590.0,-1593.0,-1593.0,-1594.0,-1592.0,ABOVE
2026-08-29 06:31:03,26.82,89.81,0.75,43.21,0.76,192.99,0.84,43.79,0.81,187.62,0.08,42.41,0.08,327.66,0.31,44.07,0.3,205.79,0.79,43.37,0.8,141.44,0.46,43.33,0.45,87.06,0.32,43.44,0.32,146.53,0.41,43.73,0.41,182.45,0.54,42.98,0.52,82.99,0.91,44.19,0.89,245.82,0.18,43.5,0.18,194.26,0.35,43.79,0.36,154.26,-1600,-1500,-1800,43.484166666666674,5.88,0 days 00:10:01,True,52,-1589.0,-1588.0,-1590.0,-1593.0,-1593.0,-1594.0,TARGET
2026-08-29 06:41:02,26.92,89.48,0.75,43.37,0.77,205.6,0.84,43.44,0.83,233.47,0.08,41.89,0.08,327.66,0.31,44.36,0.32,165.49,0.79,43.33,0.78,159.75,0.46,42.93,0.47,100.07,0.32,43.61,0.33,140.92,0.41,44.02,0.42,142.42,0.54,43.15,0.56,83.95,0.91,43.84,0.92,272.24,0.18,43.27,0.18,224.92,0.35,43.79,0.36,169.32,-1599,-1500,-1800,43.41666666666666,6.0200000000000005,0 days 00:09:59,True,52,-1600.0,-1589.0,-1588.0,-1590.0,-1593.0,-1593.0,TARGET
2026-08-29 06:51:02,26.76,89.54,0.75,43.79,0.72,161.44,0.84,43.67,0.85,216.37,0.08,42.35,0.08,327.66,0.31,44.42,0.31,161.89,0.79,43.44,0.81,149.92,0.46,43.37,0.45,82.25,0.32,43.37,0.33,154.56,0.41,43.96,0.41,154.87,0.54,43.44,0.54,74.36,0.91,43.9,0.92,290.4,0.18,43.33,0.18,269.38,0.35,43.84,0.35,180.08,-1596,-1500,-1800,43.57333333333333,5.949999999999999,0 days 00:10:00,True,52,-1599.0,-1600.0,-1589.0,-1588.0,-1590.0,-1593.0,TARGET
2026-08-29 07:01:02,26.82,89.45,0.75,43.56,0.76,181.73,0.84,44.02,0.85,172.31,0.08,42.46,0.08,327.66,0.31,43.96,0.32,221.25,0.79,43.84,0.77,117.82,0.46,42.93,0.46,95.85,0.32,43.84,0.33,123.18,0.41,43.96,0.4,154.87,0.54,43.04,0.56,85.29,0.91,44.07,0.91,244.86,0.18,43.44,0.18,214.95,0.35,44.07,0.34,131.84,-1604,-1500,-1800,43.59916666666667,5.959999999999999,0 days 00:10:00,True,52,-1596.0,-1599.0,-1600.0,-1589.0,-1588.0,-1590.0,TARGET
2026-08-29 07:11:02,26.44,90.21,0.75,43.5,0.74,181.25,0.84,43.79,0.85,169.32,0.08,42.35,0.08,327.66,0.31,43.9,0.3,327.66,0.79,43.73,0.82,141.67,0.46,42.81,0.45,102.82,0.32,43.56,0.32,145.37,0.41,44.02,0.41,143.89,0.54,42.93,0.53,83.1,0.91,43.67,0.94,307.72,0.18,43.1,0.18,310.57,0.35,43.79,0.34,159.59,-1606,-1500,-1800,43.42916666666667,5.959999999999999,0 days 00:10:00,True,52,-1604.0,-1596.0,-1599.0,-1600.0,-1589.0,-1588.0,TARGET
2026-08-29 07:21:02,26.23,90.33,0.75,43.56,0.72,177.3,0.84,43.79,0.86,187.12,0.08,42.29,0.08,327.66,0.31,44.36,0.31,180.34,0.79,43.79,0.81,129.75,0.46,43.21,0.45,92.07,0.32,43.79,0.33,116.52,0.41,43.56,0.42,189.2,0.54,42.93,0.55,86.25,0.91,43.9,0.94,290.01,0.18,43.27,0.18,264.19,0.35,43.84,0.36,157.98,-1600,-1500,-1800,43.524166666666666,6.010000000000001,0 days 00:10:00,True,52,-1606.0,-1604.0,-1596.0,-1599.0,-1600.0,-1589.0,TARGET
2026-08-29 07:31:03,26.18,90.7,0.75,43.27,0.73,208.15,0.84,43.84,0.85,198.61,0.08,42.35,0.08,327.66,0.31,44.48,0.3,174.33,0.79,43.96,0.76,139.2,0.46,42.87,0.46,101.3,0.32,43.56,0.31,138.11,0.41,43.5,0.41,183.9,0.54,43.21,0.56,82.05,0.91,44.02,0.93,296.57,0.18,43.37,0.18,249.79,0.35,44.02,0.35,138.0,-1603,-1500,-1800,43.537499999999994,5.92,0 days 00:10:01,True,52,-1600.0,-1606.0,-1604.0,-1596.0,-1599.0,-1600.0,TARGET
2026-08-29 07:41:03,26.23,91.31,0.75,43.67,0.76,155.59,0.84,43.56,0.85,226.71,0.08,42.24,0.08,327.66,0.31,44.12,0.31,264.03,0.79,43.37,0.76,165.74,0.46,42.93,0.47,103.11,0.32,43.44,0.31,154.98,0.41,43.61,0.42,184.39,0.54,43.33,0.56,77.85,0.91,43.73,0.91,295.41,0.18,43.1,0.18,291.15,0.35,43.67,0.36,181.97,-1607,-1500,-1800,43.3975,5.97,0 days 00:10:00,True,52,-1603.0,-1600.0,-1606.0,-1604.0,-1596.0,-1599.0,TARGET
2026-08-29 07:51:02,26.6,91.28,0.75,43.37,0.76,208.43,0.84,44.02,0.87,162.28,0.08,42.41,0.08,327.66,0.31,44.12,0.3,181.5,0.79,43.15,0.82,171.05,0.46,43.5,0.45,79.26,0.32,43.79,0.33,129.75,0.41,43.5,0.4,184.15,0.54,43.21,0.55,80.12,0.91,43.73,0.91,327.66,0.18,43.04,0.18,310.16,0.35,43.61,0.34,160.81,-1610,-1500,-1800,43.45416666666667,5.989999999999999,0 days 00:09:59,True,52,-1607.0,-1603.0,-1600.0,-1606.0,-1604.0,-1596.0,TARGET
2026-08-29 08:01:02,26.76,90.67,0.75,43.67,0.72,187.12,0.84,43.67,0.86,213.32,0.08,42.58,0.08,327.66,0.31,44.07,0.31,218.36,0.79,43.44,0.81,167.99,0.46,43.27,0.46,87.5,0.32,43.44,0.32,152.84,0.41,44.07,0.4,153.56,0.54,43.04,0.53,81.72,0.91,43.67,0.9,294.63,0.18,43.1,0.18,317.81,0.35,44.02,0.35,153.17,-1611,-1500,-1800,43.50333333333334,5.92,0 days 00:10:00,True,52,-1610.0,-1607.0,-1603.0,-1600.0,-1606.0,-1604.0,BELOW
2026-08-29 08:11:02,26.87,90.36,0.75,43.33,0.78,165.3,0.84,43.9,0.81,188.12,0.08,42.46,0.08,327.66,0.31,44.48,0.31,204.39,0.79,43.37,0.78,158.12,0.46,43.27,0.46,88.63,0.32,43.33,0.32,149.33,0.41,44.07,0.4,147.11,0.54,42.93,0.53,82.6,0.91,44.02,0.91,327.66,0.18,43.44,0.18,327.66,0.35,43.67,0.36,179.84,-1617,-1500,-1800,43.5225,5.92,0 days 00:10:00,True,52,-1611.0,-1610.0,-1607.0,-1603.0,-1600.0,-1606.0,BELOW
2026-08-29 08:21:02,27.08,90.03,0.75,43.5,0.75,188.95,0.84,43.33,0.86,180.53,0.08,42.24,0.08,327.66,0.31,43.84,0.3,217.51,0.79,43.84,0.82,131.33,0.46,43.37,0.46,81.29,0.32,43.96,0.33,113.32,0.41,43.61,0.41,197.57,0.54,43.61,0.52,73.56,0.91,43.96,0.93,278.41,0.18,43.27,0.18,258.87,0.35,43.56,0.36,172.64,-1622,-1500,-1800,43.50749999999999,5.999999999999999,0 days 00:10:00,True,52,-1617.0,-1611.0,-1610.0,-1607.0,-1603.0,-1600.0,BELOW
2026-08-29 10:11:02,30.5,79.71,0.75,43.67,0.75,173.32,0.84,43.79,0.82,190.19,0.08,42.35,0.08,327.66,0.31,44.07,0.31,202.01,0.79,43.96,0.79,125.74,0.46,43.5,0.45,85.67,0.32,43.9,0.32,123.18,0.41,43.56,0.4,188.95,0.54,43.56,0.56,73.46,0.91,44.12,0.92,325.85,0.18,43.5,0.18,241.99,0.35,43.61,0.35,147.31,-1638,-1500,-1800,43.6325,5.93,0 days 00:09:59,True,52,-1631.0,-1632.0,-1630.0,-1631.0,-1629.0,-1623.0,BELOW
2026-08-29 11:51:02,29.38,84.2,0.75,43.79,0.73,165.29,0.84,43.79,0.84,195.55,0.08,42.58,0.08,327.66,0.31,44.42,0.3,173.87,0.79,44.07,0.78,141.16,0.46,43.44,0.45,80.54,0.32,43.44,0.31,156.53,0.41,43.84,0.4,154.26,0.54,43.15,0.55,82.05,0.91,44.3,0.92,233.83,0.18,43.61,0.18,206.4,0.35,43.67,0.34,168.65,-1635,-1500,-1800,43.675000000000004,5.88,0 days 00:10:00,True,52,-1640.0,-1639.0,-1637.0,-1634.0,-1639.0,-1638.0,BELOW
2026-08-29 12:01:03,28.95,83.25,0.75,43.79,0.72,210.64,0.84,44.02,0.82,176.67,0.08,42.35,0.08,327.66,0.31,44.25,0.32,194.86,0.79,43.56,0.76,164.42,0.46,43.1,0.47,94.24,0.32,44.02,0.31,117.28,0.41,43.56,0.42,186.89,0.54,43.15,0.56,83.95,0.91,44.25,0.94,241.9,0.18,43.67,0.18,200.69,0.35,44.12,0.34,144.25,-1640,-1500,-1800,43.65333333333333,5.92,0 days 00:10:01,True,52,-1635.0,-1640.0,-1639.0,-1637.0,-1634.0,-1639.0,BELOW
2026-08-29 12:21:03,27.99,85.3,0.75,43.61,0.74,175.06,0.84,43.67,0.85,198.09,0.08,42.52,0.08,327.66,0.31,43.84,0.32,210.64,0.79,43.9,0.82,126.55,0.46,43.37,0.45,100.41,0.32,43.9,0.31,122.27,0.41,44.07,0.4,218.65,0.54,43.61,0.55,73.07,0.91,44.19,0.89,233.53,0.18,43.61,0.18,179.84,0.35,44.25,0.36,138.91,-1640,-1500,-1800,43.711666666666666,5.95,0 days 00:10:00,True,52,-1642.0,-1640.0,-1635.0,-1640.0,-1639.0,-1637.0,BELOW
2026-08-29 12:51:02,28.21,88.81,0.75,43.84,0.72,157.98,0.84,43.73,0.83,220.37,0.08,42.64,0.08,327.66,0.31,43.96,0.32,214.44,0.79,43.9,0.81,128.89,0.46,43.04,0.45,101.84,0.32,43.9,0.33,120.89,0.41,43.9,0.41,160.0,0.54,43.15,0.54,82.54,0.91,43.79,0.92,327.66,0.18,43.15,0.18,279.25,0.35,44.19,0.34,130.78,-1634,-1500,-1800,43.59916666666666,5.93,0 days 00:10:00,True,52,-1643.0,-1646.0,-1640.0,-1642.0,-1640.0,-1635.0,BELOW
2026-08-29 13:01:02,28.95,85.76,0.75,43.37,0.78,185.9,0.84,44.07,0.84,166.37,0.08,42.29,0.08,327.66,0.31,44.19,0.32,298.12,0.79,43.84,0.78,262.66,0.46,43.21,0.45,88.28,0.32,43.96,0.32,112.41,0.41,43.84,0.41,171.62,0.54,43.15,0.52,82.54,0.91,44.02,0.94,284.84,0.18,43.33,0.18,259.56,0.35,43.9,0.36,160.0,-1637,-1500,-1800,43.5975,5.9799999999999995,0 days 00:10:00,True,52,-1634.0,-1643.0,-1646.0,-1640.0,-1642.0,-1640.0,BELOW
2026-08-29 13:31:03,30.02,82.98,0.75,43.67,0.72,162.7,0.84,44.12,0.83,168.6,0.08,42.18,0.08,327.66,0.31,44.02,0.31,208.32,0.79,43.79,0.8,140.23,0.46,43.21,0.47,87.83,0.32,43.9,0.31,130.98,0.41,44.02,0.41,150.08,0.54,43.1,0.52,82.82,0.91,44.25,0.9,254.76,0.18,43.61,0.18,194.53,0.35,43.96,0.34,162.08,-1636,-1500,-1800,43.6525,5.87,0 days 00:10:00,True,52,-1643.0,-1644.0,-1637.0,-1634.0,-1643.0,-1646.0,BELOW
2026-08-29 22:01:03,27.88,85.6,0.75,43.84,0.76,163.56,0.84,43.9,0.82,183.17,0.08,42.24,0.08,327.66,0.31,44.36,0.32,178.06,0.79,43.96,0.81,119.13,0.46,43.5,0.45,84.1,0.32,43.61,0.33,166.4,0.41,43.79,0.4,163.34,0.54,43.5,0.53,68.61,0.91,44.25,0.88,237.79,0.18,43.33,0.18,286.22,0.35,44.07,0.36,141.34,-1641,-1500,-1800,43.69583333333335,5.92,0 days 00:10:01,True,52,-1648.0,-1644.0,-1643.0,-1650.0,-1654.0,-1648.0,BELOW
2026-08-29 22:11:03,27.62,86.43,0.75,43.84,0.77,159.8,0.84,44.12,0.85,170.65,0.08,42.18,0.08,327.66,0.31,44.36,0.3,159.84,0.79,43.37,0.81,178.65,0.46,43.21,0.47,93.07,0.32,43.5,0.33,154.98,0.41,44.02,0.42,147.11,0.54,43.04,0.56,83.21,0.91,43.96,0.89,284.47,0.18,43.21,0.18,311.82,0.35,43.79,0.35,175.75,-1632,-1500,-1800,43.54999999999999,6.009999999999999,0 days 00:10:00,True,52,-1641.0,-1648.0,-1644.0,-1643.0,-1650.0,-1654.0,BELOW
2026-08-29 22:21:03,27.3,87.25,0.75,43.9,0.76,178.47,0.84,44.07,0.82,170.43,0.08,42.35,0.08,327.66,0.31,44.3,0.3,187.31,0.79,43.44,0.82,167.99,0.46,43.5,0.45,80.54,0.32,43.79,0.31,136.12,0.41,44.19,0.42,149.06,0.54,43.67,0.56,71.75,0.91,43.84,0.89,301.82,0.18,43.21,0.18,285.84,0.35,43.9,0.34,158.19,-1629,-1500,-1800,43.68000000000001,5.93,0 days 00:10:00,True,52,-1632.0,-1641.0,-1648.0,-1644.0,-1643.0,-1650.0,BELOW
2026-08-29 22:31:03,27.35,87.1,0.75,43.5,0.73,202.57,0.84,44.25,0.83,169.25,0.08,42.18,0.08,327.66,0.31,44.12,0.32,215.29,0.79,43.61,0.79,153.66,0.46,43.1,0.47,96.23,0.32,43.5,0.31,149.92,0.41,43.5,0.42,181.49,0.54,43.21,0.56,78.29,0.91,43.96,0.93,285.21,0.18,43.37,0.18,233.15,0.35,43.84,0.34,163.76,-1625,-1500,-1800,43.51166666666666,5.959999999999999,0 days 00:10:00,True,52,-1629.0,-1632.0,-1641.0,-1648.0,-1644.0,-1643.0,BELOW
2026-08-29 22:41:03,27.46,86.7,0.75,43.37,0.72,190.81,0.84,43.79,0.83,315.54,0.08,42.46,0.08,327.66,0.31,44.25,0.32,200.43,0.79,43.44,0.78,140.73,0.46,43.21,0.45,91.34,0.32,43.9,0.32,124.45,0.41,43.79,0.41,159.37,0.54,43.44,0.55,76.19,0.91,44.19,0.91,259.13,0.18,43.15,0.18,279.25,0.35,43.73,0.34,175.75,-1621,-1500,-1800,43.559999999999995,5.89,0 days 00:10:00,True,52,-1625.0,-1629.0,-1632.0,-1641.0,-1648.0,-1644.0,BELOW
2026-08-29 23:11:03,27.3,87.59,0.75,43.5,0.75,174.37,0.84,44.02,0.85,163.76,0.08,42.52,0.08,327.66,0.31,44.02,0.3,211.47,0.79,43.56,0.82,145.37,0.46,42.98,0.45,102.34,0.32,43.5,0.31,149.92,0.41,44.07,0.41,141.16,0.54,42.75,0.54,77.79,0.91,43.96,0.92,284.47,0.18,43.73,0.18,203.9,0.35,43.67,0.34,170.73,-1626,-1500,-1800,43.52333333333333,5.95,0 days 00:10:01,True,52,-1632.0,-1636.0,-1621.0,-1625.0,-1629.0,-1632.0,BELOW
2026-08-29 23:31:03,27.24,87.46,0.75,43.27,0.73,207.87,0.84,43.79,0.83,223.94,0.08,42.41,0.08,327.66,0.31,44.07,0.3,211.75,0.79,43.5,0.8,158.53,0.46,43.04,0.45,103.39,0.32,43.56,0.32,151.97,0.41,44.07,0.42,141.16,0.54,43.21,0.56,80.22,0.91,43.9,0.92,309.35,0.18,43.56,0.18,172.64,0.35,43.9,0.35,151.5,-1621,-1500,-1800,43.52333333333333,5.9399999999999995,0 days 00:10:00,True,52,-1630.0,-1626.0,-1632.0,-1636.0,-1621.0,-1625.0,BELOW
2026-08-29 23:41:03,27.4,87.28,0.75,43.33,0.72,241.03,0.84,43.56,0.82,209.26,0.08,42.58,0.08,327.66,0.31,44.48,0.31,183.15,0.79,43.67,0.78,135.94,0.46,43.44,0.47,82.59,0.32,43.73,0.33,144.62,0.41,43.96,0.4,145.39,0.54,43.04,0.52,85.93,0.91,43.96,0.9,272.96,0.18,43.61,0.18,202.84,0.35,44.25,0.34,144.64,-1626,-1500,-1800,43.634166666666665,5.85,0 days 00:10:00,True,52,-1621.0,-1630.0,-1626.0,-1632.0,-1636.0,-1621.0,BELOW
2026-08-29 23:51:03,27.35,87.34,0.75,43.33,0.73,211.64,0.84,43.56,0.84,233.78,0.08,42.46,0.08,327.66,0.31,44.07,0.32,215.01,0.79,43.73,0.78,137.47,0.46,43.21,0.45,94.49,0.32,43.9,0.33,124.29,0.41,44.02,0.4,139.56,0.54,43.1,0.56,81.33,0.91,44.12,0.94,291.53,0.18,43.37,0.18,233.47,0.35,43.9,0.35,157.98,-1626,-1500,-1800,43.564166666666665,5.959999999999999,0 days 00:10:00,True,52,-1626.0,-1621.0,-1630.0,-1626.0,-1632.0,-1636.0,BELOW
2026-08-30 00:01:03,27.3,87.22,0.75,43.56,0.77,170.28,0.84,43.61,0.82,238.76,0.08,42.46,0.08,327.66,0.31,43.9,0.31,210.92,0.79,43.5,0.82,162.26,0.46,43.33,0.47,92.7,0.32,43.73,0.33,116.06,0.41,43.9,0.42,165.5,0.54,43.04,0.54,81.72,0.91,43.67,0.94,314.72,0.18,43.5,0.18,218.94,0.35,44.19,0.35,137.37,-1620,-1500,-1800,43.532500000000006,6.029999999999999,0 days 00:10:00,True,52,-1626.0,-1626.0,-1621.0,-1630.0,-1626.0,-1632.0,BELOW
2026-08-30 00:11:02,27.19,87.5,0.75,43.73,0.78,184.87,0.84,43.84,0.83,178.0,0.08,42.52,0.08,327.66,0.31,43.84,0.31,207.5,0.79,43.67,0.8,177.54,0.46,42.98,0.45,102.34,0.32,43.44,0.32,164.2,0.41,43.56,0.41,192.08,0.54,43.67,0.54,72.5,0.91,43.96,0.88,284.47,0.18,43.44,0.18,202.3,0.35,44.12,0.35,138.37,-1618,-1500,-1800,43.564166666666665,5.929999999999999,0 days 00:09:59,True,52,-1620.0,-1626.0,-1626.0,-1621.0,-1630.0,-1626.0,BELOW
2026-08-30 00:21:03,27.19,88.04,0.75,43.27,0.75,202.04,0.84,43.96,0.84,188.61,0.08,42.24,0.08,327.66,0.31,44.3,0.31,185.08,0.79,43.9,0.78,127.71,0.46,42.98,0.46,99.48,0.32,43.73,0.31,135.75,0.41,43.73,0.42,177.54,0.54,43.27,0.53,79.65,0.91,43.84,0.9,308.94,0.18,43.5,0.18,174.6,0.35,44.02,0.35,156.81,-1617,-1500,-1800,43.56166666666667,5.909999999999999,0 days 00:10:01,True,52,-1618.0,-1620.0,-1626.0,-1626.0,-1621.0,-1630.0,BELOW
2026-08-30 00:31:03,27.46,87.46,0.75,43.21,0.75,217.49,0.84,43.61,0.86,238.43,0.08,42.35,0.08,327.66,0.31,43.96,0.32,228.51,0.79,43.84,0.78,130.98,0.46,43.27,0.46,90.98,0.32,43.73,0.31,137.11,0.41,44.12,0.42,141.34,0.54,43.27,0.55,76.65,0.91,43.73,0.92,307.72,0.18,43.33,0.18,259.56,0.35,44.07,0.34,148.67,-1612,-1500,-1800,43.54083333333333,5.97,0 days 00:10:00,True,52,-1617.0,-1618.0,-1620.0,-1626.0,-1626.0,-1621.0,BELOW
2026-08-30 00:41:03,27.4,87.34,0.75,43.44,0.78,183.9,0.84,43.61,0.81,234.4,0.08,42.18,0.08,327.66,0.31,44.19,0.32,164.62,0.79,43.5,0.78,153.25,0.46,43.27,0.47,93.97,0.32,43.56,0.33,141.12,0.41,43.61,0.4,150.12,0.54,43.15,0.54,81.33,0.91,43.79,0.94,327.66,0.18,43.56,0.18,215.79,0.35,44.02,0.36,145.2,-1613,-1500,-1800,43.49,5.989999999999999,0 days 00:10:00,True,52,-1612.0,-1617.0,-1618.0,-1620.0,-1626.0,-1626.0,BELOW
2026-08-30 00:51:03,27.46,87.46,0.75,43.79,0.78,171.41,0.84,44.07,0.86,199.65,0.08,42.41,0.08,327.66,0.31,44.07,0.31,205.25,0.79,43.37,0.82,161.62,0.46,42.98,0.45,102.47,0.32,44.48,0.32,117.52,0.41,43.84,0.41,165.5,0.54,43.37,0.56,76.42,0.91,44.3,0.88,234.14,0.18,43.04,0.18,325.37,0.35,44.02,0.35,214.73,-1601,-1500,-1800,43.645,5.999999999999999,0 days 00:10:00,True,52,-1613.0,-1612.0,-1617.0,-1618.0,-1620.0,-1626.0,TARGET
2026-08-30 01:01:03,27.56,86.4,0.75,43.73,0.78,157.36,0.84,44.02,0.85,174.69,0.08,42.52,0.08,327.66,0.31,43.9,0.32,232.01,0.79,43.56,0.76,155.17,0.46,42.93,0.46,103.89,0.32,43.61,0.33,140.92,0.41,43.5,0.4,181.49,0.54,43.21,0.56,80.6,0.91,43.9,0.88,309.35,0.18,43.33,0.18,298.66,0.35,43.84,0.34,160.0,-1604,-1500,-1800,43.50416666666666,5.9399999999999995,0 days 00:10:00,True,52,-1601.0,-1613.0,-1612.0,-1617.0,-1618.0,-1620.0,TARGET
2026-08-30 01:11:03,27.35,87.62,0.75,43.67,0.76,177.54,0.84,44.07,0.81,168.16,0.08,42.52,0.08,327.66,0.31,44.36,0.3,161.67,0.79,43.67,0.8,164.85,0.46,43.37,0.45,83.99,0.32,44.07,0.32,124.62,0.41,43.56,0.42,181.97,0.54,43.27,0.56,82.15,0.91,43.84,0.93,295.41,0.18,43.21,0.18,291.53,0.35,44.12,0.35,149.06,-1607,-1500,-1800,43.644166666666656,5.959999999999999,0 days 00:10:00,True,52,-1604.0,-1601.0,-1613.0,-1612.0,-1617.0,-1618.0,TARGET
2026-08-30 01:21:03,27.46,87.01,0.75,43.44,0.77,196.78,0.84,43.96,0.85,188.36,0.08,42.24,0.08,327.66,0.31,44.25,0.3,170.87,0.79,43.73,0.76,134.8,0.46,43.37,0.45,87.06,0.32,43.96,0.33,123.35,0.41,44.02,0.4,158.59,0.54,43.5,0.56,83.7,0.91,43.79,0.88,308.13,0.18,43.61,0.18,219.51,0.35,43.67,0.34,192.33,-1600,-1500,-1800,43.62833333333333,5.8999999999999995,0 days 00:10:00,True,52,-1607.0,-1604.0,-1601.0,-1613.0,-1612.0,-1617.0,TARGET
2026-08-30 01:31:03,27.72,86.52,0.75,43.67,0.78,219.81,0.84,43.79,0.87,213.6,0.08,42.18,0.08,327.66,0.31,44.3,0.32,200.95,0.79,43.61,0.81,140.92,0.46,43.1,0.45,98.18,0.32,44.02,0.31,119.29,0.41,43.9,0.41,163.76,0.54,43.5,0.54,73.36,0.91,44.19,0.89,259.47,0.18,43.15,0.18,303.68,0.35,43.79,0.36,165.29,-1592,-1500,-1800,43.599999999999994,6.0,0 days 00:10:00,True,52,-1600.0,-1607.0,-1604.0,-1601.0,-1613.0,-1612.0,TARGET
2026-08-30 01:41:03,27.62,86.4,0.75,43.79,0.78,163.34,0.84,43.84,0.82,302.63,0.08,42.58,0.08,327.66,0.31,44.19,0.3,191.69,0.79,43.44,0.81,161.84,0.46,42.87,0.47,102.97,0.32,43.79,0.33,132.06,0.41,43.73,0.41,163.12,0.54,43.21,0.56,81.56,0.91,43.96,0.9,296.96,0.18,43.33,0.18,327.66,0.35,43.79,0.35,175.75,-1591,-1500,-1800,43.54333333333333,5.99,0 days 00:10:00,True,52,-1592.0,-1600.0,-1607.0,-1604.0,-1601.0,-1613.0,TARGET
2026-08-30 01:51:03,27.56,86.85,0.75,43.44,0.74,196.51,0.84,44.02,0.81,172.31,0.08,42.24,0.08,327.66,0.31,44.48,0.32,169.91,0.79,43.96,0.81,125.74,0.46,43.04,0.47,99.61,0.32,43.44,0.33,153.05,0.41,43.84,0.42,149.28,0.54,43.73,0.52,73.75,0.91,44.02,0.93,303.41,0.18,43.27,0.18,258.53,0.35,44.12,0.35,141.34,-1596,-1500,-1800,43.63333333333333,5.959999999999999,0 days 00:10:00,True,52,-1591.0,-1592.0,-1600.0,-1607.0,-1604.0,-1601.0,TARGET
2026-08-30 02:01:03,27.62,86.79,0.75,43.37,0.75,191.06,0.84,43.61,0.86,200.69,0.08,42.18,0.08,327.66,0.31,44.36,0.31,190.09,0.79,43.9,0.79,127.88,0.46,43.04,0.47,103.39,0.32,43.67,0.32,155.59,0.41,43.61,0.4,194.78,0.54,43.37,0.52,79.06,0.91,44.48,0.89,287.82,0.18,43.33,0.18,258.87,0.35,43.67,0.34,182.21,-1596,-1500,-1800,43.54916666666667,5.909999999999999,0 days 00:10:00,True,52,-1596.0,-1591.0,-1592.0,-1600.0,-1607.0,-1604.0,TARGET
2026-08-30 02:11:03,27.88,85.51,0.75,43.27,0.77,204.78,0.84,43.67,0.87,220.1,0.08,42.18,0.08,327.66,0.31,43.96,0.32,228.51,0.79,43.5,0.79,164.2,0.46,43.27,0.45,90.38,0.32,44.07,0.31,115.5,0.41,43.9,0.4,152.97,0.54,43.15,0.56,78.64,0.91,44.07,0.9,263.34,0.18,43.37,0.18,229.28,0.35,43.84,0.34,178.47,-1596,-1500,-1800,43.520833333333336,5.970000000000001,0 days 00:10:00,True,52,-1596.0,-1596.0,-1591.0,-1592.0,-1600.0,-1607.0,TARGET
2026-08-30 02:21:03,27.94,86.0,0.75,43.44,0.73,205.6,0.84,43.56,0.81,206.14,0.08,42.24,0.08,327.66,0.31,44.02,0.3,211.47,0.79,43.67,0.79,141.3,0.46,43.21,0.46,88.85,0.32,44.02,0.33,121.36,0.41,44.02,0.41,144.06,0.54,43.67,0.55,76.08,0.91,43.9,0.94,284.1,0.18,43.04,0.18,303.28,0.35,43.79,0.35,169.1,-1598,-1500,-1800,43.548333333333325,5.93,0 days 00:10:00,True,52,-1596.0,-1596.0,-1596.0,-1591.0,-1592.0,-1600.0,TARGET
2026-08-30 02:31:03,27.46,85.76,0.75,43.84,0.76,185.37,0.84,43.73,0.84,210.09,0.08,42.58,0.08,327.66,0.31,44.42,0.31,148.06,0.79,43.84,0.76,129.92,0.46,42.98,0.47,99.48,0.32,43.73,0.32,137.47,0.41,43.84,0.4,163.56,0.54,43.37,0.56,76.85,0.91,44.42,0.91,239.03,0.18,42.98,0.18,327.66,0.35,43.9,0.36,143.31,-1589,-1500,-1800,43.635833333333345,5.95,0 days 00:10:00,True,52,-1598.0,-1596.0,-1596.0,-1596.0,-1591.0,-1592.0,ABOVE
2026-08-30 02:41:03,27.62,85.66,0.75,43.5,0.72,197.04,0.84,44.07,0.87,166.37,0.08,42.41,0.08,327.66,0.31,44.25,0.3,187.07,0.79,43.5,0.78,158.53,0.46,43.5,0.46,84.21,0.32,43.44,0.31,154.76,0.41,43.96,0.4,145.0,0.54,43.04,0.53,85.83,0.91,44.07,0.89,318.03,0.18,43.15,0.18,311.0,0.35,43.9,0.34,158.19,-1587,-1500,-1800,43.56583333333333,5.859999999999999,0 days 00:10:00,True,52,-1589.0,-1598.0,-1596.0,-1596.0,-1596.0,-1591.0,ABOVE
2026-08-30 02:51:03,27.88,84.78,0.75,43.37,0.72,191.06,0.84,43.79,0.86,213.87,0.08,42.52,0.08,327.66,0.31,43.84,0.32,213.87,0.79,43.44,0.78,154.76,0.46,43.44,0.45,84.5,0.32,43.5,0.31,153.25,0.41,44.02,0.4,151.7,0.54,43.21,0.53,83.15,0.91,43.84,0.94,272.6,0.18,43.15,0.18,297.47,0.35,43.61,0.35,189.45,-1598,-1500,-1800,43.47749999999999,5.92,0 days 00:10:00,True,52,-1587.0,-1589.0,-1598.0,-1596.0,-1596.0,-1596.0,TARGET
2026-08-30 03:01:03,28.15,82.34,0.75,43.27,0.77,201.76,0.84,43.61,0.82,234.71,0.08,42.24,0.08,327.66,0.31,43.96,0.3,198.87,0.79,43.84,0.8,132.58,0.46,42.98,0.47,103.25,0.32,43.9,0.33,120.0,0.41,43.56,0.41,189.2,0.54,43.44,0.52,77.82,0.91,44.36,0.88,238.4,0.18,43.33,0.18,264.19,0.35,43.61,0.36,189.45,-1591,-1500,-1800,43.50833333333333,5.92,0 days 00:10:00,True,52,-1598.0,-1587.0,-1589.0,-1598.0,-1596.0,-1596.0,TARGET
2026-08-30 03:11:03,27.88,84.14,0.75,43.79,0.73,187.87,0.84,43.61,0.83,230.19,0.08,42.46,0.08,327.66,0.31,43.9,0.32,284.1,0.79,43.79,0.77,138.84,0.46,43.21,0.45,87.83,0.32,43.79,0.32,133.67,0.41,43.84,0.41,159.8,0.54,43.44,0.52,79.15,0.91,44.07,0.93,268.75,0.18,43.67,0.18,195.04,0.35,43.67,0.35,173.32,-1598,-1500,-1800,43.60333333333333,5.89,0 days 00:10:00,True,52,-1591.0,-1598.0,-1587.0,-1589.0,-1598.0,-1596.0,TARGET
2026-08-30 03:21:02,27.94,84.81,0.75,43.33,0.76,232.86,0.84,44.07,0.84,191.44,0.08,42.46,0.08,327.66,0.31,43.84,0.32,235.64,0.79,43.96,0.8,132.75,0.46,43.44,0.46,85.56,0.32,43.67,0.32,138.28,0.41,43.96,0.4,153.37,0.54,43.27,0.56,81.18,0.91,43.79,0.9,322.88,0.18,43.56,0.18,216.09,0.35,43.67,0.36,192.33,-1592,-1500,-1800,43.585,5.9799999999999995,0 days 00:09:59,True,52,-1598.0,-1591.0,-1598.0,-1587.0,-1589.0,-1598.0,TARGET
2026-08-30 03:31:03,28.05,83.37,0.75,43.61,0.76,166.62,0.84,43.56,0.81,287.35,0.08,42.24,0.08,327.66,0.31,43.9,0.32,214.15,0.79,43.67,0.76,141.48,0.46,43.04,0.47,101.98,0.32,43.79,0.31,128.39,0.41,43.73,0.41,182.45,0.54,43.27,0.52,77.94,0.91,43.9,0.9,303.01,0.18,43.61,0.18,197.57,0.35,43.84,0.35,165.5,-1585,-1500,-1800,43.51333333333334,5.87,0 days 00:10:01,True,52,-1592.0,-1598.0,-1591.0,-1598.0,-1587.0,-1589.0,ABOVE
2026-08-30 03:41:03,27.78,85.42,0.75,43.33,0.72,198.84,0.84,43.9,0.85,210.64,0.08,42.41,0.08,327.66,0.31,44.02,0.31,185.85,0.79,43.44,0.79,160.17,0.46,42.98,0.47,107.31,0.32,43.5,0.32,158.53,0.41,43.84,0.4,161.87,0.54,43.56,0.52,73.85,0.91,44.19,0.93,264.03,0.18,43.79,0.18,201.22,0.35,44.25,0.34,132.36,-1590,-1500,-1800,43.600833333333334,5.909999999999998,0 days 00:10:00,True,52,-1585.0,-1592.0,-1598.0,-1591.0,-1598.0,-1587.0,TARGET
2026-08-30 04:11:03,27.4,86.06,0.75,43.61,0.78,164.64,0.84,44.07,0.81,162.5,0.08,42.18,0.08,327.66,0.31,43.84,0.3,193.09,0.79,43.79,0.76,128.56,0.46,43.5,0.45,79.83,0.32,43.73,0.32,140.06,0.41,43.79,0.42,173.55,0.54,43.21,0.56,81.56,0.91,43.79,0.93,277.32,0.18,43.37,0.18,250.12,0.35,44.02,0.34,146.92,-1591,-1500,-1800,43.57500000000001,5.93,0 days 00:10:00,True,52,-1584.0,-1587.0,-1590.0,-1585.0,-1592.0,-1598.0,TARGET
2026-08-30 04:51:03,27.19,86.49,0.75,43.61,0.74,179.6,0.84,43.61,0.83,175.06,0.08,42.24,0.08,327.66,0.31,44.25,0.31,182.21,0.79,43.61,0.82,135.75,0.46,42.98,0.47,98.05,0.32,43.79,0.32,143.14,0.41,44.02,0.42,146.92,0.54,43.56,0.53,69.83,0.91,43.56,0.9,327.66,0.18,43.37,0.18,237.5,0.35,43.67,0.35,184.39,-1590,-1500,-1800,43.5225,5.949999999999999,0 days 00:10:00,True,52,-1586.0,-1588.0,-1582.0,-1591.0,-1584.0,-1587.0,TARGET
2026-08-30 05:51:03,26.92,86.49,0.75,43.33,0.73,198.84,0.84,43.5,0.84,222.47,0.08,42.64,0.08,327.66,0.31,44.12,0.32,181.5,0.79,43.61,0.82,145.37,0.46,43.21,0.47,87.83,0.32,43.61,0.32,134.44,0.41,44.07,0.42,138.37,0.54,42.93,0.55,83.1,0.91,43.9,0.88,290.4,0.18,43.1,0.18,248.12,0.35,43.61,0.36,164.85,-1582,-1500,-1800,43.469166666666666,5.97,0 days 00:10:00,True,52,-1583.0,-1586.0,-1579.0,-1584.0,-1582.0,-1590.0,ABOVE
2026-08-30 06:01:03,26.12,88.96,0.75,43.27,0.78,205.04,0.84,43.67,0.84,260.94,0.08,42.41,0.08,327.66,0.35,43.67,0.36,182.21,0.79,43.56,0.78,150.31,0.46,42.81,0.47,103.48,0.32,43.5,0.32,143.87,0.41,44.07,0.42,183.89,0.54,42.93,0.55,81.11,0.91,44.07,0.94,284.47,0.18,43.04,0.18,317.81,0.35,43.56,0.35,174.83,-1592,-1500,-1800,43.379999999999995,6.0699999999999985,0 days 00:10:00,True,52,-1582.0,-1583.0,-1586.0,-1579.0,-1584.0,-1582.0,TARGET
2026-08-30 06:11:03,25.86,89.72,0.75,43.33,0.72,218.07,0.84,43.5,0.82,219.23,0.08,42.52,0.08,327.66,0.31,43.9,0.32,217.79,0.79,43.56,0.76,146.92,0.46,42.81,0.47,106.05,0.32,43.5,0.31,153.25,0.41,44.02,0.42,142.42,0.54,43.27,0.55,79.29,0.91,44.3,0.92,255.09,0.18,43.1,0.18,290.75,0.35,43.96,0.35,146.72,-1593,-1500,-1800,43.48083333333333,5.8999999999999995,0 days 00:10:00,True,52,-1592.0,-1582.0,-1583.0,-1586.0,-1579.0,-1584.0,TARGET
2026-08-30 06:21:03,25.96,89.08,0.75,43.27,0.75,225.22,0.84,43.67,0.86,223.06,0.08,42.18,0.08,327.66,0.31,44.25,0.31,179.4,0.79,43.37,0.81,208.43,0.46,42.75,0.47,124.37,0.32,43.44,0.32,151.56,0.41,43.5,0.4,226.12,0.54,43.44,0.54,74.06,0.91,44.12,0.9,245.18,0.18,43.21,0.18,274.04,0.35,43.79,0.36,165.29,-1594,-1500,-1800,43.41583333333333,5.98,0 days 00:10:00,True,52,-1593.0,-1592.0,-1582.0,-1583.0,-1586.0,-1579.0,TARGET
2026-08-30 06:31:03,26.07,89.6,0.75,43.37,0.72,190.81,0.84,43.56,0.87,230.19,0.08,42.29,0.08,327.66,0.31,44.3,0.3,158.05,0.79,43.79,0.8,141.67,0.46,42.87,0.47,100.68,0.32,43.9,0.33,117.13,0.41,43.79,0.41,165.07,0.54,43.44,0.55,74.15,0.91,43.67,0.92,307.72,0.18,43.5,0.18,212.48,0.35,43.61,0.36,181.97,-1594,-1500,-1800,43.50749999999999,5.99,0 days 00:10:00,True,52,-1594.0,-1593.0,-1592.0,-1582.0,-1583.0,-1586.0,TARGET
2026-08-30 06:41:03,26.18,89.81,0.75,43.44,0.73,196.78,0.84,43.67,0.81,195.04,0.08,42.29,0.08,327.66,0.31,44.25,0.3,149.06,0.79,43.79,0.77,165.29,0.46,43.15,0.46,93.47,0.32,43.73,0.32,109.18,0.41,43.67,0.42,184.39,0.54,43.33,0.52,85.98,0.91,43.73,0.88,301.44,0.18,43.21,0.18,240.07,0.35,43.67,0.36,164.85,-1596,-1500,-1800,43.494166666666665,5.83,0 days 00:10:00,True,52,-1594.0,-1594.0,-1593.0,-1592.0,-1582.0,-1583.0,TARGET
2026-08-30 06:51:03,26.28,89.85,0.75,43.56,0.72,189.45,0.84,43.73,0.83,216.65,0.08,42.52,0.08,327.66,0.31,44.19,0.32,206.06,0.79,43.9,0.81,123.18,0.46,43.1,0.47,96.92,0.32,43.67,0.31,180.08,0.41,43.56,0.42,181.73,0.54,43.04,0.53,82.71,0.91,43.79,0.93,288.88,0.18,43.61,0.18,219.51,0.35,43.73,0.34,175.51,-1601,-1500,-1800,43.53333333333334,5.939999999999999,0 days 00:10:00,True,52,-1596.0,-1594.0,-1594.0,-1593.0,-1592.0,-1582.0,TARGET
2026-08-30 07:01:03,26.02,90.7,0.75,43.21,0.74,192.73,0.84,43.84,0.81,180.55,0.08,42.58,0.08,327.66,0.31,43.9,0.32,169.76,0.79,43.37,0.8,156.53,0.46,43.1,0.47,96.92,0.32,43.73,0.33,134.62,0.41,43.9,0.4,167.72,0.54,43.1,0.54,83.32,0.91,44.25,0.94,255.09,0.18,43.67,0.18,179.84,0.35,44.07,0.35,142.78,-1599,-1500,-1800,43.56,5.959999999999999,0 days 00:10:00,True,52,-1601.0,-1596.0,-1594.0,-1594.0,-1593.0,-1592.0,TARGET
2026-08-30 07:11:03,26.44,91.28,0.75,43.73,0.73,165.07,0.84,43.56,0.86,208.99,0.08,42.29,0.08,327.66,0.35,44.25,0.36,140.3,0.79,43.5,0.78,151.76,0.46,42.87,0.47,105.37,0.32,43.79,0.32,132.06,0.41,43.96,0.42,145.39,0.54,42.93,0.52,81.99,0.91,44.19,0.92,250.21,0.18,43.56,0.18,184.15,0.35,43.9,0.35,167.94,-1603,-1500,-1800,43.54416666666666,5.989999999999998,0 days 00:10:00,True,52,-1599.0,-1601.0,-1596.0,-1594.0,-1594.0,-1593.0,TARGET
2026-08-30 07:21:03,26.76,90.03,0.75,43.79,0.73,157.76,0.84,44.02,0.87,174.46,0.08,42.58,0.08,327.66,0.31,44.07,0.32,212.01,0.79,43.5,0.78,145.19,0.46,43.27,0.47,90.86,0.32,44.07,0.33,116.46,0.41,43.79,0.4,206.96,0.54,43.73,0.53,73.75,0.91,44.19,0.89,250.21,0.18,43.67,0.18,189.7,0.35,43.96,0.36,151.5,-1604,-1500,-1800,43.72,5.9399999999999995,0 days 00:10:00,True,52,-1603.0,-1599.0,-1601.0,-1596.0,-1594.0,-1594.0,TARGET
2026-08-30 07:31:03,26.92,90.03,0.75,43.37,0.76,229.58,0.84,44.07,0.87,174.69,0.08,42.35,0.08,327.66,0.31,43.9,0.3,214.15,0.79,43.9,0.8,127.71,0.46,43.61,0.47,83.81,0.32,44.07,0.32,115.5,0.41,43.73,0.42,172.87,0.79,43.67,0.76,327.66,0.91,43.73,0.94,327.66,0.18,43.5,0.18,215.51,0.35,44.19,0.36,141.53,-1601,-1500,-1800,43.67416666666667,6.259999999999999,0 days 00:10:00,True,52,-1604.0,-1603.0,-1599.0,-1601.0,-1596.0,-1594.0,TARGET
2026-08-30 07:41:04,26.55,89.66,0.75,43.61,0.75,179.6,0.84,43.73,0.83,327.66,0.08,41.78,0.08,327.66,0.31,44.19,0.32,194.61,0.79,43.5,0.82,153.66,0.46,43.44,0.45,82.59,0.32,44.12,0.32,111.06,0.41,44.12,0.4,152.09,0.54,43.67,0.55,71.37,0.91,43.79,0.93,248.26,0.18,43.27,0.18,245.01,0.35,44.12,0.35,141.34,-1602,-1500,-1800,43.61166666666667,5.9799999999999995,0 days 00:10:01,True,52,-1601.0,-1604.0,-1603.0,-1599.0,-1601.0,-1596.0,TARGET
2026-08-30 07:51:03,26.82,88.9,0.75,43.27,0.75,204.78,0.84,43.9,0.87,198.87,0.08,42.41,0.08,327.66,0.31,44.36,0.31,190.09,0.79,43.9,0.78,123.18,0.46,42.41,0.47,105.18,0.32,44.02,0.31,110.77,0.41,43.5,0.4,179.37,0.54,43.44,0.52,76.1,0.91,43.67,0.93,322.03,0.18,43.56,0.18,234.09,0.35,44.25,0.36,141.72,-1607,-1500,-1800,43.557500000000005,5.96,0 days 00:09:59,True,52,-1602.0,-1601.0,-1604.0,-1603.0,-1599.0,-1601.0,TARGET
2026-08-30 08:01:03,27.19,88.87,0.75,43.61,0.72,168.65,0.84,43.56,0.85,222.47,0.08,42.46,0.08,327.66,0.31,44.3,0.31,192.69,0.79,43.44,0.81,156.73,0.46,43.04,0.45,103.52,0.32,43.44,0.32,156.53,0.41,44.02,0.41,143.89,0.54,43.1,0.54,82.99,0.91,44.3,0.93,230.0,0.18,43.5,0.18,229.89,0.35,44.12,0.35,153.56,-1607,-1500,-1800,43.57416666666666,5.949999999999999,0 days 00:10:00,True,52,-1607.0,-1602.0,-1601.0,-1604.0,-1603.0,-1599.0,TARGET
2026-08-30 08:11:03,27.51,87.65,0.75,43.33,0.76,211.36,0.84,43.84,0.85,195.81,0.08,42.52,0.08,327.66,0.31,44.02,0.31,208.32,0.79,43.9,0.79,127.71,0.46,43.1,0.45,94.12,0.32,43.73,0.31,132.06,0.41,43.96,0.4,151.5,0.54,43.61,0.52,68.79,0.46,42.93,0.47,93.87,0.32,43.5,0.31,139.14,0.35,43.84,0.34,163.34,-1618,-1500,-1800,43.52333333333334,5.59,0 days 00:10:00,True,52,-1607.0,-1607.0,-1602.0,-1601.0,-1604.0,-1603.0,BELOW
2026-08-30 08:21:03,27.24,86.85,0.75,43.56,0.76,189.2,0.84,43.61,0.84,216.09,0.08,42.18,0.08,327.66,0.31,43.96,0.31,211.2,0.79,43.37,0.81,169.83,0.46,43.5,0.47,84.62,0.32,43.5,0.31,142.2,0.41,44.02,0.41,144.06,0.54,43.67,0.54,73.65,0.91,44.3,0.92,246.46,0.18,43.67,0.18,197.83,0.35,44.12,0.36,153.76,-1621,-1500,-1800,43.62166666666667,5.990000000000001,0 days 00:10:00,True,52,-1618.0,-1607.0,-1607.0,-1602.0,-1601.0,-1604.0,BELOW
2026-08-30 08:31:03,27.67,86.7,0.75,43.67,0.76,206.68,0.84,43.84,0.87,210.92,0.08,42.46,0.08,327.66,0.31,44.12,0.3,208.86,0.79,43.56,0.76,155.17,0.46,43.1,0.47,98.31,0.32,43.5,0.33,153.25,0.41,43.56,0.41,177.07,0.54,43.56,0.53,71.28,0.91,44.12,0.89,250.21,0.18,43.5,0.18,229.89,0.35,44.02,0.34,153.37,-1622,-1500,-1800,43.58416666666667,5.919999999999999,0 days 00:10:00,True,52,-1621.0,-1618.0,-1607.0,-1607.0,-1602.0,-1601.0,BELOW
2026-08-30 10:01:03,29.97,80.14,0.75,43.56,0.78,186.89,0.84,43.73,0.84,189.7,0.08,42.46,0.08,327.66,0.31,43.9,0.32,217.51,0.79,43.33,0.82,167.76,0.46,43.5,0.47,77.92,0.32,43.96,0.33,116.0,0.41,44.19,0.4,159.22,0.54,43.21,0.56,81.44,0.91,43.73,0.91,315.54,0.18,43.1,0.18,310.57,0.35,43.67,0.34,164.85,-1624,-1500,-1800,43.528333333333336,6.029999999999999,0 days 00:09:59,True,52,-1624.0,-1628.0,-1634.0,-1633.0,-1625.0,-1623.0,BELOW
2026-08-30 10:21:03,29.97,75.93,0.75,43.33,0.78,201.76,0.84,44.07,0.86,181.5,0.08,42.41,0.08,327.66,0.31,44.02,0.31,208.32,0.79,43.61,0.8,153.45,0.46,43.44,0.45,83.48,0.32,43.84,0.32,139.2,0.41,43.73,0.42,187.37,0.54,43.44,0.55,75.78,0.91,44.42,0.94,251.51,0.18,43.84,0.18,198.61,0.35,44.25,0.35,138.91,-1641,-1500,-1800,43.70000000000001,6.039999999999999,0 days 00:10:00,True,52,-1636.0,-1624.0,-1624.0,-1628.0,-1634.0,-1633.0,BELOW
2026-08-30 10:31:03,30.29,73.58,0.75,43.73,0.74,180.08,0.84,43.61,0.83,209.54,0.08,42.41,0.08,327.66,0.31,44.65,0.3,164.62,0.79,43.61,0.76,144.25,0.46,43.44,0.46,80.54,0.32,44.02,0.31,109.04,0.41,44.12,0.42,144.25,0.54,43.27,0.52,81.18,0.91,43.84,0.9,323.31,0.18,43.21,0.18,297.87,0.35,43.67,0.36,168.65,-1641,-1500,-1800,43.63166666666666,5.86,0 days 00:10:00,True,52,-1641.0,-1636.0,-1624.0,-1624.0,-1628.0,-1634.0,BELOW
2026-08-30 11:41:03,32.32,70.86,0.75,43.5,0.75,222.47,0.84,43.73,0.81,227.31,0.08,42.64,0.08,327.66,0.31,44.42,0.31,173.87,0.79,43.44,0.77,156.53,0.46,43.15,0.47,97.05,0.32,43.37,0.33,138.77,0.41,43.84,0.4,173.78,0.54,43.61,0.53,73.65,0.91,44.25,0.9,250.54,0.18,43.56,0.18,222.76,0.35,43.79,0.35,171.41,-1636,-1500,-1800,43.60833333333334,5.88,0 days 00:10:00,True,52,-1638.0,-1638.0,-1645.0,-1649.0,-1639.0,-1639.0,BELOW
2026-08-30 12:01:04,33.49,67.17,0.75,43.37,0.72,202.3,0.84,43.9,0.86,204.72,0.08,42.58,0.08,327.66,0.31,44.3,0.31,175.6,0.79,43.84,0.78,144.44,0.46,43.04,0.45,84.13,0.32,43.67,0.32,144.06,0.41,43.61,0.4,184.39,0.54,43.56,0.55,75.87,0.91,44.25,0.91,237.49,0.18,43.73,0.18,203.64,0.35,43.9,0.36,156.41,-1644,-1500,-1800,43.645833333333336,5.92,0 days 00:10:01,True,52,-1651.0,-1636.0,-1638.0,-1638.0,-1645.0,-1649.0,BELOW
2026-08-30 12:11:04,33.6,67.87,0.75,43.73,0.76,163.12,0.84,43.67,0.84,220.1,0.08,42.35,0.08,327.66,0.31,44.48,0.31,165.92,0.79,43.44,0.79,160.17,0.46,43.04,0.46,101.84,0.32,43.56,0.32,156.95,0.41,44.19,0.4,144.64,0.54,43.21,0.56,81.56,0.91,43.96,0.94,316.78,0.18,43.33,0.18,286.22,0.35,44.19,0.34,159.42,-1642,-1500,-1800,43.595833333333324,5.979999999999999,0 days 00:10:00,True,52,-1644.0,-1651.0,-1636.0,-1638.0,-1638.0,-1645.0,BELOW
2026-08-30 12:21:04,34.4,65.67,0.75,43.67,0.74,195.04,0.84,44.02,0.83,162.28,0.08,42.7,0.08,327.66,0.31,44.36,0.3,173.21,0.79,43.79,0.82,137.64,0.46,42.93,0.47,100.07,0.32,43.9,0.32,145.0,0.41,44.25,0.4,141.72,0.54,43.44,0.56,77.37,0.91,44.36,0.89,251.18,0.18,43.67,0.18,213.32,0.35,43.84,0.34,185.37,-1637,-1500,-1800,43.744166666666665,5.929999999999999,0 days 00:10:00,True,52,-1642.0,-1644.0,-1651.0,-1636.0,-1638.0,-1638.0,BELOW
2026-08-30 12:31:03,34.72,63.72,0.75,43.61,0.74,192.33,0.84,43.96,0.83,204.98,0.08,42.58,0.08,327.66,0.31,44.42,0.31,169.69,0.79,43.61,0.79,157.36,0.46,42.98,0.46,100.82,0.32,44.02,0.32,118.28,0.41,43.9,0.42,158.19,0.54,43.73,0.56,73.46,0.91,44.12,0.93,269.1,0.18,43.56,0.18,206.14,0.35,44.02,0.35,139.2,-1638,-1500,-1800,43.70916666666667,5.969999999999999,0 days 00:09:59,True,52,-1637.0,-1642.0,-1644.0,-1651.0,-1636.0,-1638.0,BELOW
2026-08-30 12:41:03,33.65,64.88,0.75,43.33,0.76,202.04,0.84,43.96,0.86,181.26,0.08,42.46,0.08,327.66,0.31,43.96,0.31,208.04,0.79,43.96,0.8,134.03,0.46,43.1,0.47,100.61,0.32,43.67,0.32,147.31,0.41,43.73,0.4,165.07,0.54,43.37,0.53,76.42,0.91,44.25,0.93,255.42,0.18,43.61,0.18,219.51,0.35,43.84,0.36,178.24,-1640,-1500,-1800,43.603333333333346,6.0,0 days 00:10:00,True,52,-1638.0,-1637.0,-1642.0,-1644.0,-1651.0,-1636.0,BELOW
2026-08-30 13:11:04,33.33,66.83,0.75,44.02,0.72,164.2,0.84,43.84,0.87,284.1,0.08,42.52,0.08,327.66,0.31,44.36,0.31,167.46,0.79,43.44,0.8,169.83,0.46,43.27,0.47,90.38,0.32,43.67,0.33,147.5,0.41,43.61,0.4,184.64,0.54,43.61,0.55,73.85,0.91,44.36,0.88,287.07,0.18,43.79,0.18,235.33,0.35,44.25,0.36,157.64,-1637,-1500,-1800,43.72833333333333,5.95,0 days 00:10:01,True,52,-1639.0,-1641.0,-1640.0,-1638.0,-1637.0,-1642.0,BELOW
2026-08-30 13:31:04,34.13,65.82,0.75,43.84,0.77,167.72,0.84,43.73,0.81,213.32,0.08,42.64,0.08,327.66,0.35,43.9,0.35,152.97,0.79,44.02,0.77,122.43,0.46,42.87,0.46,85.49,0.32,43.61,0.31,151.97,0.41,43.9,0.41,151.5,0.54,43.56,0.56,75.36,0.91,44.36,0.91,234.74,0.18,43.79,0.18,187.62,0.35,44.25,0.35,143.16,-1637,-1500,-1800,43.70583333333334,5.96,0 days 00:10:00,True,52,-1639.0,-1637.0,-1639.0,-1641.0,-1640.0,-1638.0,BELOW
2026-08-30 14:01:03,33.97,67.2,0.75,43.79,0.77,175.75,0.84,44.12,0.84,177.12,0.08,42.58,0.08,327.66,0.31,44.12,0.3,189.1,0.79,43.37,0.78,159.95,0.46,42.93,0.45,103.89,0.32,43.9,0.32,120.16,0.41,43.67,0.42,187.12,0.54,43.33,0.56,79.86,0.91,44.07,0.9,291.53,0.18,43.44,0.18,254.75,0.35,44.3,0.36,138.91,-1645,-1500,-1800,43.635,5.96,0 days 00:10:00,True,52,-1642.0,-1639.0,-1637.0,-1639.0,-1637.0,-1639.0,BELOW
2026-08-30 14:11:03,33.28,70.07,0.75,43.67,0.78,187.12,0.84,44.07,0.83,172.76,0.08,42.52,0.08,327.66,0.31,44.36,0.31,161.67,0.79,43.96,0.81,123.35,0.46,43.61,0.46,83.31,0.32,44.19,0.32,123.07,0.41,44.07,0.41,139.75,0.54,43.33,0.55,77.18,0.91,44.07,0.9,268.75,0.18,43.56,0.18,226.12,0.35,43.84,0.34,146.14,-1633,-1500,-1800,43.770833333333336,5.97,0 days 00:10:00,True,52,-1645.0,-1642.0,-1639.0,-1637.0,-1639.0,-1637.0,BELOW
2026-08-30 14:21:04,33.23,68.23,0.75,43.37,0.78,211.64,0.84,43.96,0.85,196.32,0.08,42.12,0.08,327.66,0.31,44.42,0.3,169.91,0.79,43.9,0.76,126.55,0.46,43.61,0.46,85.37,0.32,43.73,0.31,140.06,0.41,43.67,0.42,187.12,0.54,43.61,0.53,67.12,0.91,44.3,0.91,260.15,0.18,43.73,0.18,173.1,0.35,44.12,0.34,142.59,-1641,-1500,-1800,43.71166666666667,5.919999999999999,0 days 00:10:01,True,52,-1633.0,-1645.0,-1642.0,-1639.0,-1637.0,-1639.0,BELOW
2026-08-30 14:31:04,33.33,67.01,0.75,43.5,0.74,162.26,0.84,43.67,0.82,230.79,0.08,42.24,0.08,327.66,0.31,43.9,0.31,232.01,0.79,43.73,0.78,149.09,0.46,42.98,0.47,104.04,0.32,43.5,0.31,156.73,0.41,43.79,0.4,161.44,0.54,43.04,0.56,81.72,0.91,44.42,0.91,238.72,0.18,43.73,0.18,198.09,0.35,44.02,0.35,156.81,-1631,-1500,-1800,43.543333333333344,5.91,0 days 00:10:00,True,52,-1641.0,-1633.0,-1645.0,-1642.0,-1639.0,-1637.0,BELOW
2026-08-30 14:41:04,31.68,70.77,0.75,43.84,0.77,165.5,0.84,44.02,0.85,172.31,0.08,42.35,0.08,327.66,0.35,44.12,0.36,151.89,0.79,43.84,0.8,121.79,0.46,43.5,0.47,80.65,0.32,44.12,0.32,115.64,0.41,43.56,0.41,181.49,0.54,43.04,0.56,83.72,0.91,44.07,0.94,291.15,0.18,43.37,0.18,264.54,0.35,44.02,0.36,148.48,-1643,-1500,-1800,43.65416666666667,6.099999999999999,0 days 00:10:00,True,52,-1631.0,-1641.0,-1633.0,-1645.0,-1642.0,-1639.0,BELOW
2026-08-30 15:01:03,31.94,71.16,0.75,43.84,0.73,159.8,0.84,43.73,0.86,203.9,0.08,42.41,0.08,327.66,0.31,44.3,0.32,180.1,0.79,43.73,0.81,134.8,0.46,43.5,0.45,84.62,0.32,43.5,0.33,153.25,0.41,43.9,0.41,214.15,0.54,43.56,0.55,67.93,0.91,44.19,0.91,245.82,0.18,43.61,0.18,189.45,0.35,44.3,0.35,148.06,-1646,-1500,-1800,43.714166666666664,5.9799999999999995,0 days 00:09:59,True,52,-1642.0,-1643.0,-1631.0,-1641.0,-1633.0,-1645.0,BELOW
2026-08-30 15:31:04,31.41,75.25,0.75,44.02,0.74,176.67,0.84,44.12,0.87,184.12,0.08,42.41,0.08,327.66,0.31,44.25,0.3,184.6,0.79,43.79,0.81,126.21,0.46,43.44,0.45,79.51,0.32,44.02,0.32,118.28,0.41,43.96,0.4,153.17,0.54,43.5,0.52,73.07,0.91,43.84,0.88,283.72,0.18,43.21,0.18,258.53,0.35,43.96,0.34,125.41,-1638,-1500,-1800,43.70999999999999,5.89,0 days 00:10:01,True,52,-1638.0,-1636.0,-1646.0,-1642.0,-1643.0,-1631.0,BELOW
2026-08-30 15:41:04,30.4,78.98,0.75,43.67,0.74,184.64,0.84,44.07,0.87,166.37,0.08,42.24,0.08,327.66,0.31,43.96,0.31,208.04,0.79,43.44,0.77,151.56,0.46,43.37,0.45,82.87,0.32,43.96,0.32,112.41,0.41,43.9,0.42,160.0,0.54,43.21,0.54,83.15,0.91,44.12,0.94,259.13,0.18,43.5,0.18,191.57,0.35,43.67,0.36,164.85,-1641,-1500,-1800,43.592499999999994,5.9799999999999995,0 days 00:10:00,True,52,-1638.0,-1638.0,-1636.0,-1646.0,-1642.0,-1643.0,BELOW
2026-08-30 16:11:03,27.99,85.63,0.75,43.73,0.78,161.23,0.84,43.67,0.87,203.37,0.08,42.35,0.08,327.66,0.31,43.96,0.32,214.44,0.79,43.56,0.8,139.31,0.46,43.33,0.45,88.06,0.32,43.9,0.32,116.0,0.41,43.9,0.4,145.0,0.79,43.67,0.8,142.75,0.91,44.25,0.9,246.46,0.18,43.56,0.18,194.78,0.35,44.07,0.34,142.59,-1641,-1500,-1800,43.6625,6.239999999999999,0 days 00:09:59,True,52,-1644.0,-1649.0,-1641.0,-1638.0,-1638.0,-1636.0,BELOW
